# Blender 4.3.2
# www.blender.org
mtllib eskleo-chamber-01.mtl
o Cube.002
v 0.904384 1.938077 -2.810263
v 0.904384 0.129308 -2.810263
v 1.000000 0.033693 3.217724
v -0.904384 1.938077 -2.810263
v -0.904384 0.129308 -2.810263
v -1.000000 0.033693 3.217724
v -0.961419 0.072274 -2.323916
v -0.961339 0.072354 -1.790127
v -0.904221 0.129471 -1.303967
v -0.833588 0.200105 -0.900004
v -1.000000 0.063834 -0.113672
v -1.000000 0.509011 0.441561
v -1.000000 0.628041 0.996794
v -1.000000 0.628041 1.552026
v -1.000000 0.509011 2.107259
v -1.000000 0.063834 2.662492
v 0.762730 0.101467 -2.833433
v 0.610330 0.074603 -2.855789
v 0.446737 0.050872 -2.875538
v 0.272950 0.032877 -2.890514
v 0.091872 0.023102 -2.898649
v -0.091872 0.023102 -2.898649
v -0.272950 0.032877 -2.890514
v -0.446737 0.050872 -2.875538
v -0.610330 0.074603 -2.855789
v -0.762730 0.101467 -2.833433
v 0.932226 1.796423 -2.833432
v 0.959090 1.644022 -2.855789
v 0.982821 1.480430 -2.875538
v 1.000816 1.306643 -2.890514
v 1.010591 1.125565 -2.898649
v 1.010591 0.941821 -2.898649
v 1.000816 0.760743 -2.890514
v 0.982821 0.586956 -2.875538
v 0.959090 0.423363 -2.855789
v 0.932226 0.270962 -2.833433
v -1.000000 0.215511 3.217724
v -1.000000 0.397329 3.217724
v -1.000000 0.579147 3.217724
v -1.000000 0.760966 3.217724
v -1.000000 0.942784 3.217724
v -1.000000 1.124602 3.217724
v 1.000000 1.124602 3.217724
v 1.000000 0.942784 3.217724
v 1.000000 0.760966 3.217724
v 1.000000 0.579147 3.217724
v 1.000000 0.397329 3.217724
v 1.000000 0.215511 3.217724
v -0.932226 1.796423 -2.833432
v -0.959090 1.644022 -2.855789
v -0.982821 1.480430 -2.875538
v -1.000816 1.306643 -2.890514
v -1.010591 1.125565 -2.898649
v -1.010591 0.941821 -2.898649
v -1.000816 0.760743 -2.890514
v -0.982821 0.586956 -2.875538
v -0.959090 0.423363 -2.855789
v -0.932226 0.270962 -2.833433
v 0.961419 1.995112 -2.323916
v 0.961339 1.995032 -1.790127
v 0.904221 1.937914 -1.303967
v 0.833588 1.867281 -0.900005
v 1.000000 2.033693 -0.113672
v 1.000000 2.033693 0.441561
v 1.000000 2.033693 0.996794
v 1.000000 2.033693 1.552026
v -0.818182 0.033693 3.217724
v -0.636364 0.033693 3.217724
v -0.454545 0.033693 3.217724
v -0.272727 0.033693 3.217724
v -0.090909 0.033693 3.217724
v 0.090909 0.033693 3.217724
v 0.272727 0.033693 3.217724
v 0.454545 0.033693 3.217724
v 0.636364 0.033693 3.217724
v 0.818182 0.033693 3.217724
v -1.000000 2.033693 1.552026
v -1.000000 2.033693 0.996794
v -1.000000 2.033693 0.441561
v -1.000000 2.033693 -0.113672
v -0.833588 1.867281 -0.900005
v -0.904221 1.937914 -1.303967
v -0.961339 1.995032 -1.790128
v -0.961419 1.995112 -2.323916
v -0.762730 1.965919 -2.833432
v -0.610330 1.992782 -2.855789
v -0.446737 2.016513 -2.875538
v -0.272950 2.034509 -2.890514
v -0.091872 2.044283 -2.898648
v 0.091872 2.044283 -2.898648
v 0.272950 2.034509 -2.890514
v 0.446737 2.016513 -2.875538
v 0.610330 1.992782 -2.855789
v 0.762730 1.965919 -2.833432
v 1.000000 0.063834 2.662492
v 1.000000 0.509010 2.107259
v 1.000000 0.628041 1.552026
v 1.000000 0.628041 0.996794
v 1.000000 0.509011 0.441561
v 1.000000 0.063834 -0.113672
v 0.833588 0.200105 -0.900004
v 0.904222 0.129471 -1.303967
v 0.961339 0.072354 -1.790127
v 0.961419 0.072274 -2.323916
v -0.790865 0.242828 -2.862050
v -0.636883 0.214843 -2.890514
v -0.469074 0.189360 -2.916435
v -0.288061 0.169511 -2.936624
v -0.097241 0.158526 -2.947797
v 0.097241 0.158526 -2.947797
v 0.288061 0.169511 -2.936624
v 0.469074 0.189360 -2.916435
v 0.636883 0.214843 -2.890514
v 0.790865 0.242828 -2.862050
v -0.818849 0.396810 -2.890514
v -0.664168 0.369525 -2.926196
v -0.492765 0.343822 -2.959810
v -0.304510 0.323170 -2.986817
v -0.103173 0.311481 -3.002103
v 0.103173 0.311481 -3.002103
v 0.304510 0.323170 -2.986817
v 0.492765 0.343822 -2.959810
v 0.664168 0.369525 -2.926196
v 0.818849 0.396810 -2.890514
v -0.844333 0.564619 -2.916435
v -0.689871 0.540928 -2.959810
v -0.515865 0.517827 -3.002103
v -0.321029 0.498645 -3.037223
v -0.109235 0.487518 -3.057596
v 0.109235 0.487518 -3.057596
v 0.321029 0.498645 -3.037223
v 0.515865 0.517827 -3.002103
v 0.689871 0.540928 -2.959810
v 0.844333 0.564619 -2.916435
v -0.864182 0.745632 -2.936623
v -0.710523 0.729183 -2.986817
v -0.535048 0.712664 -3.037223
v -0.335154 0.698539 -3.080327
v -0.114512 0.690156 -3.105906
v 0.114512 0.690156 -3.105906
v 0.335154 0.698539 -3.080327
v 0.535048 0.712664 -3.037223
v 0.710523 0.729183 -2.986817
v 0.864182 0.745632 -2.936623
v -0.875167 0.936452 -2.947797
v -0.722212 0.930520 -3.002103
v -0.546175 0.924458 -3.057596
v -0.343537 0.919181 -3.105906
v -0.117689 0.916004 -3.134984
v 0.117689 0.916004 -3.134984
v 0.343537 0.919181 -3.105906
v 0.546175 0.924458 -3.057596
v 0.722212 0.930520 -3.002103
v 0.875167 0.936452 -2.947797
v -0.875167 1.130934 -2.947797
v -0.722212 1.136866 -3.002103
v -0.546175 1.142928 -3.057596
v -0.343537 1.148205 -3.105906
v -0.117689 1.151382 -3.134984
v 0.117689 1.151382 -3.134984
v 0.343537 1.148205 -3.105906
v 0.546175 1.142928 -3.057596
v 0.722212 1.136866 -3.002103
v 0.875167 1.130934 -2.947797
v -0.864182 1.321753 -2.936623
v -0.710523 1.338203 -2.986817
v -0.535048 1.354721 -3.037223
v -0.335154 1.368847 -3.080326
v -0.114512 1.377230 -3.105906
v 0.114512 1.377230 -3.105906
v 0.335154 1.368847 -3.080326
v 0.535048 1.354721 -3.037223
v 0.710523 1.338203 -2.986817
v 0.864182 1.321753 -2.936623
v -0.844333 1.502767 -2.916434
v -0.689871 1.526458 -2.959809
v -0.515865 1.549558 -3.002103
v -0.321028 1.568740 -3.037223
v -0.109235 1.579868 -3.057596
v 0.109235 1.579868 -3.057596
v 0.321029 1.568740 -3.037223
v 0.515865 1.549558 -3.002103
v 0.689871 1.526458 -2.959809
v 0.844333 1.502767 -2.916434
v -0.818849 1.670576 -2.890514
v -0.664167 1.697860 -2.926196
v -0.492765 1.723564 -2.959809
v -0.304510 1.744215 -2.986817
v -0.103173 1.755904 -3.002103
v 0.103173 1.755904 -3.002103
v 0.304510 1.744215 -2.986817
v 0.492765 1.723564 -2.959809
v 0.664167 1.697860 -2.926196
v 0.818849 1.670576 -2.890514
v -0.790865 1.824558 -2.862050
v -0.636883 1.852542 -2.890514
v -0.469074 1.878026 -2.916434
v -0.288060 1.897874 -2.936623
v -0.097241 1.908859 -2.947797
v 0.097241 1.908859 -2.947797
v 0.288060 1.897874 -2.936623
v 0.469074 1.878026 -2.916434
v 0.636883 1.852542 -2.890514
v 0.790865 1.824558 -2.862050
v 1.003833 0.212375 -2.335664
v 1.003729 0.212460 -1.778332
v 0.932028 0.271125 -1.280791
v 0.848888 0.339148 -0.878757
v 1.000000 0.237534 -0.113672
v 1.000000 0.648891 0.441561
v 1.000000 0.768053 0.996794
v 1.000000 0.768053 1.552026
v 1.000000 0.648891 2.107259
v 1.000000 0.237534 2.662492
v 1.047546 0.367073 -2.347771
v 1.047413 0.367157 -1.766177
v 0.958853 0.423514 -1.258433
v 0.862733 0.484681 -0.859530
v 1.000000 0.402768 -0.113672
v 1.000000 0.720505 0.441561
v 1.000000 0.817634 0.996794
v 1.000000 0.817634 1.552026
v 1.000000 0.720505 2.107259
v 1.000000 0.402767 2.662492
v 1.088857 0.538758 -2.359213
v 1.088691 0.538833 -1.754691
v 0.982546 0.587081 -1.238685
v 0.874247 0.636308 -0.843540
v 1.000000 0.579147 -0.113672
v 1.000000 0.761642 0.441561
v 1.000000 0.832942 0.996794
v 1.000000 0.832942 1.552026
v 1.000000 0.761642 2.107259
v 1.122147 0.727653 -2.368434
v 1.121953 0.727706 -1.745435
v 1.000510 0.760827 -1.223712
v 0.882549 0.792997 -0.832011
v 1.000000 0.760966 -0.113672
v 1.000000 0.819195 0.441561
v 1.000000 0.860376 0.996794
v 1.000000 0.860376 1.552026
v 1.000000 0.819195 2.107259
v 1.141031 0.929963 -2.373664
v 1.140819 0.929982 -1.740186
v 1.010266 0.941850 -1.215580
v 0.886909 0.953065 -0.825956
v 1.000000 0.942784 -0.113672
v 1.000000 0.943047 0.441561
v 1.000000 0.948174 0.996794
v 1.000000 0.948174 1.552026
v 1.000000 0.943047 2.107259
v 1.141031 1.137423 -2.373664
v 1.140819 1.137404 -1.740186
v 1.010266 1.125535 -1.215580
v 0.886909 1.114321 -0.825956
v 1.000000 1.124602 -0.113672
v 1.000000 1.124602 0.441561
v 1.000000 1.124602 0.996794
v 1.000000 1.124602 1.552026
v 1.000000 1.124602 2.107259
v 1.122147 1.339733 -2.368434
v 1.121953 1.339680 -1.745435
v 1.000509 1.306559 -1.223712
v 0.882549 1.274388 -0.832011
v 1.000000 1.306420 -0.113672
v 1.000000 1.306420 0.441561
v 1.000000 1.306420 0.996794
v 1.000000 1.306420 1.552026
v 1.000000 1.306420 2.107259
v 1.088856 1.528628 -2.359213
v 1.088691 1.528553 -1.754691
v 0.982546 1.480304 -1.238685
v 0.874247 1.431078 -0.843540
v 1.000000 1.488238 -0.113672
v 1.000000 1.488238 0.441561
v 1.000000 1.488238 0.996794
v 0.867876 1.500250 1.552026
v 1.000000 1.488238 2.107259
v 1.047546 1.700313 -2.347771
v 1.047413 1.700228 -1.766177
v 0.958853 1.643872 -1.258433
v 0.862733 1.582705 -0.859530
v 1.000000 1.670056 -0.113672
v 1.000000 1.670056 0.441561
v 1.000000 1.670056 0.996794
v 0.867877 1.658045 1.552026
v 1.000000 1.670056 2.107259
v 1.003833 1.855011 -2.335664
v 1.003729 1.854925 -1.778332
v 0.932027 1.796261 -1.280792
v 0.848888 1.728237 -0.878757
v 1.000000 1.851875 -0.113672
v 1.000000 1.851875 0.441561
v 1.000000 1.851875 0.996794
v 1.000000 1.851875 1.552026
v -0.821318 0.029860 -2.335664
v -0.821233 0.029964 -1.778332
v -0.762568 0.101665 -1.280791
v -0.694545 0.184805 -0.878757
v -0.818182 0.084121 -0.113672
v -0.818182 0.602369 0.441561
v -0.818182 0.918622 0.996794
v -0.818182 0.918622 1.552026
v -0.818182 0.602369 2.107259
v -0.818182 0.084121 2.662492
v -0.666620 -0.013853 -2.347771
v -0.666535 -0.013720 -1.766177
v -0.610179 0.074840 -1.258433
v -0.549012 0.170960 -0.859530
v -0.636364 0.084121 -0.113672
v -0.636364 0.602369 0.441561
v -0.636364 1.038972 0.996794
v -0.636364 1.038972 1.552026
v -0.636364 0.602369 2.107259
v -0.636364 0.084121 2.662492
v -0.494935 -0.055164 -2.359213
v -0.494860 -0.054999 -1.754691
v -0.446612 0.051147 -1.238685
v -0.397385 0.159445 -0.843540
v -0.454545 0.063834 -0.113672
v -0.454545 0.509011 0.441561
v -0.454545 0.769250 0.996794
v -0.454545 0.769250 1.552026
v -0.454545 0.509011 2.107259
v -0.454545 0.063834 2.662492
v -0.306040 -0.088454 -2.368434
v -0.305987 -0.088260 -1.745435
v -0.272866 0.033183 -1.223712
v -0.240695 0.151143 -0.832011
v -0.272727 0.039131 -0.113672
v -0.272727 0.356869 0.441561
v -0.272727 0.440576 0.996794
v -0.272727 0.440576 1.552026
v -0.272727 0.356869 2.107259
v -0.272727 0.039131 2.662492
v -0.103730 -0.107338 -2.373664
v -0.103711 -0.107126 -1.740186
v -0.091842 0.023427 -1.215580
v -0.080628 0.146784 -0.825956
v -0.090909 0.033693 -0.113672
v -0.090909 0.193612 0.441561
v -0.090909 0.248975 0.996794
v -0.090909 0.248975 1.552026
v -0.090909 0.193612 2.107259
v -0.090909 0.033693 2.662492
v 0.103730 -0.107338 -2.373664
v 0.103711 -0.107126 -1.740186
v 0.091842 0.023427 -1.215580
v 0.080628 0.146784 -0.825956
v 0.090909 0.033693 -0.113672
v 0.090909 0.193612 0.441561
v 0.090909 0.248975 0.996794
v 0.090909 0.248975 1.552026
v 0.090909 0.193612 2.107259
v 0.090909 0.033693 2.662492
v 0.306040 -0.088454 -2.368434
v 0.305987 -0.088260 -1.745435
v 0.272866 0.033183 -1.223712
v 0.240695 0.151143 -0.832011
v 0.272727 0.039131 -0.113672
v 0.272727 0.356869 0.441561
v 0.272727 0.440576 0.996794
v 0.272727 0.440576 1.552026
v 0.272727 0.356869 2.107259
v 0.272727 0.039131 2.662492
v 0.494935 -0.055164 -2.359213
v 0.494860 -0.054999 -1.754691
v 0.446612 0.051147 -1.238685
v 0.397385 0.159445 -0.843540
v 0.454545 0.063834 -0.113672
v 0.454545 0.509011 0.441561
v 0.454545 0.769250 0.996794
v 0.454545 0.769250 1.552026
v 0.454545 0.509011 2.107259
v 0.454545 0.063834 2.662492
v 0.666620 -0.013853 -2.347771
v 0.666535 -0.013720 -1.766177
v 0.610179 0.074840 -1.258433
v 0.549012 0.170960 -0.859530
v 0.636364 0.084121 -0.113672
v 0.636364 0.602369 0.441561
v 0.636364 1.038972 0.996794
v 0.636364 1.038972 1.552026
v 0.636364 0.602369 2.107259
v 0.636364 0.084121 2.662492
v 0.821318 0.029860 -2.335664
v 0.821233 0.029964 -1.778332
v 0.762568 0.101665 -1.280791
v 0.694545 0.184805 -0.878757
v 0.818182 0.084121 -0.113672
v 0.818182 0.602369 0.441561
v 0.818182 0.918622 0.996794
v 0.818182 0.918622 1.552026
v 0.818182 0.602369 2.107259
v 0.818182 0.084121 2.662492
v -1.000000 0.237534 2.662492
v -1.000000 0.648891 2.107259
v -1.000000 0.768053 1.552026
v -1.000000 0.768053 0.996794
v -1.000000 0.648891 0.441561
v -1.000000 0.237534 -0.113672
v -0.848888 0.339148 -0.878757
v -0.932028 0.271125 -1.280791
v -1.003729 0.212460 -1.778332
v -1.003833 0.212375 -2.335664
v -1.000000 0.402767 2.662492
v -1.000000 0.720505 2.107259
v -1.000000 0.817634 1.552026
v -1.000000 0.817634 0.996794
v -1.000000 0.720505 0.441561
v -1.000000 0.402767 -0.113672
v -0.862733 0.484681 -0.859530
v -0.958853 0.423514 -1.258433
v -1.047413 0.367157 -1.766177
v -1.047546 0.367073 -2.347771
v -1.000000 0.761641 2.107259
v -1.000000 0.832942 1.552026
v -1.000000 0.832942 0.996794
v -1.000000 0.761641 0.441561
v -1.000000 0.579147 -0.113672
v -0.874247 0.636308 -0.843540
v -0.982546 0.587081 -1.238685
v -1.088691 0.538833 -1.754691
v -1.088857 0.538758 -2.359213
v -1.000000 0.819195 2.107259
v -1.000000 0.860376 1.552026
v -1.000000 0.860376 0.996794
v -1.000000 0.819195 0.441561
v -1.000000 0.760966 -0.113672
v -0.882549 0.792997 -0.832011
v -1.000510 0.760827 -1.223712
v -1.121953 0.727706 -1.745435
v -1.122147 0.727653 -2.368434
v -1.000000 0.943047 2.107259
v -1.000000 0.948174 1.552026
v -1.000000 0.948174 0.996794
v -1.000000 0.943047 0.441561
v -1.000000 0.942784 -0.113672
v -0.886909 0.953065 -0.825956
v -1.010266 0.941850 -1.215580
v -1.140819 0.929982 -1.740186
v -1.141031 0.929963 -2.373664
v -1.000000 1.124602 2.107259
v -1.000000 1.124602 1.552026
v -1.000000 1.124602 0.996794
v -1.000000 1.124602 0.441561
v -1.000000 1.124602 -0.113672
v -0.886909 1.114321 -0.825956
v -1.010266 1.125535 -1.215580
v -1.140819 1.137404 -1.740186
v -1.141031 1.137423 -2.373664
v -1.000000 1.306420 2.107259
v -1.000000 1.306420 1.552026
v -1.000000 1.306420 0.996794
v -1.000000 1.306420 0.441561
v -1.000000 1.306420 -0.113672
v -0.882549 1.274388 -0.832011
v -1.000509 1.306559 -1.223712
v -1.121953 1.339680 -1.745435
v -1.122147 1.339733 -2.368434
v -1.000000 1.488238 2.107259
v -0.867876 1.500250 1.552026
v -1.000000 1.488238 0.996794
v -1.000000 1.488238 0.441561
v -1.000000 1.488238 -0.113672
v -0.874247 1.431078 -0.843540
v -0.982546 1.480304 -1.238685
v -1.088691 1.528553 -1.754691
v -1.088856 1.528628 -2.359213
v -1.000000 1.670056 2.107259
v -0.867877 1.658045 1.552026
v -1.000000 1.670056 0.996794
v -1.000000 1.670056 0.441561
v -1.000000 1.670056 -0.113672
v -0.862733 1.582705 -0.859530
v -0.958853 1.643872 -1.258433
v -1.047413 1.700228 -1.766177
v -1.047546 1.700313 -2.347771
v -1.000000 1.851875 1.552026
v -1.000000 1.851875 0.996794
v -1.000000 1.851875 0.441561
v -1.000000 1.851875 -0.113672
v -0.848888 1.728237 -0.878757
v -0.932027 1.796261 -1.280792
v -1.003729 1.854926 -1.778332
v -1.003833 1.855011 -2.335664
v 0.818182 0.215511 3.217724
v 0.636364 0.215511 3.217724
v 0.454545 0.215511 3.217724
v 0.272727 0.215511 3.217724
v 0.090909 0.215511 3.239705
v -0.090909 0.215511 3.239705
v -0.272727 0.215511 3.217724
v -0.454545 0.215511 3.217724
v -0.636364 0.215511 3.217724
v -0.818182 0.215511 3.217724
v 0.818182 0.397329 3.217724
v 0.636364 0.397329 3.217724
v 0.454545 0.397329 3.217724
v 0.272727 0.397329 3.347136
v 0.090909 0.397329 3.561367
v -0.090909 0.397329 3.561367
v -0.272727 0.397329 3.347136
v -0.454545 0.397329 3.217724
v -0.636364 0.397329 3.217724
v -0.818182 0.397329 3.217724
v 0.818182 0.579147 3.217724
v 0.636364 0.579147 3.217724
v 0.454545 0.579147 3.239705
v 0.272727 0.579147 3.561367
v 0.090909 0.579147 3.924218
v -0.090909 0.579147 3.924218
v -0.272727 0.579147 3.561367
v -0.454545 0.579147 3.239705
v -0.636364 0.579147 3.217724
v -0.818182 0.579147 3.217724
v 0.818182 0.760966 3.217724
v 0.636364 0.760966 3.217724
v 0.454545 0.760966 3.239705
v 0.272727 0.760966 3.561367
v 0.090909 0.760966 3.924218
v -0.090909 0.760966 3.924218
v -0.272727 0.760966 3.561367
v -0.454545 0.760966 3.239705
v -0.636364 0.760966 3.217724
v -0.818182 0.760966 3.217724
v 0.818182 0.942784 3.217724
v 0.636364 0.942784 3.217724
v 0.454545 0.942784 3.217724
v 0.272727 0.942784 3.347136
v 0.090909 0.942784 3.561367
v -0.090909 0.942784 3.561367
v -0.272727 0.942784 3.347136
v -0.454545 0.942784 3.217724
v -0.636364 0.942784 3.217724
v -0.818182 0.942784 3.217724
v 0.818182 1.124602 3.217724
v 0.636364 1.124602 3.217724
v 0.454545 1.124602 3.217724
v 0.272727 1.124602 3.217724
v 0.090909 1.124602 3.239705
v -0.090909 1.124602 3.239705
v -0.272727 1.124602 3.217724
v -0.454545 1.124602 3.217724
v -0.636364 1.124602 3.217724
v -0.818182 1.124602 3.217724
v 0.272727 1.306420 3.217724
v 0.090909 1.306420 3.217724
v -0.090909 1.306420 3.217724
v -0.272727 1.306420 3.217724
v 0.272727 1.488238 3.217724
v 0.090909 1.488238 3.217724
v -0.090909 1.488238 3.217724
v -0.272727 1.488238 3.217724
v 0.090909 1.670056 3.217724
v -0.090909 1.670056 3.217724
v 0.090909 1.851875 3.217724
v -0.090909 1.851875 3.217724
v 0.821318 2.037526 -2.335664
v 0.821233 2.037422 -1.778332
v 0.762568 1.965720 -1.280792
v 0.694544 1.882581 -0.878757
v 0.818182 2.033693 -0.113672
v 0.818182 2.033693 0.441561
v 0.666620 2.081239 -2.347771
v 0.666535 2.081105 -1.766177
v 0.610179 1.992545 -1.258433
v 0.549012 1.896426 -0.859530
v 0.636364 2.033693 -0.113672
v 0.636364 2.026963 0.441561
v 0.494935 2.122549 -2.359213
v 0.494860 2.122384 -1.754691
v 0.446612 2.016238 -1.238685
v 0.397385 1.907940 -0.843540
v 0.454545 2.033693 -0.113672
v 0.454545 1.974861 0.441561
v 0.454545 1.974861 0.996794
v 0.306040 2.155840 -2.368434
v 0.305987 2.155645 -1.745435
v 0.272866 2.034202 -1.223712
v 0.240695 1.916242 -0.832011
v 0.272727 2.033693 -0.113672
v 0.272727 1.943547 0.441561
v 0.272727 1.943547 0.996794
v 0.272727 1.448665 1.552026
v 0.103730 2.174724 -2.373664
v 0.103711 2.174511 -1.740186
v 0.091842 2.043959 -1.215580
v 0.080628 1.920602 -0.825956
v 0.090909 2.033693 -0.113672
v 0.090909 1.943547 0.441561
v 0.090909 1.943547 0.996794
v 0.090909 1.448665 1.552026
v 0.090909 1.434866 2.107259
v -0.103730 2.174724 -2.373664
v -0.103711 2.174511 -1.740186
v -0.091842 2.043959 -1.215580
v -0.080628 1.920602 -0.825956
v -0.090909 2.033693 -0.113672
v -0.090909 1.943547 0.441561
v -0.090909 1.943547 0.996794
v -0.090909 1.448665 1.552026
v -0.090909 1.434866 2.107259
v -0.306040 2.155840 -2.368434
v -0.305987 2.155645 -1.745435
v -0.272866 2.034202 -1.223712
v -0.240695 1.916242 -0.832011
v -0.272727 2.033693 -0.113672
v -0.272727 1.943547 0.441561
v -0.272727 1.943547 0.996794
v -0.272727 1.448665 1.552026
v -0.494935 2.122549 -2.359213
v -0.494860 2.122384 -1.754691
v -0.446612 2.016238 -1.238685
v -0.397385 1.907940 -0.843540
v -0.454545 2.033693 -0.113672
v -0.454545 1.974861 0.441561
v -0.454545 1.974861 0.996794
v -0.666620 2.081239 -2.347771
v -0.666535 2.081105 -1.766177
v -0.610179 1.992545 -1.258433
v -0.549012 1.896426 -0.859530
v -0.636364 2.033693 -0.113672
v -0.636364 2.026963 0.441561
v -0.821318 2.037526 -2.335664
v -0.821233 2.037422 -1.778332
v -0.762568 1.965720 -1.280792
v -0.694544 1.882581 -0.878757
v -0.818182 2.033693 -0.113672
v -0.818182 2.033693 0.441561
v -1.000000 0.033693 2.940108
v -0.834834 0.115375 -2.821858
v 0.918318 0.198858 -2.821858
v 1.000000 0.124602 3.217724
v -0.918318 0.198858 -2.821858
v 0.909091 0.033693 3.217724
v -0.937374 1.971067 -2.577487
v 0.834834 1.952011 -2.821858
v 0.937374 0.096319 -2.577487
v -0.937374 0.096319 -2.577487
v -0.970317 0.063376 -2.057005
v -0.937237 0.096456 -1.536641
v -0.868345 0.165348 -1.092803
v -0.801881 0.231812 -0.721422
v -1.000000 0.266822 0.163945
v -1.000000 0.619260 0.719177
v -1.000000 0.628041 1.274410
v -1.000000 0.619260 1.829643
v -1.000000 0.266822 2.384875
v 0.834834 0.115375 -2.821858
v 0.687927 0.087793 -2.844813
v 0.529911 0.062189 -2.866120
v 0.360983 0.040990 -2.883762
v 0.183065 0.026833 -2.895543
v -0.000000 0.021840 -2.899699
v -0.183065 0.026833 -2.895543
v -0.360983 0.040990 -2.883762
v -0.529911 0.062189 -2.866120
v -0.687927 0.087793 -2.844813
v 0.918318 1.868527 -2.821858
v 0.945900 1.721620 -2.844812
v 0.971504 1.563604 -2.866120
v 0.992702 1.394675 -2.883762
v 1.006859 1.216758 -2.895543
v 1.011853 1.033693 -2.899699
v 1.006859 0.850627 -2.895543
v 0.992703 0.672710 -2.883762
v 0.971504 0.503782 -2.866120
v 0.945900 0.345765 -2.844813
v -1.000000 0.124602 3.217724
v -1.000000 0.306420 3.217724
v -1.000000 0.488238 3.217724
v -1.000000 0.670056 3.217724
v -1.000000 0.851875 3.217724
v -1.000000 1.033693 3.217724
v -1.000000 1.215511 3.217724
v 1.000000 1.215511 3.217724
v 1.000000 1.033693 3.217724
v 1.000000 0.851875 3.217724
v 1.000000 0.670056 3.217724
v 1.000000 0.488238 3.217724
v 1.000000 0.306420 3.217724
v -0.918318 1.868527 -2.821858
v -0.945900 1.721620 -2.844812
v -0.971504 1.563604 -2.866120
v -0.992702 1.394675 -2.883762
v -1.006859 1.216758 -2.895543
v -1.011853 1.033693 -2.899699
v -1.006859 0.850627 -2.895543
v -0.992703 0.672710 -2.883762
v -0.971504 0.503782 -2.866120
v -0.945900 0.345765 -2.844813
v 0.937374 1.971067 -2.577487
v 0.970317 2.004010 -2.057005
v 0.937237 1.970930 -1.536642
v 0.868345 1.902038 -1.092803
v 0.801881 1.835573 -0.721422
v 1.000000 2.033693 0.163945
v 1.000000 2.033693 0.719177
v 1.000000 2.033693 1.274410
v -0.909091 0.033693 3.217724
v -0.727273 0.033693 3.217724
v -0.545455 0.033693 3.217724
v -0.363636 0.033693 3.217724
v -0.181818 0.033693 3.217724
v 0.000000 0.033693 3.217724
v 0.181818 0.033693 3.217724
v 0.363636 0.033693 3.217724
v 0.545455 0.033693 3.217724
v 0.727273 0.033693 3.217724
v -1.000000 2.033693 1.274410
v -1.000000 2.033693 0.719177
v -1.000000 2.033693 0.163944
v -0.801881 1.835573 -0.721422
v -0.868345 1.902038 -1.092804
v -0.937237 1.970930 -1.536642
v -0.970317 2.004010 -2.057005
v -0.834834 1.952011 -2.821858
v -0.687927 1.979593 -2.844812
v -0.529911 2.005197 -2.866120
v -0.360983 2.026395 -2.883762
v -0.183065 2.040552 -2.895543
v 0.000000 2.045545 -2.899698
v 0.183065 2.040552 -2.895543
v 0.360983 2.026395 -2.883762
v 0.529911 2.005197 -2.866120
v 0.687927 1.979593 -2.844812
v 1.000000 0.033693 2.940108
v 1.000000 0.266821 2.384875
v 1.000000 0.619260 1.829643
v 1.000000 0.628041 1.274410
v 1.000000 0.619260 0.719177
v 1.000000 0.266821 0.163944
v 0.801881 0.231812 -0.721422
v 0.868345 0.165348 -1.092803
v 0.937237 0.096456 -1.536642
v 0.970317 0.063376 -2.057005
v 0.863007 0.256987 -2.847648
v -0.863007 0.256987 -2.847648
v -0.715556 0.228692 -2.876428
v -0.554724 0.201607 -2.903978
v -0.380077 0.178519 -2.927461
v -0.193546 0.162737 -2.943514
v 0.000000 0.157097 -2.949251
v 0.193546 0.162737 -2.943514
v 0.380077 0.178519 -2.927461
v 0.554724 0.201607 -2.903978
v 0.715556 0.228692 -2.876428
v 0.890595 0.410276 -2.872904
v -0.890595 0.410276 -2.872904
v -0.743485 0.383143 -2.908386
v -0.580637 0.356283 -2.943514
v -0.400616 0.332615 -2.974466
v -0.205059 0.315985 -2.996214
v 0.000000 0.309946 -3.004111
v 0.205060 0.315985 -2.996214
v 0.400616 0.332615 -2.974466
v 0.580637 0.356283 -2.943514
v 0.743485 0.383143 -2.908386
v 0.915327 0.576029 -2.895543
v -0.915327 0.576029 -2.895543
v -0.769345 0.552852 -2.937977
v -0.605478 0.529128 -2.981414
v -0.420962 0.507491 -3.021028
v -0.216746 0.491829 -3.049703
v 0.000000 0.486041 -3.060300
v 0.216746 0.491829 -3.049703
v 0.420962 0.507491 -3.021028
v 0.605478 0.529128 -2.981414
v 0.769345 0.552852 -2.937977
v 0.934322 0.753396 -2.912932
v -0.934322 0.753396 -2.912932
v -0.789793 0.737521 -2.961375
v -0.625769 0.720808 -3.012372
v -0.438122 0.705102 -3.060300
v -0.226848 0.693421 -3.095942
v 0.000000 0.689033 -3.109334
v 0.226848 0.693421 -3.095942
v 0.438122 0.705102 -3.060300
v 0.625769 0.720808 -3.012372
v 0.789793 0.737521 -2.961375
v 0.944731 0.939220 -2.922461
v -0.944731 0.939220 -2.922461
v -0.801232 0.933539 -2.974466
v -0.637395 0.927460 -3.030110
v -0.448196 0.921644 -3.083356
v -0.232895 0.917246 -3.123620
v 0.000000 0.915576 -3.138905
v 0.232895 0.917246 -3.123620
v 0.448196 0.921644 -3.083356
v 0.637395 0.927460 -3.030110
v 0.801232 0.933539 -2.974466
v 0.944731 1.128166 -2.922461
v -0.944731 1.128166 -2.922461
v -0.801232 1.133847 -2.974466
v -0.637395 1.139925 -3.030110
v -0.448196 1.145742 -3.083356
v -0.232895 1.150140 -3.123620
v 0.000000 1.151810 -3.138905
v 0.232895 1.150140 -3.123620
v 0.448196 1.145742 -3.083356
v 0.637395 1.139925 -3.030110
v 0.801232 1.133847 -2.974466
v 0.934321 1.313989 -2.912931
v -0.934321 1.313989 -2.912931
v -0.789792 1.329865 -2.961375
v -0.625769 1.346577 -3.012372
v -0.438121 1.362284 -3.060299
v -0.226848 1.373965 -3.095942
v 0.000000 1.378353 -3.109334
v 0.226848 1.373965 -3.095942
v 0.438122 1.362284 -3.060299
v 0.625769 1.346577 -3.012372
v 0.789792 1.329865 -2.961375
v 0.915327 1.491356 -2.895543
v -0.915327 1.491356 -2.895543
v -0.769345 1.514533 -2.937977
v -0.605478 1.538258 -2.981414
v -0.420961 1.559895 -3.021027
v -0.216745 1.575557 -3.049702
v 0.000000 1.581345 -3.060299
v 0.216746 1.575557 -3.049702
v 0.420961 1.559895 -3.021027
v 0.605478 1.538258 -2.981414
v 0.769345 1.514533 -2.937977
v 0.890595 1.657109 -2.872903
v -0.890595 1.657109 -2.872903
v -0.743485 1.684242 -2.908386
v -0.580637 1.711103 -2.943514
v -0.400616 1.734771 -2.974465
v -0.205059 1.751401 -2.996213
v 0.000000 1.757439 -3.004110
v 0.205059 1.751401 -2.996213
v 0.400616 1.734771 -2.974465
v 0.580637 1.711103 -2.943514
v 0.743485 1.684242 -2.908386
v 0.863007 1.810399 -2.847648
v -0.863007 1.810399 -2.847648
v -0.715556 1.838693 -2.876428
v -0.554724 1.865779 -2.903977
v -0.380077 1.888867 -2.927461
v -0.193546 1.904649 -2.943513
v 0.000000 1.910289 -2.949250
v 0.193546 1.904649 -2.943513
v 0.380077 1.888867 -2.927461
v 0.554724 1.865779 -2.903977
v 0.715556 1.838693 -2.876428
v -0.776706 0.170686 -2.847648
v -0.623417 0.143097 -2.872904
v -0.457663 0.118366 -2.895543
v -0.280296 0.099371 -2.912932
v -0.094473 0.088961 -2.922461
v 0.094473 0.088961 -2.922461
v 0.280296 0.099371 -2.912932
v 0.457663 0.118366 -2.895543
v 0.623417 0.143097 -2.872904
v 0.776706 0.170686 -2.847648
v -0.805001 0.318136 -2.876428
v -0.650549 0.290208 -2.908386
v -0.480841 0.264348 -2.937978
v -0.296172 0.243900 -2.961376
v -0.100154 0.232461 -2.974466
v 0.100154 0.232461 -2.974466
v 0.296172 0.243900 -2.961376
v 0.480841 0.264348 -2.937978
v 0.650549 0.290208 -2.908386
v 0.805001 0.318136 -2.876428
v -0.832086 0.478969 -2.903978
v -0.677410 0.453056 -2.943514
v -0.504565 0.428215 -2.981414
v -0.312885 0.407924 -3.012372
v -0.106232 0.396298 -3.030110
v 0.106233 0.396298 -3.030110
v 0.312885 0.407924 -3.012372
v 0.504565 0.428215 -2.981414
v 0.677410 0.453056 -2.943514
v 0.832086 0.478969 -2.903978
v -0.855174 0.653616 -2.927461
v -0.701078 0.633077 -2.974466
v -0.526202 0.612731 -3.021028
v -0.328591 0.595571 -3.060300
v -0.112049 0.585497 -3.083356
v 0.112049 0.585497 -3.083356
v 0.328591 0.595571 -3.060300
v 0.526202 0.612731 -3.021028
v 0.701078 0.633077 -2.974466
v 0.855174 0.653616 -2.927461
v -0.870956 0.840147 -2.943514
v -0.717708 0.828633 -2.996214
v -0.541864 0.816947 -3.049703
v -0.340272 0.806845 -3.095942
v -0.116447 0.800798 -3.123620
v 0.116447 0.800798 -3.123620
v 0.340272 0.806845 -3.095942
v 0.541864 0.816947 -3.049703
v 0.717708 0.828633 -2.996214
v 0.870956 0.840147 -2.943514
v -0.876596 1.033693 -2.949250
v -0.723746 1.033693 -3.004110
v -0.547652 1.033693 -3.060300
v -0.344660 1.033693 -3.109334
v -0.118117 1.033693 -3.138905
v 0.118117 1.033693 -3.138905
v 0.344660 1.033693 -3.109334
v 0.547652 1.033693 -3.060300
v 0.723746 1.033693 -3.004110
v 0.876596 1.033693 -2.949250
v -0.870956 1.227239 -2.943514
v -0.717708 1.238752 -2.996213
v -0.541864 1.250438 -3.049703
v -0.340272 1.260541 -3.095942
v -0.116447 1.266588 -3.123620
v 0.116447 1.266588 -3.123620
v 0.340272 1.260541 -3.095942
v 0.541864 1.250438 -3.049703
v 0.717708 1.238752 -2.996213
v 0.870956 1.227239 -2.943514
v -0.855174 1.413770 -2.927461
v -0.701078 1.434309 -2.974465
v -0.526202 1.454654 -3.021028
v -0.328591 1.471815 -3.060300
v -0.112049 1.481889 -3.083356
v 0.112049 1.481889 -3.083356
v 0.328591 1.471815 -3.060300
v 0.526202 1.454654 -3.021028
v 0.701078 1.434309 -2.974465
v 0.855174 1.413770 -2.927461
v -0.832086 1.588417 -2.903978
v -0.677410 1.614330 -2.943514
v -0.504565 1.639171 -2.981414
v -0.312884 1.659462 -3.012372
v -0.106232 1.671088 -3.030109
v 0.106232 1.671088 -3.030109
v 0.312884 1.659462 -3.012372
v 0.504565 1.639171 -2.981414
v 0.677410 1.614330 -2.943514
v 0.832086 1.588417 -2.903978
v -0.805001 1.749249 -2.876428
v -0.650549 1.777178 -2.908386
v -0.480840 1.803038 -2.937977
v -0.296172 1.823485 -2.961375
v -0.100154 1.834925 -2.974465
v 0.100154 1.834925 -2.974465
v 0.296172 1.823485 -2.961375
v 0.480840 1.803038 -2.937977
v 0.650549 1.777178 -2.908386
v 0.805001 1.749249 -2.876428
v -0.776706 1.896699 -2.847648
v -0.623417 1.924288 -2.872904
v -0.457663 1.949019 -2.895543
v -0.280296 1.968014 -2.912931
v -0.094473 1.978424 -2.922461
v 0.094473 1.978424 -2.922461
v 0.280296 1.968014 -2.912931
v 0.457663 1.949019 -2.895543
v 0.623417 1.924288 -2.872904
v 0.776706 1.896699 -2.847648
v 1.000000 0.215511 2.940108
v 0.973086 0.237531 -2.597292
v 1.015437 0.202881 -2.056976
v 0.972914 0.237673 -1.516810
v 0.889130 0.306223 -1.069709
v 0.813155 0.368384 -0.702634
v 1.000000 0.422480 0.163945
v 1.000000 0.751426 0.719177
v 1.000000 0.768053 1.274410
v 1.000000 0.751426 1.829643
v 1.000000 0.422480 2.384875
v 1.000000 0.397329 2.940108
v 1.008820 0.391716 -2.617110
v 1.062483 0.357567 -2.056946
v 1.008606 0.391853 -1.496969
v 0.908498 0.455558 -1.048189
v 0.823122 0.509888 -0.686026
v 1.000000 0.536483 0.163945
v 1.000000 0.804212 0.719177
v 1.000000 0.817634 1.274410
v 1.000000 0.804212 1.829643
v 1.000000 0.579147 2.940108
v 1.041561 0.560256 -2.635268
v 1.107505 0.530282 -2.056917
v 1.041304 0.560373 -1.478794
v 0.925045 0.613218 -1.029803
v 0.831240 0.655856 -0.672500
v 1.000000 0.637450 0.163945
v 1.000000 0.821199 0.719177
v 1.000000 0.832942 1.274410
v 1.000000 0.821199 1.829643
v 1.067203 0.742637 -2.649489
v 1.144219 0.721633 -2.056893
v 1.066908 0.742718 -1.464561
v 0.937243 0.778081 -1.016250
v 0.836997 0.805421 -0.662907
v 1.000000 0.765229 0.163945
v 1.000000 0.852151 0.719177
v 1.000000 0.860376 1.274410
v 1.000000 0.852151 1.829643
v 1.081451 0.935379 -2.657390
v 1.165230 0.927763 -2.056880
v 1.081133 0.935408 -1.456654
v 0.943742 0.947898 -1.009029
v 0.839988 0.957330 -0.657923
v 1.000000 0.942784 0.163945
v 1.000000 0.948159 0.719177
v 1.000000 0.948174 1.274410
v 1.000000 0.948159 1.829643
v 1.081450 1.132007 -2.657390
v 1.165230 1.139623 -2.056880
v 1.081133 1.131978 -1.456654
v 0.943742 1.119488 -1.009029
v 0.839988 1.110055 -0.657923
v 1.000000 1.124602 0.163945
v 1.000000 1.124602 0.719177
v 1.000000 1.124602 1.274410
v 1.000000 1.124602 1.829643
v 1.067203 1.324748 -2.649489
v 1.144219 1.345753 -2.056893
v 1.066908 1.324668 -1.464561
v 0.937243 1.289304 -1.016251
v 0.836997 1.261965 -0.662907
v 1.000000 1.306420 0.163945
v 1.000000 1.306420 0.719177
v 1.000000 1.306420 1.274410
v 1.000000 1.306420 1.829643
v 1.041561 1.507130 -2.635268
v 1.107504 1.537104 -2.056917
v 1.041304 1.507013 -1.478794
v 0.925045 1.454168 -1.029803
v 0.831240 1.411529 -0.672500
v 1.000000 1.488238 0.163945
v 1.000000 1.488238 0.719177
v 0.867876 1.500250 1.311090
v 0.867876 1.500250 1.792963
v 1.008820 1.675669 -2.617110
v 1.062483 1.709818 -2.056946
v 1.008606 1.675533 -1.496969
v 0.908498 1.611828 -1.048189
v 0.823122 1.557498 -0.686027
v 1.000000 1.670056 0.163945
v 1.000000 1.670056 0.719177
v 0.867877 1.658045 1.311089
v 0.867877 1.658045 1.792963
v 0.973086 1.829854 -2.597292
v 1.015437 1.864505 -2.056976
v 0.972913 1.829713 -1.516810
v 0.889130 1.761162 -1.069709
v 0.813155 1.699002 -0.702634
v 1.000000 1.851875 0.163945
v 1.000000 1.851875 0.719177
v 1.000000 1.851875 1.274410
v 1.000000 1.851875 1.829643
v 0.982309 0.140685 -2.329702
v 0.982217 0.140768 -1.784318
v 0.918138 0.199022 -1.292368
v 0.841369 0.268812 -0.889199
v 1.000000 0.152589 -0.113672
v 1.000000 0.589164 0.441561
v 1.000000 0.713321 0.996794
v 1.000000 0.713321 1.552026
v 1.000000 0.589164 2.107259
v 1.000000 0.152589 2.662492
v 1.025711 0.287721 -2.341723
v 1.025593 0.287807 -1.772248
v 0.945683 0.345924 -1.269410
v 0.856045 0.411114 -0.868817
v 1.000000 0.320138 -0.113672
v 1.000000 0.691204 0.441561
v 1.000000 0.800244 0.996794
v 1.000000 0.800244 1.552026
v 1.000000 0.691204 2.107259
v 1.000000 0.320138 2.662492
v 1.068813 0.450704 -2.353662
v 1.068664 0.450785 -1.760263
v 0.971247 0.503922 -1.248102
v 0.868838 0.559781 -0.851052
v 1.000000 0.488586 -0.113672
v 1.000000 0.742063 0.441561
v 1.000000 0.826596 0.996794
v 1.000000 0.826596 1.552026
v 1.000000 0.742063 2.107259
v 1.106911 0.631180 -2.364214
v 1.106730 0.631245 -1.749671
v 0.992411 0.672816 -1.230463
v 0.878851 0.714110 -0.837146
v 1.000000 0.670056 -0.113672
v 1.000000 0.785285 0.441561
v 1.000000 0.842343 0.996794
v 1.000000 0.842343 1.552026
v 1.000000 0.785285 2.107259
v 1.133752 0.827556 -2.371648
v 1.133547 0.827594 -1.742209
v 1.006542 0.850685 -1.218684
v 0.885257 0.872737 -0.828250
v 1.000000 0.851875 -0.113672
v 1.000000 0.869666 0.441561
v 1.000000 0.892801 0.996794
v 1.000000 0.892801 1.552026
v 1.000000 0.869666 2.107259
v 1.143513 1.033693 -2.374352
v 1.143298 1.033693 -1.739496
v 1.011526 1.033693 -1.214530
v 0.887465 1.033693 -0.825185
v 1.000000 1.033693 -0.113672
v 1.000000 1.033693 0.441561
v 1.000000 1.033693 0.996794
v 1.000000 1.033693 1.552026
v 1.000000 1.033693 2.107259
v 1.133752 1.239830 -2.371648
v 1.133547 1.239792 -1.742209
v 1.006542 1.216700 -1.218684
v 0.885257 1.194649 -0.828250
v 1.000000 1.215511 -0.113672
v 1.000000 1.215511 0.441561
v 1.000000 1.215511 0.996794
v 1.000000 1.215511 1.552026
v 1.000000 1.215511 2.107259
v 1.106911 1.436206 -2.364214
v 1.106730 1.436140 -1.749671
v 0.992410 1.394569 -1.230463
v 0.878851 1.353275 -0.837147
v 1.000000 1.397329 -0.113672
v 1.000000 1.397329 0.441561
v 1.000000 1.397329 0.996794
v 1.000000 1.397329 1.552026
v 1.000000 1.397329 2.107259
v 1.068813 1.616682 -2.353662
v 1.068664 1.616600 -1.760263
v 0.971247 1.563464 -1.248102
v 0.868838 1.507604 -0.851052
v 1.000000 1.579147 -0.113672
v 1.000000 1.579147 0.441561
v 1.000000 1.579147 0.996794
v 0.682673 1.579147 1.552026
v 1.000000 1.579147 2.107259
v 1.025711 1.779664 -2.341723
v 1.025593 1.779578 -1.772248
v 0.945683 1.721462 -1.269410
v 0.856045 1.656271 -0.868817
v 1.000000 1.760966 -0.113672
v 1.000000 1.760966 0.441561
v 1.000000 1.760966 0.996794
v 1.000000 1.760966 1.552026
v 1.000000 1.760966 2.107259
v 0.982308 1.926700 -2.329702
v 0.982217 1.926617 -1.784318
v 0.918138 1.868363 -1.292368
v 0.841368 1.798573 -0.889199
v 1.000000 1.942784 -0.113672
v 1.000000 1.942784 0.441561
v 1.000000 1.942784 0.996794
v 1.000000 1.942784 1.552026
v -0.818182 0.033693 2.940108
v -0.796161 0.060607 -2.597292
v -0.830812 0.018256 -2.056976
v -0.796020 0.060779 -1.516810
v -0.727470 0.144563 -1.069709
v -0.665309 0.220537 -0.702634
v -0.818182 0.324927 0.163945
v -0.818182 0.770442 0.719177
v -0.818182 0.918622 1.274410
v -0.818182 0.770442 1.829643
v -0.818182 0.324927 2.384875
v -0.636364 0.033693 2.940108
v -0.641977 0.024872 -2.617110
v -0.676126 -0.028790 -2.056946
v -0.641840 0.025087 -1.496969
v -0.578135 0.125195 -1.048189
v -0.523805 0.210571 -0.686026
v -0.636364 0.324927 0.163945
v -0.636364 0.817551 0.719177
v -0.636364 1.038972 1.274410
v -0.636364 0.817550 1.829643
v -0.636364 0.324927 2.384875
v -0.454545 0.033693 2.940108
v -0.473437 -0.007869 -2.635268
v -0.503411 -0.073812 -2.056917
v -0.473320 -0.007611 -1.478794
v -0.420475 0.108647 -1.029803
v -0.377836 0.202453 -0.672499
v -0.454545 0.266822 0.163945
v -0.454545 0.643415 0.719177
v -0.454545 0.769250 1.274410
v -0.454545 0.643415 1.829643
v -0.454545 0.266822 2.384875
v -0.272727 0.033693 2.940108
v -0.291056 -0.033511 -2.649489
v -0.312060 -0.110527 -2.056893
v -0.290975 -0.033215 -1.464561
v -0.255612 0.096450 -1.016250
v -0.228272 0.196696 -0.662907
v -0.272727 0.172846 0.163945
v -0.272727 0.440576 0.719177
v -0.272727 0.440576 1.274410
v -0.272727 0.440576 1.829643
v -0.272727 0.172846 2.384875
v -0.090909 0.033693 2.940108
v -0.098314 -0.047758 -2.657391
v -0.105930 -0.131537 -2.056880
v -0.098285 -0.047440 -1.456654
v -0.085795 0.089951 -1.009029
v -0.076363 0.193705 -0.657923
v -0.090909 0.080250 0.163945
v -0.090909 0.248975 0.719177
v -0.090909 0.248975 1.274410
v -0.090909 0.248975 1.829643
v -0.090909 0.080250 2.384875
v 0.090909 0.033693 2.940108
v 0.098314 -0.047758 -2.657391
v 0.105930 -0.131537 -2.056880
v 0.098285 -0.047440 -1.456654
v 0.085795 0.089951 -1.009029
v 0.076362 0.193705 -0.657923
v 0.090909 0.080250 0.163945
v 0.090909 0.248975 0.719177
v 0.090909 0.248975 1.274410
v 0.090909 0.248975 1.829643
v 0.090909 0.080250 2.384875
v 0.272727 0.033693 2.940108
v 0.291055 -0.033511 -2.649489
v 0.312060 -0.110527 -2.056893
v 0.290975 -0.033215 -1.464561
v 0.255612 0.096450 -1.016250
v 0.228272 0.196696 -0.662907
v 0.272727 0.172846 0.163945
v 0.272727 0.440576 0.719177
v 0.272727 0.440576 1.274410
v 0.272727 0.440576 1.829643
v 0.272727 0.172846 2.384875
v 0.454545 0.033693 2.940108
v 0.473437 -0.007869 -2.635268
v 0.503411 -0.073812 -2.056917
v 0.473320 -0.007611 -1.478794
v 0.420475 0.108647 -1.029803
v 0.377836 0.202453 -0.672499
v 0.454545 0.266822 0.163945
v 0.454545 0.643415 0.719177
v 0.454545 0.769250 1.274410
v 0.454545 0.643415 1.829643
v 0.454545 0.266822 2.384875
v 0.636364 0.033693 2.940108
v 0.641977 0.024872 -2.617110
v 0.676126 -0.028790 -2.056946
v 0.641840 0.025087 -1.496969
v 0.578135 0.125195 -1.048189
v 0.523805 0.210571 -0.686026
v 0.636364 0.324927 0.163945
v 0.636364 0.817551 0.719177
v 0.636364 1.038972 1.274410
v 0.636364 0.817550 1.829643
v 0.636364 0.324927 2.384875
v 0.818182 0.033693 2.940108
v 0.796161 0.060607 -2.597292
v 0.830812 0.018256 -2.056976
v 0.796020 0.060779 -1.516810
v 0.727470 0.144563 -1.069709
v 0.665309 0.220537 -0.702634
v 0.818182 0.324927 0.163945
v 0.818182 0.770442 0.719177
v 0.818182 0.918622 1.274410
v 0.818182 0.770442 1.829643
v 0.818182 0.324927 2.384875
v -0.893008 0.051384 -2.329702
v -0.892925 0.051476 -1.784318
v -0.834671 0.115555 -1.292368
v -0.764881 0.192324 -0.889199
v -0.909091 0.075870 -0.113672
v -0.909091 0.565732 0.441561
v -0.909091 0.772860 0.996794
v -0.909091 0.772860 1.552026
v -0.909091 0.565732 2.107259
v -0.909091 0.075870 2.662492
v -0.745972 0.007982 -2.341724
v -0.745886 0.008100 -1.772248
v -0.687769 0.088010 -1.269410
v -0.622578 0.177647 -0.868817
v -0.727273 0.087045 -0.113672
v -0.727273 0.615069 0.441561
v -0.727273 1.018436 0.996794
v -0.727273 1.018436 1.552026
v -0.727273 0.615069 2.107259
v -0.727273 0.087045 2.662492
v -0.582989 -0.035120 -2.353662
v -0.582908 -0.034971 -1.760263
v -0.529771 0.062445 -1.248102
v -0.473912 0.164855 -0.851052
v -0.545455 0.075870 -0.113672
v -0.545455 0.565732 0.441561
v -0.545455 0.948875 0.996794
v -0.545455 0.948875 1.552026
v -0.545455 0.565732 2.107259
v -0.545455 0.075870 2.662492
v -0.402513 -0.073218 -2.364214
v -0.402448 -0.073038 -1.749671
v -0.360877 0.041282 -1.230463
v -0.319582 0.154842 -0.837147
v -0.363636 0.050490 -0.113672
v -0.363636 0.437430 0.441561
v -0.363636 0.567874 0.996794
v -0.363636 0.567874 1.552026
v -0.363636 0.437430 2.107259
v -0.363636 0.050490 2.662492
v -0.206137 -0.100059 -2.371648
v -0.206099 -0.099854 -1.742209
v -0.183008 0.027151 -1.218684
v -0.160956 0.148436 -0.828250
v -0.181818 0.033735 -0.113672
v -0.181818 0.273495 0.441561
v -0.181818 0.343161 0.996794
v -0.181818 0.343161 1.552026
v -0.181818 0.273495 2.107259
v -0.181818 0.033735 2.662492
v -0.000000 -0.109820 -2.374352
v -0.000000 -0.109606 -1.739496
v -0.000000 0.022167 -1.214530
v -0.000000 0.146228 -0.825185
v 0.000000 0.033693 -0.113672
v 0.000000 0.123592 0.441561
v 0.000000 0.164477 0.996794
v 0.000000 0.164477 1.552026
v 0.000000 0.123592 2.107259
v 0.000000 0.033693 2.662492
v 0.206137 -0.100059 -2.371648
v 0.206099 -0.099854 -1.742209
v 0.183008 0.027151 -1.218684
v 0.160956 0.148436 -0.828250
v 0.181818 0.033735 -0.113672
v 0.181818 0.273495 0.441561
v 0.181818 0.343161 0.996794
v 0.181818 0.343161 1.552026
v 0.181818 0.273495 2.107259
v 0.181818 0.033735 2.662492
v 0.402513 -0.073218 -2.364214
v 0.402447 -0.073038 -1.749671
v 0.360877 0.041282 -1.230463
v 0.319582 0.154842 -0.837147
v 0.363636 0.050490 -0.113672
v 0.363636 0.437430 0.441561
v 0.363636 0.567874 0.996794
v 0.363636 0.567874 1.552026
v 0.363636 0.437430 2.107259
v 0.363636 0.050490 2.662492
v 0.582989 -0.035120 -2.353662
v 0.582908 -0.034971 -1.760263
v 0.529771 0.062445 -1.248102
v 0.473912 0.164855 -0.851052
v 0.545455 0.075870 -0.113672
v 0.545455 0.565732 0.441561
v 0.545455 0.948874 0.996794
v 0.545455 0.948874 1.552026
v 0.545455 0.565732 2.107259
v 0.545455 0.075870 2.662492
v 0.745972 0.007982 -2.341724
v 0.745886 0.008100 -1.772248
v 0.687769 0.088010 -1.269410
v 0.622578 0.177647 -0.868817
v 0.727273 0.087045 -0.113672
v 0.727273 0.615069 0.441561
v 0.727273 1.018436 0.996794
v 0.727273 1.018436 1.552026
v 0.727273 0.615069 2.107259
v 0.727273 0.087045 2.662492
v 0.893008 0.051384 -2.329702
v 0.892925 0.051476 -1.784318
v 0.834671 0.115555 -1.292368
v 0.764881 0.192324 -0.889199
v 0.909091 0.075870 -0.113672
v 0.909091 0.565732 0.441561
v 0.909091 0.772860 0.996794
v 0.909091 0.772860 1.552026
v 0.909091 0.565732 2.107259
v 0.909091 0.075870 2.662492
v -0.973086 0.237531 -2.597292
v -1.000000 0.215511 2.940108
v -1.000000 0.422480 2.384875
v -1.000000 0.751426 1.829643
v -1.000000 0.768053 1.274410
v -1.000000 0.751426 0.719177
v -1.000000 0.422480 0.163944
v -0.813155 0.368384 -0.702634
v -0.889130 0.306223 -1.069710
v -0.972914 0.237673 -1.516810
v -1.015437 0.202881 -2.056976
v -1.008820 0.391716 -2.617110
v -1.000000 0.397329 2.940108
v -1.000000 0.804212 1.829643
v -1.000000 0.817634 1.274410
v -1.000000 0.804212 0.719177
v -1.000000 0.536483 0.163944
v -0.823122 0.509888 -0.686026
v -0.908498 0.455558 -1.048189
v -1.008606 0.391852 -1.496969
v -1.062483 0.357567 -2.056946
v -1.041561 0.560256 -2.635268
v -1.000000 0.579147 2.940108
v -1.000000 0.821199 1.829643
v -1.000000 0.832942 1.274410
v -1.000000 0.821199 0.719177
v -1.000000 0.637450 0.163944
v -0.831240 0.655856 -0.672500
v -0.925045 0.613218 -1.029803
v -1.041304 0.560373 -1.478794
v -1.107505 0.530282 -2.056917
v -1.067203 0.742637 -2.649489
v -1.000000 0.852151 1.829643
v -1.000000 0.860376 1.274410
v -1.000000 0.852151 0.719177
v -1.000000 0.765229 0.163944
v -0.836997 0.805421 -0.662907
v -0.937243 0.778081 -1.016251
v -1.066908 0.742718 -1.464561
v -1.144219 0.721633 -2.056894
v -1.081451 0.935379 -2.657390
v -1.000000 0.948159 1.829643
v -1.000000 0.948174 1.274410
v -1.000000 0.948159 0.719177
v -1.000000 0.942784 0.163944
v -0.839988 0.957330 -0.657923
v -0.943742 0.947898 -1.009029
v -1.081133 0.935408 -1.456654
v -1.165230 0.927763 -2.056880
v -1.081450 1.132007 -2.657390
v -1.000000 1.124602 1.829643
v -1.000000 1.124602 1.274410
v -1.000000 1.124602 0.719177
v -1.000000 1.124602 0.163944
v -0.839988 1.110055 -0.657923
v -0.943742 1.119488 -1.009029
v -1.081133 1.131978 -1.456654
v -1.165230 1.139623 -2.056880
v -1.067203 1.324748 -2.649489
v -1.000000 1.306420 1.829643
v -1.000000 1.306420 1.274410
v -1.000000 1.306420 0.719177
v -1.000000 1.306420 0.163944
v -0.836997 1.261965 -0.662907
v -0.937243 1.289304 -1.016251
v -1.066908 1.324668 -1.464561
v -1.144219 1.345753 -2.056894
v -1.041561 1.507130 -2.635268
v -0.867876 1.500250 1.792963
v -0.867876 1.500250 1.311090
v -1.000000 1.488238 0.719177
v -1.000000 1.488238 0.163944
v -0.831240 1.411529 -0.672500
v -0.925045 1.454168 -1.029803
v -1.041304 1.507013 -1.478794
v -1.107504 1.537104 -2.056917
v -1.008820 1.675669 -2.617110
v -0.867877 1.658045 1.792963
v -0.867877 1.658045 1.311090
v -1.000000 1.670056 0.719177
v -1.000000 1.670056 0.163944
v -0.823122 1.557498 -0.686027
v -0.908498 1.611828 -1.048190
v -1.008606 1.675533 -1.496969
v -1.062483 1.709818 -2.056946
v -0.973086 1.829854 -2.597292
v -1.000000 1.851875 1.829643
v -1.000000 1.851875 1.274410
v -1.000000 1.851875 0.719177
v -1.000000 1.851875 0.163944
v -0.813155 1.699002 -0.702634
v -0.889130 1.761163 -1.069710
v -0.972913 1.829713 -1.516810
v -1.015437 1.864505 -2.056976
v -1.000000 0.152589 2.662492
v -1.000000 0.589164 2.107259
v -1.000000 0.713321 1.552026
v -1.000000 0.713321 0.996794
v -1.000000 0.589164 0.441561
v -1.000000 0.152589 -0.113672
v -0.841369 0.268812 -0.889199
v -0.918138 0.199022 -1.292368
v -0.982217 0.140768 -1.784318
v -0.982309 0.140685 -2.329702
v -1.000000 0.320138 2.662492
v -1.000000 0.691204 2.107259
v -1.000000 0.800244 1.552026
v -1.000000 0.800244 0.996794
v -1.000000 0.691204 0.441561
v -1.000000 0.320138 -0.113672
v -0.856045 0.411114 -0.868817
v -0.945683 0.345923 -1.269410
v -1.025593 0.287807 -1.772248
v -1.025711 0.287721 -2.341724
v -1.000000 0.742063 2.107259
v -1.000000 0.826596 1.552026
v -1.000000 0.826596 0.996794
v -1.000000 0.742063 0.441561
v -1.000000 0.488586 -0.113672
v -0.868838 0.559781 -0.851052
v -0.971247 0.503922 -1.248102
v -1.068664 0.450785 -1.760263
v -1.068813 0.450704 -2.353662
v -1.000000 0.785285 2.107259
v -1.000000 0.842343 1.552026
v -1.000000 0.842343 0.996794
v -1.000000 0.785285 0.441561
v -1.000000 0.670056 -0.113672
v -0.878851 0.714110 -0.837147
v -0.992411 0.672816 -1.230463
v -1.106731 0.631245 -1.749671
v -1.106911 0.631180 -2.364214
v -1.000000 0.869666 2.107259
v -1.000000 0.892801 1.552026
v -1.000000 0.892801 0.996794
v -1.000000 0.869666 0.441561
v -1.000000 0.851875 -0.113672
v -0.885257 0.872737 -0.828250
v -1.006542 0.850685 -1.218684
v -1.133547 0.827594 -1.742209
v -1.133752 0.827556 -2.371648
v -1.000000 1.033693 2.107259
v -1.000000 1.033693 1.552026
v -1.000000 1.033693 0.996794
v -1.000000 1.033693 0.441561
v -1.000000 1.033693 -0.113672
v -0.887465 1.033693 -0.825185
v -1.011526 1.033693 -1.214530
v -1.143298 1.033693 -1.739496
v -1.143513 1.033693 -2.374352
v -1.000000 1.215511 2.107259
v -1.000000 1.215511 1.552026
v -1.000000 1.215511 0.996794
v -1.000000 1.215511 0.441561
v -1.000000 1.215511 -0.113672
v -0.885257 1.194649 -0.828250
v -1.006542 1.216700 -1.218685
v -1.133547 1.239792 -1.742209
v -1.133752 1.239830 -2.371648
v -1.000000 1.397329 2.107259
v -1.000000 1.397329 1.552026
v -1.000000 1.397329 0.996794
v -1.000000 1.397329 0.441561
v -1.000000 1.397329 -0.113672
v -0.878851 1.353275 -0.837147
v -0.992410 1.394569 -1.230463
v -1.106730 1.436140 -1.749671
v -1.106911 1.436206 -2.364214
v -1.000000 1.579147 2.107259
v -0.682673 1.579147 1.552026
v -1.000000 1.579147 0.996794
v -1.000000 1.579147 0.441561
v -1.000000 1.579147 -0.113672
v -0.868838 1.507604 -0.851052
v -0.971247 1.563464 -1.248102
v -1.068664 1.616600 -1.760264
v -1.068813 1.616682 -2.353662
v -1.000000 1.760966 2.107259
v -1.000000 1.760966 1.552026
v -1.000000 1.760966 0.996794
v -1.000000 1.760966 0.441561
v -1.000000 1.760966 -0.113672
v -0.856045 1.656271 -0.868818
v -0.945683 1.721462 -1.269410
v -1.025593 1.779579 -1.772248
v -1.025711 1.779664 -2.341723
v -1.000000 1.942784 1.552026
v -1.000000 1.942784 0.996794
v -1.000000 1.942784 0.441561
v -1.000000 1.942784 -0.113672
v -0.841369 1.798573 -0.889199
v -0.918138 1.868363 -1.292368
v -0.982217 1.926617 -1.784318
v -0.982308 1.926700 -2.329702
v -0.909091 0.215511 3.217724
v 0.909091 0.215511 3.217724
v 0.727273 0.215511 3.217724
v 0.545455 0.215511 3.217724
v 0.363636 0.215511 3.217724
v 0.181818 0.215511 3.222877
v -0.000000 0.215511 3.248022
v -0.181818 0.215511 3.222877
v -0.363636 0.215511 3.217724
v -0.545455 0.215511 3.217724
v -0.727273 0.215511 3.217724
v -0.909091 0.397329 3.217724
v 0.909091 0.397329 3.217724
v 0.727273 0.397329 3.217724
v 0.545455 0.397329 3.217724
v 0.363636 0.397329 3.248022
v 0.181818 0.397329 3.466776
v -0.000000 0.397329 3.597187
v -0.181818 0.397329 3.466776
v -0.363636 0.397329 3.248022
v -0.545455 0.397329 3.217724
v -0.727273 0.397329 3.217724
v -0.909091 0.579147 3.217724
v 0.909091 0.579147 3.217724
v 0.727273 0.579147 3.217724
v 0.545455 0.579147 3.217724
v 0.363636 0.579147 3.367563
v 0.181818 0.579147 3.765359
v -0.000000 0.579147 3.986075
v -0.181818 0.579147 3.765359
v -0.363636 0.579147 3.367563
v -0.545455 0.579147 3.217724
v -0.727273 0.579147 3.217724
v -0.909091 0.760966 3.217724
v 0.909091 0.760966 3.217724
v 0.727273 0.760966 3.217724
v 0.545455 0.760966 3.217724
v 0.363636 0.760966 3.367563
v 0.181818 0.760966 3.765359
v -0.000000 0.760966 3.986075
v -0.181818 0.760966 3.765359
v -0.363636 0.760966 3.367563
v -0.545455 0.760966 3.217724
v -0.727273 0.760966 3.217724
v -0.909091 0.942784 3.217724
v 0.909091 0.942784 3.217724
v 0.727273 0.942784 3.217724
v 0.545455 0.942784 3.217724
v 0.363636 0.942784 3.248022
v 0.181818 0.942784 3.466776
v -0.000000 0.942784 3.597187
v -0.181818 0.942784 3.466776
v -0.363636 0.942784 3.248022
v -0.545455 0.942784 3.217724
v -0.727273 0.942784 3.217724
v -0.909091 1.124602 3.217724
v 0.909091 1.124602 3.217724
v 0.727273 1.124602 3.217724
v 0.545455 1.124602 3.217724
v 0.363636 1.124602 3.217724
v 0.181818 1.124602 3.222877
v -0.000000 1.124602 3.248022
v -0.181818 1.124602 3.222877
v -0.363636 1.124602 3.217724
v -0.545455 1.124602 3.217724
v -0.727273 1.124602 3.217724
v 0.363636 1.306420 3.217724
v 0.181818 1.306420 3.217724
v -0.000000 1.306420 3.217724
v -0.181818 1.306420 3.217724
v -0.363636 1.306420 3.217724
v 0.181818 1.488238 3.217724
v -0.000000 1.488238 3.217724
v -0.181818 1.488238 3.217724
v -0.000000 1.670056 3.217724
v -0.000000 1.851875 3.217724
v 0.818182 0.124602 3.217724
v 0.636364 0.124602 3.217724
v 0.454545 0.124602 3.217724
v 0.272727 0.124602 3.217724
v 0.090909 0.124602 3.217724
v -0.090909 0.124602 3.217724
v -0.272727 0.124602 3.217724
v -0.454545 0.124602 3.217724
v -0.636364 0.124602 3.217724
v -0.818182 0.124602 3.217724
v 0.818182 0.306420 3.217724
v 0.636364 0.306420 3.217724
v 0.454545 0.306420 3.217724
v 0.272727 0.306420 3.248022
v 0.090909 0.306420 3.367563
v -0.090909 0.306420 3.367563
v -0.272727 0.306420 3.248022
v -0.454545 0.306420 3.217724
v -0.636364 0.306420 3.217724
v -0.818182 0.306420 3.217724
v 0.818182 0.488238 3.217724
v 0.636364 0.488238 3.217724
v 0.454545 0.488238 3.222877
v 0.272727 0.488238 3.466776
v 0.090909 0.488238 3.765359
v -0.090909 0.488238 3.765359
v -0.272727 0.488238 3.466776
v -0.454545 0.488238 3.222877
v -0.636364 0.488238 3.217724
v -0.818182 0.488238 3.217724
v 0.818182 0.670056 3.217724
v 0.636364 0.670056 3.217724
v 0.454545 0.670056 3.248022
v 0.272727 0.670056 3.597187
v 0.090909 0.670056 3.986075
v -0.090909 0.670056 3.986075
v -0.272727 0.670056 3.597187
v -0.454545 0.670056 3.248022
v -0.636364 0.670056 3.217724
v -0.818182 0.670056 3.217724
v 0.818182 0.851875 3.217724
v 0.636364 0.851875 3.217724
v 0.454545 0.851875 3.222877
v 0.272727 0.851875 3.466776
v 0.090909 0.851875 3.765359
v -0.090909 0.851875 3.765359
v -0.272727 0.851875 3.466776
v -0.454545 0.851875 3.222877
v -0.636364 0.851875 3.217724
v -0.818182 0.851875 3.217724
v 0.818182 1.033693 3.217724
v 0.636364 1.033693 3.217724
v 0.454545 1.033693 3.217724
v 0.272727 1.033693 3.248022
v 0.090909 1.033693 3.367563
v -0.090909 1.033693 3.367563
v -0.272727 1.033693 3.248022
v -0.454545 1.033693 3.217724
v -0.636364 1.033693 3.217724
v -0.818182 1.033693 3.217724
v 0.818182 1.215511 3.217724
v 0.636364 1.215511 3.217724
v 0.454545 1.215511 3.217724
v 0.272727 1.215511 3.217724
v 0.090909 1.215511 3.217724
v -0.090909 1.215511 3.217724
v -0.272727 1.215511 3.217724
v -0.454545 1.215511 3.217724
v -0.636364 1.215511 3.217724
v -0.818182 1.215511 3.217724
v 0.272727 1.397329 3.217724
v 0.090909 1.397329 3.217724
v -0.090909 1.397329 3.217724
v -0.272727 1.397329 3.217724
v 0.272727 1.579147 3.217724
v 0.090909 1.579147 3.217724
v -0.090909 1.579147 3.217724
v -0.272727 1.579147 3.217724
v 0.090909 1.760966 3.217724
v -0.090909 1.760966 3.217724
v 0.796161 2.006779 -2.597292
v 0.830812 2.049130 -2.056976
v 0.796020 2.006606 -1.516810
v 0.727470 1.922822 -1.069709
v 0.665309 1.846848 -0.702634
v 0.818182 2.033693 0.163945
v 0.641976 2.042513 -2.617110
v 0.676125 2.096175 -2.056946
v 0.641840 2.042299 -1.496969
v 0.578135 1.942190 -1.048190
v 0.523805 1.856815 -0.686027
v 0.636364 2.033693 0.163945
v 0.636364 1.991517 0.719177
v 0.473437 2.075254 -2.635268
v 0.503411 2.141197 -2.056917
v 0.473320 2.074996 -1.478794
v 0.420475 1.958738 -1.029803
v 0.377836 1.864933 -0.672500
v 0.454545 2.033693 0.163945
v 0.454545 1.887298 0.719177
v 0.454545 1.849564 1.274410
v 0.291055 2.100896 -2.649489
v 0.312060 2.177912 -2.056894
v 0.290975 2.100600 -1.464561
v 0.255612 1.970935 -1.016251
v 0.228272 1.870689 -0.662907
v 0.272727 2.033693 0.163945
v 0.272727 1.828183 0.719177
v 0.272727 1.823623 1.274410
v 0.272727 1.448662 1.829643
v 0.098314 2.115143 -2.657390
v 0.105930 2.198922 -2.056880
v 0.098285 2.114825 -1.456654
v 0.085795 1.977435 -1.009029
v 0.076363 1.873680 -0.657923
v 0.090909 2.033693 0.163945
v 0.090909 1.879992 0.719177
v 0.090909 1.823623 1.274410
v 0.090909 1.446473 1.829643
v 0.090909 1.501730 2.384875
v -0.098314 2.115143 -2.657390
v -0.105930 2.198922 -2.056880
v -0.098285 2.114825 -1.456654
v -0.085795 1.977435 -1.009029
v -0.076362 1.873680 -0.657923
v -0.090909 2.033693 0.163945
v -0.090909 1.879992 0.719177
v -0.090909 1.823623 1.274410
v -0.090909 1.446473 1.829643
v -0.090909 1.501730 2.384875
v -0.291055 2.100896 -2.649489
v -0.312060 2.177912 -2.056893
v -0.290975 2.100600 -1.464561
v -0.255612 1.970935 -1.016251
v -0.228272 1.870689 -0.662907
v -0.272727 2.033693 0.163945
v -0.272727 1.828183 0.719177
v -0.272727 1.823623 1.274410
v -0.272727 1.448662 1.829643
v -0.473437 2.075254 -2.635268
v -0.503411 2.141197 -2.056917
v -0.473320 2.074996 -1.478794
v -0.420475 1.958738 -1.029803
v -0.377836 1.864933 -0.672500
v -0.454545 2.033693 0.163945
v -0.454545 1.887298 0.719177
v -0.454545 1.849564 1.274410
v -0.641976 2.042513 -2.617110
v -0.676125 2.096175 -2.056946
v -0.641840 2.042299 -1.496969
v -0.578135 1.942190 -1.048190
v -0.523805 1.856815 -0.686027
v -0.636364 2.033693 0.163945
v -0.636364 1.991517 0.719177
v -0.796161 2.006779 -2.597292
v -0.830812 2.049130 -2.056976
v -0.796020 2.006606 -1.516810
v -0.727470 1.922822 -1.069709
v -0.665309 1.846848 -0.702634
v -0.818182 2.033693 0.163945
v 0.893008 2.016001 -2.329702
v 0.892924 2.015910 -1.784318
v 0.834671 1.951830 -1.292368
v 0.764880 1.875061 -0.889199
v 0.909091 2.033693 -0.113672
v 0.909091 2.033693 0.441561
v 0.745972 2.059404 -2.341723
v 0.745886 2.059286 -1.772248
v 0.687769 1.979375 -1.269410
v 0.622578 1.889738 -0.868817
v 0.727273 2.033693 -0.113672
v 0.727273 2.033693 0.441561
v 0.582989 2.102505 -2.353662
v 0.582907 2.102356 -1.760263
v 0.529771 2.004940 -1.248102
v 0.473912 1.902531 -0.851052
v 0.545455 2.033693 -0.113672
v 0.545455 2.003497 0.441561
v 0.545455 2.003497 0.996794
v 0.402513 2.140604 -2.364214
v 0.402447 2.140423 -1.749671
v 0.360877 2.026103 -1.230463
v 0.319582 1.912544 -0.837147
v 0.363636 2.033693 -0.113672
v 0.363636 1.952153 0.441561
v 0.363636 1.952153 0.996794
v 0.363636 1.448665 1.552026
v 0.206137 2.167444 -2.371648
v 0.206099 2.167239 -1.742209
v 0.183008 2.040235 -1.218684
v 0.160956 1.918950 -0.828250
v 0.181818 2.033693 -0.113672
v 0.181818 1.943547 0.441561
v 0.181818 1.943547 0.996794
v 0.181818 1.448665 1.552026
v 0.181818 1.426477 2.107259
v 0.000000 2.177206 -2.374352
v 0.000000 2.176991 -1.739496
v 0.000000 2.045218 -1.214530
v 0.000000 1.921157 -0.825185
v 0.000000 2.033693 -0.113672
v -0.000000 1.943547 0.441561
v -0.000000 1.943547 0.996794
v -0.000000 1.448665 1.552026
v -0.000000 1.438853 2.107259
v -0.206137 2.167444 -2.371648
v -0.206099 2.167239 -1.742209
v -0.183008 2.040235 -1.218684
v -0.160956 1.918950 -0.828250
v -0.181818 2.033693 -0.113672
v -0.181818 1.943547 0.441561
v -0.181818 1.943547 0.996794
v -0.181818 1.448665 1.552026
v -0.181818 1.426477 2.107259
v -0.402513 2.140604 -2.364214
v -0.402447 2.140423 -1.749671
v -0.360877 2.026103 -1.230463
v -0.319582 1.912544 -0.837147
v -0.363636 2.033693 -0.113672
v -0.363636 1.952153 0.441561
v -0.363636 1.952153 0.996794
v -0.363636 1.448665 1.552026
v -0.582989 2.102505 -2.353662
v -0.582907 2.102356 -1.760263
v -0.529771 2.004940 -1.248102
v -0.473912 1.902531 -0.851052
v -0.545455 2.033693 -0.113672
v -0.545455 2.003497 0.441561
v -0.545455 2.003497 0.996794
v -0.745972 2.059404 -2.341723
v -0.745886 2.059286 -1.772248
v -0.687769 1.979375 -1.269410
v -0.622578 1.889738 -0.868817
v -0.727273 2.033693 -0.113672
v -0.727273 2.033693 0.441561
v -0.893008 2.016001 -2.329702
v -0.892924 2.015910 -1.784318
v -0.834671 1.951830 -1.292368
v -0.764880 1.875061 -0.889199
v -0.909091 2.033693 -0.113672
v -0.909091 2.033693 0.441561
v -0.909091 2.033693 0.719177
v -0.909091 2.033693 0.163945
v -0.734226 1.841341 -0.711811
v -0.798943 1.912530 -1.081146
v -0.868122 1.988627 -1.526804
v -0.902252 2.026170 -2.056991
v -0.868262 1.988781 -2.587311
v -0.727273 2.033693 0.163945
v -0.595153 1.852029 -0.694002
v -0.653871 1.932765 -1.058661
v -0.720666 2.024609 -1.506803
v -0.755571 2.072603 -2.056961
v -0.720806 2.024802 -2.607288
v -0.545455 1.940626 0.719177
v -0.545455 2.033693 0.163945
v -0.451334 1.861138 -0.678822
v -0.500302 1.950912 -1.038498
v -0.559399 2.059259 -1.487542
v -0.592139 2.119281 -2.056931
v -0.559528 2.059494 -2.626528
v -0.363636 1.823623 1.274410
v -0.363636 1.845247 0.719177
v -0.363636 2.033693 0.163945
v -0.303433 1.868135 -0.667164
v -0.338829 1.965473 -1.022320
v -0.383735 2.088965 -1.471029
v -0.409951 2.161058 -2.056904
v -0.383836 2.089243 -2.643026
v -0.181818 1.447776 1.829643
v -0.181818 1.823623 1.274410
v -0.181818 1.839335 0.719177
v -0.181818 2.033693 0.163945
v -0.152519 1.872550 -0.659807
v -0.171140 1.974964 -1.011774
v -0.195577 2.109368 -1.459688
v -0.210384 2.190807 -2.056885
v -0.195633 2.109677 -2.654359
v -0.000000 1.514929 2.384875
v -0.000000 1.445906 1.829643
v -0.000000 1.823623 1.274410
v -0.000000 1.904722 0.719177
v -0.000000 2.033693 0.163945
v 0.000000 1.874060 -0.657291
v 0.000000 1.978267 -1.008104
v 0.000000 2.116679 -1.455624
v 0.000000 2.201694 -2.056878
v 0.000000 2.117000 -2.658420
v 0.181818 1.447776 1.829643
v 0.181818 1.823623 1.274410
v 0.181818 1.839335 0.719177
v 0.181818 2.033693 0.163945
v 0.152519 1.872550 -0.659807
v 0.171140 1.974964 -1.011774
v 0.195577 2.109368 -1.459688
v 0.210384 2.190807 -2.056885
v 0.195633 2.109677 -2.654359
v 0.363636 1.823623 1.274410
v 0.363636 1.845247 0.719177
v 0.363636 2.033693 0.163945
v 0.303434 1.868135 -0.667164
v 0.338829 1.965473 -1.022320
v 0.383735 2.088965 -1.471029
v 0.409951 2.161058 -2.056904
v 0.383836 2.089243 -2.643026
v 0.545455 1.940626 0.719177
v 0.545455 2.033693 0.163945
v 0.451334 1.861138 -0.678822
v 0.500302 1.950912 -1.038498
v 0.559400 2.059259 -1.487542
v 0.592139 2.119281 -2.056931
v 0.559528 2.059494 -2.626528
v 0.727273 2.033693 0.163945
v 0.595153 1.852029 -0.694002
v 0.653871 1.932765 -1.058661
v 0.720666 2.024609 -1.506803
v 0.755571 2.072603 -2.056961
v 0.720806 2.024802 -2.607288
v 0.909091 2.033693 0.719177
v 0.909091 2.033693 0.163945
v 0.734226 1.841341 -0.711811
v 0.798943 1.912530 -1.081146
v 0.868122 1.988627 -1.526804
v 0.902252 2.026170 -2.056991
v 0.868262 1.988781 -2.587311
v -0.000000 1.760966 3.217724
v -0.181818 1.579147 3.217724
v -0.000000 1.579147 3.217724
v 0.181818 1.579147 3.217724
v -0.363636 1.397329 3.217724
v -0.181818 1.397329 3.217724
v -0.000000 1.397329 3.217724
v 0.181818 1.397329 3.217724
v 0.363636 1.397329 3.217724
v -0.727273 1.215511 3.217724
v -0.545455 1.215511 3.217724
v -0.363636 1.215511 3.217724
v -0.181818 1.215511 3.217724
v -0.000000 1.215511 3.217724
v 0.181818 1.215511 3.217724
v 0.363636 1.215511 3.217724
v 0.545455 1.215511 3.217724
v 0.727273 1.215511 3.217724
v 0.909091 1.215511 3.217724
v -0.727273 1.033693 3.217724
v -0.545455 1.033693 3.217724
v -0.363636 1.033693 3.217724
v -0.181818 1.033693 3.311179
v -0.000000 1.033693 3.389686
v 0.181818 1.033693 3.311179
v 0.363636 1.033693 3.217724
v 0.545455 1.033693 3.217724
v 0.727273 1.033693 3.217724
v 0.909091 1.033693 3.217724
v -0.727273 0.851875 3.217724
v -0.545455 0.851875 3.217724
v -0.363636 0.851875 3.311179
v -0.181818 0.851875 3.635339
v -0.000000 0.851875 3.814618
v 0.181818 0.851875 3.635339
v 0.363636 0.851875 3.311179
v 0.545455 0.851875 3.217724
v 0.727273 0.851875 3.217724
v 0.909091 0.851875 3.217724
v -0.727273 0.670056 3.217724
v -0.545455 0.670056 3.217724
v -0.363636 0.670056 3.389686
v -0.181818 0.670056 3.814619
v -0.000000 0.670056 4.055651
v 0.181818 0.670056 3.814618
v 0.363636 0.670056 3.389686
v 0.545455 0.670056 3.217724
v 0.727273 0.670056 3.217724
v 0.909091 0.670056 3.217724
v -0.727273 0.488238 3.217724
v -0.545455 0.488238 3.217724
v -0.363636 0.488238 3.311179
v -0.181818 0.488238 3.635339
v -0.000000 0.488238 3.814618
v 0.181818 0.488238 3.635339
v 0.363636 0.488238 3.311179
v 0.545455 0.488238 3.217724
v 0.727273 0.488238 3.217724
v 0.909091 0.488238 3.217724
v -0.727273 0.306420 3.217724
v -0.545455 0.306420 3.217724
v -0.363636 0.306420 3.217724
v -0.181818 0.306420 3.311179
v -0.000000 0.306420 3.389686
v 0.181818 0.306420 3.311179
v 0.363636 0.306420 3.217724
v 0.545455 0.306420 3.217724
v 0.727273 0.306420 3.217724
v 0.909091 0.306420 3.217724
v -0.727273 0.124602 3.217724
v -0.545455 0.124602 3.217724
v -0.363636 0.124602 3.217724
v -0.181818 0.124602 3.217724
v 0.000000 0.124602 3.217724
v 0.181818 0.124602 3.217724
v 0.363636 0.124602 3.217724
v 0.545455 0.124602 3.217724
v 0.727273 0.124602 3.217724
v 0.909091 0.124602 3.217724
v -0.909091 1.215511 3.217724
v -0.909091 1.033693 3.217724
v -0.909091 0.851875 3.217724
v -0.909091 0.670056 3.217724
v -0.909091 0.488238 3.217724
v -0.909091 0.306420 3.217724
v -0.909091 0.124602 3.217724
v -0.992477 1.935945 -2.056991
v -0.954934 1.901815 -1.526804
v -0.878837 1.832636 -1.081146
v -0.807648 1.767918 -0.711811
v -1.000000 1.942784 0.163944
v -1.000000 1.942784 0.719177
v -1.000000 1.942784 1.274410
v -1.038910 1.789264 -2.056961
v -0.990916 1.754359 -1.506803
v -0.899073 1.687564 -1.058662
v -0.818336 1.628846 -0.694002
v -1.000000 1.760966 0.163944
v -1.000000 1.760966 0.719177
v -1.000000 1.760966 1.274410
v -1.000000 1.760966 1.829643
v -1.085589 1.625832 -2.056931
v -1.025566 1.593092 -1.487542
v -0.917220 1.533994 -1.038499
v -0.827446 1.485027 -0.678822
v -1.000000 1.579147 0.163944
v -1.000000 1.579147 0.719177
v -0.682673 1.579147 1.362505
v -0.682673 1.579147 1.741547
v -1.127366 1.443644 -2.056904
v -1.055273 1.417428 -1.471029
v -0.931781 1.372522 -1.022320
v -0.834442 1.337126 -0.667163
v -1.000000 1.397329 0.163944
v -1.000000 1.397329 0.719177
v -1.000000 1.397329 1.274410
v -1.000000 1.397329 1.829643
v -1.157115 1.244077 -2.056885
v -1.075675 1.229270 -1.459687
v -0.941272 1.204833 -1.011774
v -0.838857 1.186212 -0.659807
v -1.000000 1.215511 0.163944
v -1.000000 1.215511 0.719177
v -1.000000 1.215511 1.274410
v -1.000000 1.215511 1.829643
v -1.168002 1.033693 -2.056878
v -1.082986 1.033693 -1.455624
v -0.944575 1.033693 -1.008104
v -0.840367 1.033693 -0.657291
v -1.000000 1.033693 0.163944
v -1.000000 1.033693 0.719177
v -1.000000 1.033693 1.274410
v -1.000000 1.033693 1.829643
v -1.157115 0.823308 -2.056885
v -1.075675 0.838116 -1.459687
v -0.941272 0.862553 -1.011774
v -0.838857 0.881173 -0.659807
v -1.000000 0.851875 0.163944
v -1.000000 0.888812 0.719177
v -1.000000 0.892801 1.274410
v -1.000000 0.888812 1.829643
v -1.127366 0.623742 -2.056904
v -1.055273 0.649957 -1.471029
v -0.931781 0.694863 -1.022320
v -0.834442 0.730259 -0.667163
v -1.000000 0.695224 0.163944
v -1.000000 0.831749 0.719177
v -1.000000 0.842343 1.274410
v -1.000000 0.831749 1.829643
v -1.000000 0.670056 2.940108
v -1.085589 0.441553 -2.056931
v -1.025566 0.474293 -1.487542
v -0.917220 0.533391 -1.038499
v -0.827446 0.582359 -0.678822
v -1.000000 0.586292 0.163944
v -1.000000 0.814124 0.719177
v -1.000000 0.826596 1.274410
v -1.000000 0.814124 1.829643
v -1.000000 0.488238 2.940108
v -1.038911 0.278121 -2.056961
v -0.990916 0.313026 -1.506803
v -0.899073 0.379822 -1.058661
v -0.818336 0.438539 -0.694002
v -1.000000 0.483243 0.163944
v -1.000000 0.785280 0.719177
v -1.000000 0.800244 1.274410
v -1.000000 0.785280 1.829643
v -1.000000 0.483243 2.384875
v -1.000000 0.306420 2.940108
v -0.992478 0.131441 -2.056991
v -0.954934 0.165571 -1.526804
v -0.878837 0.234750 -1.081146
v -0.807648 0.299467 -0.711811
v -1.000000 0.351016 0.163945
v -1.000000 0.697384 0.719177
v -1.000000 0.713321 1.274410
v -1.000000 0.697384 1.829643
v -1.000000 0.351016 2.384875
v -1.000000 0.124602 2.940108
v -0.991109 1.754499 -2.607288
v -1.025802 1.593221 -2.626528
v -1.055550 1.417529 -2.643026
v -1.075984 1.229326 -2.654359
v -1.083307 1.033693 -2.658420
v -1.075984 0.838059 -2.654359
v -1.055551 0.649856 -2.643027
v -1.025802 0.474164 -2.626528
v -0.991109 0.312886 -2.607288
v -0.955088 0.165431 -2.587311
v 0.909091 0.302202 2.384875
v 0.909091 0.692645 1.829643
v 0.909091 0.772860 1.274410
v 0.909091 0.692645 0.719177
v 0.909091 0.302202 0.163945
v 0.734226 0.226044 -0.711811
v 0.798943 0.154856 -1.081146
v 0.868122 0.078758 -1.526804
v 0.902252 0.041215 -2.056991
v 0.868262 0.078605 -2.587311
v 0.727273 0.332761 2.384875
v 0.727273 0.819970 1.829643
v 0.727273 1.018436 1.274410
v 0.727273 0.819970 0.719177
v 0.727273 0.332761 0.163945
v 0.595153 0.215357 -0.694002
v 0.653871 0.134620 -1.058661
v 0.720666 0.042777 -1.506803
v 0.755571 -0.005218 -2.056961
v 0.720807 0.042584 -2.607288
v 0.545455 0.302202 2.384875
v 0.545455 0.754704 1.829643
v 0.545455 0.948874 1.274410
v 0.545455 0.754704 0.719177
v 0.545455 0.302202 0.163945
v 0.451334 0.206247 -0.678822
v 0.500302 0.116473 -1.038498
v 0.559400 0.008127 -1.487542
v 0.592139 -0.051896 -2.056931
v 0.559528 0.007891 -2.626528
v 0.363636 0.222241 2.384875
v 0.363636 0.534762 1.829643
v 0.363636 0.567874 1.274410
v 0.363636 0.534762 0.719177
v 0.363636 0.222241 0.163945
v 0.303434 0.199251 -0.667163
v 0.338829 0.101912 -1.022319
v 0.383736 -0.021580 -1.471029
v 0.409951 -0.093673 -2.056904
v 0.383837 -0.021858 -2.643027
v 0.181818 0.123684 2.384875
v 0.181818 0.343161 1.829643
v 0.181818 0.343161 1.274410
v 0.181818 0.343161 0.719177
v 0.181818 0.123684 0.163945
v 0.152519 0.194836 -0.659807
v 0.171140 0.092421 -1.011774
v 0.195577 -0.041983 -1.459687
v 0.210385 -0.123422 -2.056885
v 0.195634 -0.042292 -2.654359
v 0.000000 0.048343 2.384875
v 0.000000 0.164477 1.829643
v 0.000000 0.164477 1.274410
v 0.000000 0.164477 0.719177
v 0.000000 0.048343 0.163945
v -0.000000 0.193326 -0.657291
v -0.000000 0.089118 -1.008104
v -0.000000 -0.049293 -1.455623
v -0.000000 -0.134309 -2.056878
v -0.000000 -0.049615 -2.658420
v -0.181818 0.123684 2.384875
v -0.181818 0.343161 1.829643
v -0.181818 0.343161 1.274410
v -0.181818 0.343161 0.719177
v -0.181818 0.123684 0.163945
v -0.152519 0.194836 -0.659807
v -0.171140 0.092421 -1.011774
v -0.195577 -0.041983 -1.459687
v -0.210385 -0.123422 -2.056885
v -0.195634 -0.042292 -2.654359
v -0.363636 0.222241 2.384875
v -0.363636 0.534762 1.829643
v -0.363636 0.567874 1.274410
v -0.363636 0.534762 0.719177
v -0.363636 0.222241 0.163945
v -0.303434 0.199251 -0.667163
v -0.338829 0.101912 -1.022320
v -0.383736 -0.021580 -1.471029
v -0.409951 -0.093673 -2.056904
v -0.383837 -0.021858 -2.643027
v -0.545455 0.302202 2.384875
v -0.545455 0.754704 1.829643
v -0.545455 0.948875 1.274410
v -0.545455 0.754704 0.719177
v -0.545455 0.302202 0.163945
v -0.451334 0.206247 -0.678822
v -0.500302 0.116473 -1.038498
v -0.559400 0.008127 -1.487542
v -0.592139 -0.051896 -2.056931
v -0.559528 0.007891 -2.626528
v -0.727273 0.332761 2.384875
v -0.727273 0.819970 1.829643
v -0.727273 1.018436 1.274410
v -0.727273 0.819970 0.719177
v -0.727273 0.332761 0.163945
v -0.595153 0.215357 -0.694002
v -0.653871 0.134620 -1.058661
v -0.720666 0.042777 -1.506803
v -0.755571 -0.005218 -2.056961
v -0.720807 0.042584 -2.607288
v -0.909091 0.302202 2.384875
v -0.909091 0.692645 1.829643
v -0.909091 0.772860 1.274410
v -0.909091 0.692645 0.719177
v -0.909091 0.302202 0.163945
v -0.734226 0.226044 -0.711811
v -0.798943 0.154856 -1.081145
v -0.868122 0.078758 -1.526804
v -0.902252 0.041215 -2.056991
v -0.868262 0.078605 -2.587311
v 0.727273 0.033693 2.940108
v 0.545455 0.033693 2.940108
v 0.363636 0.033693 2.940108
v 0.181818 0.033693 2.940108
v 0.000000 0.033693 2.940108
v -0.181818 0.033693 2.940108
v -0.363636 0.033693 2.940108
v -0.545455 0.033693 2.940108
v -0.727273 0.033693 2.940108
v -0.909091 0.033693 2.940108
v 1.000000 1.942784 1.274410
v 1.000000 1.942784 0.719177
v 1.000000 1.942784 0.163945
v 0.807648 1.767918 -0.711811
v 0.878837 1.832635 -1.081146
v 0.954934 1.901815 -1.526804
v 0.992477 1.935945 -2.056991
v 0.955088 1.901955 -2.587311
v 1.000000 1.760966 1.829643
v 1.000000 1.760966 1.274410
v 1.000000 1.760966 0.719177
v 1.000000 1.760966 0.163945
v 0.818336 1.628846 -0.694002
v 0.899073 1.687564 -1.058661
v 0.990916 1.754359 -1.506803
v 1.038910 1.789264 -2.056961
v 0.991109 1.754499 -2.607288
v 0.682673 1.579147 1.741547
v 0.682673 1.579147 1.362505
v 1.000000 1.579147 0.719177
v 1.000000 1.579147 0.163945
v 0.827446 1.485027 -0.678822
v 0.917220 1.533994 -1.038498
v 1.025566 1.593092 -1.487542
v 1.085589 1.625832 -2.056931
v 1.025802 1.593221 -2.626528
v 1.000000 1.397329 1.829643
v 1.000000 1.397329 1.274410
v 1.000000 1.397329 0.719177
v 1.000000 1.397329 0.163945
v 0.834442 1.337126 -0.667163
v 0.931780 1.372522 -1.022320
v 1.055273 1.417428 -1.471029
v 1.127366 1.443644 -2.056904
v 1.055550 1.417529 -2.643026
v 1.000000 1.215511 1.829643
v 1.000000 1.215511 1.274410
v 1.000000 1.215511 0.719177
v 1.000000 1.215511 0.163945
v 0.838857 1.186212 -0.659807
v 0.941271 1.204833 -1.011774
v 1.075675 1.229270 -1.459687
v 1.157115 1.244077 -2.056885
v 1.075984 1.229326 -2.654359
v 1.000000 1.033693 1.829643
v 1.000000 1.033693 1.274410
v 1.000000 1.033693 0.719177
v 1.000000 1.033693 0.163945
v 0.840367 1.033693 -0.657291
v 0.944575 1.033693 -1.008104
v 1.082986 1.033693 -1.455623
v 1.168002 1.033693 -2.056878
v 1.083307 1.033693 -2.658420
v 1.000000 0.888812 1.829643
v 1.000000 0.892801 1.274410
v 1.000000 0.888812 0.719177
v 1.000000 0.851875 0.163945
v 0.838857 0.881173 -0.659807
v 0.941272 0.862553 -1.011774
v 1.075675 0.838116 -1.459687
v 1.157115 0.823308 -2.056885
v 1.075984 0.838059 -2.654359
v 1.000000 0.831749 1.829643
v 1.000000 0.842343 1.274410
v 1.000000 0.831749 0.719177
v 1.000000 0.695224 0.163945
v 0.834442 0.730259 -0.667163
v 0.931781 0.694863 -1.022320
v 1.055273 0.649957 -1.471029
v 1.127366 0.623742 -2.056904
v 1.055551 0.649856 -2.643027
v 1.000000 0.814124 1.829643
v 1.000000 0.826596 1.274410
v 1.000000 0.814124 0.719177
v 1.000000 0.586293 0.163945
v 0.827446 0.582359 -0.678822
v 0.917220 0.533391 -1.038498
v 1.025566 0.474293 -1.487542
v 1.085589 0.441553 -2.056931
v 1.025802 0.474164 -2.626528
v 1.000000 0.483243 2.384875
v 1.000000 0.785280 1.829643
v 1.000000 0.800244 1.274410
v 1.000000 0.785280 0.719177
v 1.000000 0.483243 0.163945
v 0.818336 0.438539 -0.694002
v 0.899073 0.379822 -1.058661
v 0.990916 0.313026 -1.506803
v 1.038911 0.278121 -2.056961
v 0.991109 0.312886 -2.607288
v 1.000000 0.351016 2.384875
v 1.000000 0.697384 1.829643
v 1.000000 0.713321 1.274410
v 1.000000 0.697384 0.719177
v 1.000000 0.351016 0.163945
v 0.807648 0.299467 -0.711811
v 0.878837 0.234750 -1.081146
v 0.954934 0.165571 -1.526804
v 0.992478 0.131441 -2.056991
v 0.955088 0.165431 -2.587311
v 1.000000 0.670056 2.940108
v 1.000000 0.488238 2.940108
v 1.000000 0.306420 2.940108
v 1.000000 0.124602 2.940108
v 0.701598 1.910691 -2.860456
v 0.542093 1.937182 -2.884706
v 0.370292 1.959423 -2.905067
v 0.188150 1.974442 -2.918816
v 0.000000 1.979773 -2.923696
v -0.188150 1.974442 -2.918816
v -0.370292 1.959423 -2.905067
v -0.542093 1.937182 -2.884706
v -0.701598 1.910691 -2.860456
v -0.848882 1.882575 -2.834718
v 0.729605 1.763298 -2.892504
v 0.567648 1.790557 -2.923696
v 0.390239 1.814171 -2.950717
v 0.199209 1.830529 -2.969435
v 0.000000 1.836420 -2.976176
v -0.199209 1.830529 -2.969435
v -0.390239 1.814171 -2.950717
v -0.567648 1.790557 -2.923696
v -0.729605 1.763298 -2.892504
v -0.876998 1.735291 -2.860456
v 0.756864 1.601341 -2.923696
v 0.593381 1.627073 -2.962956
v 0.410967 1.650144 -2.998155
v 0.210968 1.666596 -3.023257
v 0.000000 1.672622 -3.032451
v -0.210968 1.666596 -3.023257
v -0.410967 1.650144 -2.998155
v -0.593380 1.627073 -2.962956
v -0.756864 1.601341 -2.923696
v -0.903489 1.575786 -2.884706
v 0.780478 1.423932 -2.950717
v 0.616451 1.444660 -2.998155
v 0.430177 1.463870 -3.042117
v 0.222141 1.477975 -3.074398
v 0.000000 1.483233 -3.086432
v -0.222141 1.477975 -3.074398
v -0.430177 1.463870 -3.042117
v -0.616451 1.444660 -2.998155
v -0.780478 1.423932 -2.950717
v -0.925731 1.403985 -2.905067
v 0.796836 1.232902 -2.969436
v 0.632903 1.244661 -3.023257
v 0.444282 1.255834 -3.074398
v 0.230535 1.264228 -3.112817
v 0.000000 1.267401 -3.127343
v -0.230535 1.264228 -3.112817
v -0.444282 1.255834 -3.074398
v -0.632903 1.244661 -3.023257
v -0.796836 1.232902 -2.969436
v -0.940750 1.221843 -2.918816
v 0.802727 1.033693 -2.976176
v 0.638929 1.033693 -3.032451
v 0.449540 1.033693 -3.086432
v 0.233708 1.033693 -3.127343
v 0.000000 1.033693 -3.142896
v -0.233708 1.033693 -3.127343
v -0.449540 1.033693 -3.086432
v -0.638929 1.033693 -3.032451
v -0.802727 1.033693 -2.976176
v -0.946080 1.033693 -2.923696
v 0.796836 0.834484 -2.969436
v 0.632903 0.822725 -3.023257
v 0.444282 0.811552 -3.074398
v 0.230535 0.803158 -3.112817
v 0.000000 0.799985 -3.127343
v -0.230535 0.803158 -3.112817
v -0.444282 0.811552 -3.074398
v -0.632903 0.822725 -3.023257
v -0.796836 0.834484 -2.969436
v -0.940750 0.845543 -2.918816
v 0.780478 0.643454 -2.950717
v 0.616451 0.622726 -2.998155
v 0.430177 0.603516 -3.042118
v 0.222141 0.589411 -3.074398
v 0.000000 0.584153 -3.086432
v -0.222141 0.589411 -3.074398
v -0.430177 0.603516 -3.042118
v -0.616451 0.622726 -2.998155
v -0.780478 0.643454 -2.950717
v -0.925731 0.663401 -2.905067
v 0.756864 0.466045 -2.923696
v 0.593381 0.440312 -2.962956
v 0.410967 0.417242 -2.998155
v 0.210968 0.400789 -3.023257
v 0.000000 0.394763 -3.032451
v -0.210968 0.400789 -3.023257
v -0.410967 0.417242 -2.998155
v -0.593381 0.440312 -2.962956
v -0.756864 0.466045 -2.923696
v -0.903489 0.491599 -2.884707
v 0.729606 0.304087 -2.892504
v 0.567648 0.276829 -2.923696
v 0.390239 0.253214 -2.950717
v 0.199209 0.236856 -2.969436
v 0.000000 0.230966 -2.976176
v -0.199209 0.236856 -2.969436
v -0.390239 0.253214 -2.950717
v -0.567648 0.276829 -2.923696
v -0.729606 0.304087 -2.892504
v -0.876998 0.332094 -2.860456
v 0.701599 0.156695 -2.860456
v 0.542093 0.130204 -2.884707
v 0.370292 0.107962 -2.905067
v 0.188150 0.092943 -2.918816
v -0.000000 0.087613 -2.923696
v -0.188150 0.092943 -2.918816
v -0.370292 0.107962 -2.905067
v -0.542093 0.130204 -2.884707
v -0.701599 0.156695 -2.860456
v -0.848882 0.184810 -2.834718
v 0.876998 1.735291 -2.860456
v 0.903489 1.575786 -2.884706
v 0.925731 1.403985 -2.905067
v 0.940750 1.221843 -2.918816
v 0.946080 1.033693 -2.923696
v 0.940750 0.845543 -2.918816
v 0.925731 0.663401 -2.905067
v 0.903489 0.491599 -2.884707
v 0.876998 0.332094 -2.860456
v 0.848882 0.184810 -2.834718
v 0.848882 1.882575 -2.834718
v 0.909091 0.033693 2.940108
v -0.955088 1.901955 -2.587311
v 1.249633 1.985013 -3.380598
v -1.249633 1.985013 -3.380598
v -1.022427 1.985013 -3.380598
v -0.795221 1.985013 -3.380598
v -0.568015 1.985013 -3.380598
v -0.340809 1.985013 -3.380598
v -0.113603 1.985013 -3.380598
v 0.113603 1.985013 -3.380598
v 0.340809 1.985013 -3.380598
v 0.568015 1.985013 -3.380598
v 0.795221 1.985013 -3.380598
v 1.022427 1.985013 -3.380598
v 1.249633 1.985013 -2.686760
v 1.249633 1.985013 -1.992923
v 1.249633 1.985013 -1.299086
v 1.249633 1.985013 -0.605249
v 1.249633 1.985013 0.088588
v 1.249633 1.985013 0.782426
v -1.249633 1.985013 0.782425
v -1.249633 1.985013 0.088588
v -1.249633 1.985013 -0.605249
v -1.249633 1.985013 -1.299086
v -1.249633 1.985013 -1.992923
v -1.249633 1.985013 -2.686760
v -1.249633 -0.287048 -0.258330
v 1.249633 2.212219 -0.258330
v -1.249633 2.212219 -0.258330
v 1.249633 -0.287048 -0.258330
v 1.136030 1.985013 -3.380598
v -1.136030 1.985013 -3.380598
v -0.908824 1.985013 -3.380598
v -0.681618 1.985013 -3.380598
v -0.454412 1.985013 -3.380598
v -0.227206 1.985013 -3.380598
v 0.000000 1.985013 -3.380598
v 0.227206 1.985013 -3.380598
v 0.454412 1.985013 -3.380598
v 0.681618 1.985013 -3.380598
v 0.908824 1.985013 -3.380598
v 1.249633 -0.059842 -0.258330
v 1.249633 0.167364 -0.258330
v 1.249633 0.394570 -0.258330
v 1.249633 0.621776 -0.258330
v 1.249633 0.848982 -0.258330
v 1.249633 1.076188 -0.258330
v 1.249633 1.303394 -0.258330
v 1.249633 1.530600 -0.258330
v 1.249633 1.757806 -0.258330
v 1.249633 1.985013 -3.033679
v 1.249633 1.985013 -2.339842
v 1.249633 1.985013 -1.646005
v 1.249633 1.985013 -0.952167
v 1.249633 1.985013 -0.258330
v 1.249633 1.985013 0.435507
v 1.249633 1.985013 1.129344
v -1.022427 -0.287048 -0.258330
v -0.795221 -0.287048 -0.258330
v -0.568015 -0.287048 -0.258330
v -0.340809 -0.287048 -0.258330
v -0.113603 -0.287048 -0.258330
v 0.113603 -0.287048 -0.258330
v 0.340809 -0.287048 -0.258330
v 0.568015 -0.287048 -0.258330
v 0.795221 -0.287048 -0.258330
v 1.022427 -0.287048 -0.258330
v -1.249633 -0.059842 -0.258330
v -1.249633 0.167364 -0.258330
v -1.249633 0.394570 -0.258330
v -1.249633 0.621776 -0.258330
v -1.249633 0.848982 -0.258330
v -1.249633 1.076188 -0.258330
v -1.249633 1.303394 -0.258330
v -1.249633 1.530600 -0.258330
v -1.249633 1.757806 -0.258330
v -1.249633 1.985013 -3.033679
v -1.249633 1.985013 1.129344
v -1.249633 1.985013 0.435507
v -1.249633 1.985013 -0.258330
v -1.249633 1.985013 -0.952168
v -1.249633 1.985013 -1.646005
v -1.249633 1.985013 -2.339842
v 1.022427 2.212219 -0.258330
v 0.795221 2.212219 -0.258330
v 0.568015 2.212219 -0.258330
v 0.340809 2.212219 -0.258330
v 0.113603 2.212219 -0.258330
v -0.113603 2.212219 -0.258330
v -0.340809 2.212219 -0.258330
v -0.568015 2.212219 -0.258330
v -0.795221 2.212219 -0.258330
v -1.022427 2.212219 -0.258330
v -1.136030 2.212219 -0.258330
v -0.908824 2.212219 -0.258330
v -0.681618 2.212219 -0.258330
v -0.454412 2.212219 -0.258330
v -0.227206 2.212219 -0.258330
v 0.000000 2.212219 -0.258330
v 0.227206 2.212219 -0.258330
v 0.454412 2.212219 -0.258330
v 0.681618 2.212219 -0.258330
v 0.908824 2.212219 -0.258330
v 1.136030 2.212219 -0.258330
v -1.249633 2.098616 -0.258330
v -1.249633 1.871410 -0.258330
v -1.249633 1.644203 -0.258330
v -1.249633 1.416997 -0.258330
v -1.249633 1.189791 -0.258330
v -1.249633 0.962585 -0.258330
v -1.249633 0.735379 -0.258330
v -1.249633 0.508173 -0.258330
v -1.249633 0.280967 -0.258330
v -1.249633 0.053761 -0.258330
v -1.249633 -0.173445 -0.258330
v 1.136030 -0.287048 -0.258330
v 0.908824 -0.287048 -0.258330
v 0.681618 -0.287048 -0.258330
v 0.454412 -0.287048 -0.258330
v 0.227206 -0.287048 -0.258330
v -0.000000 -0.287048 -0.258330
v -0.227206 -0.287048 -0.258330
v -0.454412 -0.287048 -0.258330
v -0.681618 -0.287048 -0.258330
v -0.908824 -0.287048 -0.258330
v -1.136030 -0.287048 -0.258330
v 1.249633 2.098616 -0.258330
v 1.249633 1.871410 -0.258330
v 1.249633 1.644203 -0.258330
v 1.249633 1.416997 -0.258330
v 1.249633 1.189791 -0.258330
v 1.249633 0.962585 -0.258330
v 1.249633 0.735379 -0.258330
v 1.249633 0.508173 -0.258330
v 1.249633 0.280967 -0.258330
v 1.249633 0.053761 -0.258330
v 1.249633 -0.173445 -0.258330
v 0.000000 2.046006 -4.982898
v 0.000000 1.629776 -5.135386
v 0.000000 2.451169 -3.366228
v -0.000000 2.450508 -1.412562
v -0.000000 2.045001 0.202934
v -0.000000 1.630979 1.401083
v -0.000000 1.518287 1.483535
v -0.000000 1.738345 0.838178
v -0.000000 2.264908 -0.538991
v 0.000000 2.526529 -2.389255
v 0.000000 2.265896 -4.240402
v 0.000000 1.843602 -5.056745
v -0.970317 0.063376 -4.788870
v 0.970317 0.063376 -4.788870
v 1.015437 0.202881 -4.788841
v 1.062483 0.357567 -4.788811
v 1.107505 0.530282 -4.788782
v 1.144219 0.721633 -4.788758
v 1.165230 0.927763 -4.788745
v 1.165230 1.139623 -4.788745
v 1.144219 1.345753 -4.788758
v 1.107504 1.537104 -4.788782
v 1.062483 1.709818 -4.788811
v 1.015437 1.864505 -4.788841
v -0.830812 0.018256 -4.788841
v -0.676126 -0.028790 -4.788811
v -0.503411 -0.073812 -4.788782
v -0.312060 -0.110527 -4.788758
v -0.105930 -0.131537 -4.788745
v 0.105930 -0.131537 -4.788745
v 0.312060 -0.110527 -4.788758
v 0.503411 -0.073812 -4.788782
v 0.676126 -0.028790 -4.788811
v 0.830812 0.018256 -4.788841
v -1.015437 0.202881 -4.788841
v -1.062483 0.357567 -4.788811
v -1.107505 0.530282 -4.788782
v -1.144219 0.721633 -4.788759
v -1.165230 0.927763 -4.788745
v -1.165230 1.139623 -4.788745
v -1.144219 1.345753 -4.788759
v -1.107504 1.537104 -4.788782
v -1.062483 1.709818 -4.788811
v -1.015437 1.864505 -4.788841
v -1.038910 1.789264 -4.788826
v -1.085589 1.625832 -4.788796
v -1.127366 1.443644 -4.788770
v -1.157115 1.244077 -4.788751
v -1.168002 1.033693 -4.788743
v -1.157115 0.823308 -4.788751
v -1.127366 0.623742 -4.788770
v -1.085589 0.441553 -4.788796
v -1.038911 0.278121 -4.788826
v -0.992478 0.131441 -4.788856
v 0.902252 0.041215 -4.788856
v 0.755571 -0.005218 -4.788826
v 0.592139 -0.051896 -4.788796
v 0.409951 -0.093673 -4.788770
v 0.210385 -0.123422 -4.788751
v -0.000000 -0.134309 -4.788743
v -0.210385 -0.123422 -4.788751
v -0.409951 -0.093673 -4.788770
v -0.592139 -0.051896 -4.788796
v -0.755571 -0.005218 -4.788826
v -0.902252 0.041215 -4.788856
v 1.038910 1.789264 -4.788826
v 1.085589 1.625832 -4.788796
v 1.127366 1.443644 -4.788770
v 1.157115 1.244077 -4.788751
v 1.168002 1.033693 -4.788743
v 1.157115 0.823308 -4.788751
v 1.127366 0.623742 -4.788770
v 1.085589 0.441553 -4.788796
v 1.038911 0.278121 -4.788826
v 0.992478 0.131441 -4.788856
v 0.000000 2.046006 -7.714763
v 0.000000 1.629776 -7.867250
v 0.000000 2.451169 -6.098093
v -0.000000 2.450508 -4.144427
v -0.000000 2.045001 -2.528931
v -0.000000 1.663222 -1.330783
v -0.000000 1.518287 -0.814116
v -0.000000 1.838970 -1.893687
v -0.000000 2.264908 -3.270856
v 0.000000 2.526529 -5.121120
v 0.000000 2.265896 -6.972267
v 0.000000 1.843602 -7.788610
vn -0.9532 0.2449 -0.1771
vn -0.0000 -1.0000 -0.0000
vn 0.2103 0.2103 -0.9547
vn 0.2275 -0.2058 -0.9518
vn 0.2622 -0.1874 -0.9466
vn 0.2949 -0.1547 -0.9429
vn 0.3216 -0.1074 -0.9408
vn 0.3382 -0.0484 -0.9398
vn 0.3416 0.0163 -0.9397
vn 0.3314 0.0791 -0.9402
vn 0.3093 0.1328 -0.9417
vn 0.2790 0.1729 -0.9446
vn 0.2449 0.1983 -0.9491
vn -0.2235 -0.2235 -0.9487
vn -0.2051 -0.2596 -0.9437
vn -0.1704 -0.2940 -0.9405
vn -0.1190 -0.3224 -0.9391
vn -0.0538 -0.3402 -0.9388
vn 0.0181 -0.3440 -0.9388
vn 0.0878 -0.3329 -0.9389
vn 0.1467 -0.3093 -0.9396
vn 0.1899 -0.2773 -0.9418
vn 0.2161 -0.2415 -0.9460
vn -0.2596 -0.2051 -0.9437
vn -0.2419 -0.2419 -0.9397
vn -0.2040 -0.2780 -0.9387
vn -0.1442 -0.3085 -0.9402
vn -0.0657 -0.3279 -0.9424
vn 0.0222 -0.3321 -0.9430
vn 0.1068 -0.3199 -0.9414
vn 0.1768 -0.2943 -0.9392
vn 0.2257 -0.2603 -0.9388
vn 0.2530 -0.2233 -0.9413
vn -0.2940 -0.1704 -0.9405
vn -0.2780 -0.2040 -0.9387
vn -0.2378 -0.2378 -0.9418
vn -0.1702 -0.2672 -0.9485
vn -0.0782 -0.2863 -0.9549
vn 0.0265 -0.2905 -0.9565
vn 0.1267 -0.2784 -0.9521
vn 0.2074 -0.2534 -0.9449
vn 0.2612 -0.2211 -0.9396
vn 0.2887 -0.1870 -0.9390
vn -0.3224 -0.1190 -0.9391
vn -0.3085 -0.1442 -0.9402
vn -0.2672 -0.1702 -0.9485
vn -0.1934 -0.1934 -0.9619
vn -0.0896 -0.2089 -0.9738
vn 0.0303 -0.2122 -0.9767
vn 0.1446 -0.2024 -0.9686
vn 0.2344 -0.1824 -0.9549
vn 0.2917 -0.1573 -0.9435
vn 0.3184 -0.1313 -0.9388
vn -0.3402 -0.0538 -0.9388
vn -0.3279 -0.0657 -0.9424
vn -0.2863 -0.0782 -0.9549
vn -0.2089 -0.0896 -0.9738
vn -0.0973 -0.0973 -0.9905
vn 0.0330 -0.0990 -0.9945
vn 0.1567 -0.0941 -0.9832
vn 0.2522 -0.0842 -0.9640
vn 0.3113 -0.0720 -0.9476
vn 0.3372 -0.0596 -0.9395
vn -0.3440 0.0181 -0.9388
vn -0.3321 0.0222 -0.9430
vn -0.2905 0.0265 -0.9565
vn -0.2122 0.0303 -0.9767
vn -0.0990 0.0330 -0.9945
vn 0.0336 0.0336 -0.9989
vn 0.1593 0.0319 -0.9867
vn 0.2561 0.0285 -0.9662
vn 0.3155 0.0243 -0.9486
vn 0.3412 0.0201 -0.9398
vn -0.3329 0.0878 -0.9389
vn -0.3199 0.1068 -0.9414
vn -0.2784 0.1267 -0.9521
vn -0.2024 0.1446 -0.9686
vn -0.0941 0.1567 -0.9832
vn 0.0319 0.1593 -0.9867
vn 0.1517 0.1517 -0.9767
vn 0.2448 0.1362 -0.9600
vn 0.3032 0.1168 -0.9457
vn 0.3295 0.0971 -0.9392
vn -0.3093 0.1467 -0.9396
vn -0.2943 0.1768 -0.9392
vn -0.2534 0.2074 -0.9449
vn -0.1824 0.2344 -0.9549
vn -0.0842 0.2522 -0.9640
vn 0.0285 0.2561 -0.9662
vn 0.1361 0.2448 -0.9600
vn 0.2217 0.2217 -0.9496
vn 0.2774 0.1922 -0.9413
vn 0.3046 0.1615 -0.9387
vn -0.2773 0.1899 -0.9418
vn -0.2603 0.2257 -0.9388
vn -0.2211 0.2612 -0.9396
vn -0.1573 0.2917 -0.9435
vn -0.0720 0.3113 -0.9476
vn 0.0243 0.3155 -0.9486
vn 0.1168 0.3032 -0.9457
vn 0.1922 0.2774 -0.9413
vn 0.2437 0.2437 -0.9387
vn 0.2713 0.2076 -0.9399
vn -0.2415 0.2161 -0.9460
vn -0.2233 0.2530 -0.9413
vn -0.1870 0.2887 -0.9390
vn -0.1313 0.3184 -0.9388
vn -0.0596 0.3372 -0.9395
vn 0.0201 0.3412 -0.9398
vn 0.0971 0.3295 -0.9392
vn 0.1615 0.3046 -0.9387
vn 0.2076 0.2713 -0.9399
vn 0.2345 0.2345 -0.9434
vn -0.2058 0.2275 -0.9518
vn -0.1874 0.2622 -0.9466
vn -0.1547 0.2949 -0.9429
vn -0.1074 0.3216 -0.9408
vn -0.0484 0.3382 -0.9398
vn 0.0163 0.3416 -0.9397
vn 0.0791 0.3314 -0.9402
vn 0.1328 0.3093 -0.9417
vn 0.1729 0.2790 -0.9446
vn 0.1983 0.2449 -0.9491
vn 1.0000 -0.0000 -0.0000
vn 0.9518 -0.2763 -0.1328
vn 0.9533 -0.2982 0.0482
vn 0.9520 -0.2390 0.1912
vn 0.9625 -0.1552 0.2225
vn 0.9514 -0.0157 -0.3076
vn 0.9547 -0.2542 -0.1545
vn 0.9594 -0.2764 0.0566
vn 0.9513 -0.2169 0.2193
vn 0.9594 -0.1362 0.2468
vn 0.9540 -0.0141 -0.2995
vn 0.9614 -0.2121 -0.1755
vn 0.9705 -0.2323 0.0648
vn 0.9528 -0.1786 0.2456
vn 0.9571 -0.1088 0.2684
vn 0.9563 -0.0109 -0.2921
vn 0.9698 -0.1487 -0.1931
vn 0.9839 -0.1639 0.0718
vn 0.9557 -0.1239 0.2671
vn 0.9556 -0.0737 0.2852
vn 0.9581 -0.0074 -0.2862
vn 0.9766 -0.0675 -0.2042
vn 0.9943 -0.0747 0.0763
vn 0.9582 -0.0558 0.2805
vn 0.9548 -0.0327 0.2953
vn 0.9592 -0.0033 -0.2827
vn 0.9782 0.0228 -0.2066
vn 0.9967 0.0252 0.0773
vn 0.9589 0.0188 0.2833
vn 0.9547 0.0110 0.2974
vn 0.9594 0.0011 -0.2819
vn 0.9737 0.1099 -0.1996
vn 0.9898 0.1215 0.0745
vn 0.9571 0.0912 0.2750
vn 0.9551 0.0538 0.2912
vn 0.9588 0.0054 -0.2841
vn 0.9656 0.1829 -0.1849
vn 0.9772 0.2011 0.0685
vn 0.9541 0.1532 0.2572
vn 0.9563 0.0922 0.2776
vn 0.9573 0.0092 -0.2889
vn 0.6145 0.7889 -0.0000
vn 0.8287 0.5319 -0.1742
vn 0.9576 0.2358 -0.1653
vn 0.9644 0.2574 0.0608
vn 0.9518 0.1998 0.2329
vn 0.9582 0.1236 0.2581
vn 0.9552 0.0122 -0.2957
vn 0.3919 -0.9200 -0.0000
vn 0.6715 -0.6012 -0.4332
vn 0.9528 0.2676 -0.1436
vn 0.9556 0.2898 0.0524
vn 0.9513 0.2298 0.2053
vn 0.9609 0.1467 0.2349
vn 0.9526 0.0144 -0.3037
vn 0.9519 0.2811 -0.1223
vn 0.9522 0.3022 0.0442
vn 0.9532 0.2447 0.1773
vn 0.9642 0.1617 0.2099
vn 0.9498 0.0156 -0.3124
vn -0.2763 -0.9518 -0.1328
vn -0.2982 -0.9533 0.0482
vn -0.2390 -0.9520 0.1912
vn -0.1552 -0.9625 0.2225
vn 0.0297 -0.9735 -0.2268
vn 0.2277 -0.6974 0.6795
vn 0.7509 -0.6107 0.2512
vn 0.8485 -0.5292 -0.0000
vn 0.4858 -0.7719 -0.4101
vn 0.1293 -0.7588 -0.6384
vn -0.2542 -0.9547 -0.1545
vn -0.2764 -0.9594 0.0566
vn -0.2169 -0.9513 0.2193
vn -0.1362 -0.9594 0.2468
vn -0.0353 -0.9742 -0.2228
vn -0.0793 -0.7020 0.7077
vn 0.0792 -0.7951 0.6013
vn 0.2203 -0.9754 -0.0000
vn -0.0662 -0.7957 -0.6020
vn -0.0445 -0.7514 -0.6584
vn -0.2121 -0.9614 -0.1755
vn -0.2323 -0.9705 0.0648
vn -0.1786 -0.9528 0.2456
vn -0.1088 -0.9571 0.2684
vn -0.0836 -0.9662 -0.2439
vn -0.3507 -0.6923 0.6306
vn -0.8110 -0.5069 0.2921
vn -0.8922 -0.4516 -0.0000
vn -0.6240 -0.6753 -0.3933
vn -0.2021 -0.7748 -0.5991
vn -0.1487 -0.9698 -0.1931
vn -0.1639 -0.9839 0.0718
vn -0.1239 -0.9557 0.2671
vn -0.0737 -0.9556 0.2852
vn -0.0733 -0.9591 -0.2734
vn -0.5019 -0.7022 0.5049
vn -0.7724 -0.6340 0.0378
vn -0.8138 -0.5812 -0.0000
vn -0.6746 -0.7019 -0.2288
vn -0.2810 -0.8409 -0.4626
vn -0.0675 -0.9766 -0.2042
vn -0.0747 -0.9943 0.0763
vn -0.0558 -0.9582 0.2805
vn -0.0327 -0.9548 0.2953
vn -0.0035 -0.9592 -0.2826
vn -0.5225 -0.7704 0.3652
vn -0.7195 -0.6945 -0.0000
vn -0.6826 -0.7130 -0.1605
vn -0.2262 -0.9459 -0.2326
vn 0.0228 -0.9782 -0.2066
vn 0.0252 -0.9967 0.0773
vn 0.0188 -0.9589 0.2833
vn 0.0110 -0.9547 0.2974
vn 0.0011 -0.9594 -0.2819
vn 0.4689 -0.8363 0.2841
vn 0.6808 -0.7325 -0.0000
vn 0.6420 -0.7554 -0.1310
vn 0.1718 -0.9792 -0.1079
vn 0.1099 -0.9737 -0.1996
vn 0.1215 -0.9898 0.0745
vn 0.0912 -0.9571 0.2750
vn 0.0538 -0.9551 0.2912
vn 0.0365 -0.9589 -0.2814
vn 0.5298 -0.7268 0.4370
vn 0.7311 -0.6823 -0.0000
vn 0.6919 -0.6959 -0.1922
vn 0.2681 -0.8936 -0.3600
vn 0.1829 -0.9656 -0.1849
vn 0.2011 -0.9772 0.0685
vn 0.1532 -0.9541 0.2572
vn 0.0922 -0.9563 0.2776
vn 0.0879 -0.9618 -0.2593
vn 0.4423 -0.6923 0.5702
vn 0.8537 -0.5007 0.1433
vn 0.9114 -0.4115 -0.0000
vn 0.6750 -0.6809 -0.2842
vn 0.2553 -0.8014 -0.5409
vn 0.2358 -0.9576 -0.1653
vn 0.2574 -0.9644 0.0608
vn 0.1998 -0.9518 0.2329
vn 0.1236 -0.9582 0.2581
vn 0.0645 -0.9708 -0.2309
vn 0.5586 -0.6640 0.4970
vn 0.7039 -0.7103 -0.0000
vn 0.4046 -0.7394 -0.5382
vn 0.2676 -0.9528 -0.1436
vn 0.2898 -0.9556 0.0524
vn 0.2298 -0.9513 0.2053
vn 0.1467 -0.9609 0.2349
vn 0.0018 -0.9752 -0.2212
vn -0.5717 -0.6960 0.4345
vn -0.7393 -0.6734 -0.0000
vn -0.2733 -0.7985 -0.5364
vn 0.2811 -0.9519 -0.1223
vn 0.3022 -0.9522 0.0442
vn 0.2447 -0.9532 0.1773
vn 0.1617 -0.9642 0.2099
vn -0.0528 -0.9695 -0.2394
vn -0.7642 -0.6368 0.1021
vn -0.8470 -0.5317 -0.0000
vn -0.5497 -0.7682 -0.3281
vn -0.9520 -0.2392 -0.1910
vn -0.9513 -0.2170 -0.2191
vn -0.9528 -0.1787 -0.2454
vn -0.9557 -0.1240 -0.2669
vn -0.9583 -0.0559 -0.2803
vn -0.9589 0.0188 -0.2831
vn -0.9572 0.0913 -0.2748
vn -0.9542 0.1533 -0.2570
vn -0.9518 0.2000 -0.2326
vn -0.9513 0.2300 -0.2051
vn -1.0000 -0.0000 -0.0000
vn -0.9700 -0.1205 0.2110
vn -0.9558 -0.1961 0.2189
vn -0.9518 -0.2762 0.1332
vn -0.9533 -0.2983 -0.0478
vn -0.9675 -0.1041 0.2305
vn -0.9531 -0.1750 0.2469
vn -0.9547 -0.2540 0.1549
vn -0.9594 -0.2765 -0.0561
vn -0.9654 -0.0820 0.2474
vn -0.9516 -0.1419 0.2725
vn -0.9613 -0.2119 0.1760
vn -0.9705 -0.2324 -0.0642
vn -0.9639 -0.0550 0.2604
vn -0.9512 -0.0973 0.2928
vn -0.9698 -0.1486 0.1935
vn -0.9839 -0.1640 -0.0712
vn -0.9631 -0.0243 0.2680
vn -0.9513 -0.0435 0.3051
vn -0.9765 -0.0674 0.2047
vn -0.9943 -0.0747 -0.0756
vn -0.9629 0.0081 0.2696
vn -0.9514 0.0146 0.3077
vn -0.9781 0.0227 0.2071
vn -0.9967 0.0252 -0.0766
vn -0.9634 0.0400 0.2649
vn -0.9512 0.0713 0.3001
vn -0.9736 0.1098 0.2001
vn -0.9898 0.1215 -0.0738
vn -0.6145 0.7889 -0.0000
vn -0.8287 0.5319 0.1742
vn -0.9646 0.0691 0.2545
vn -0.9513 0.1209 0.2835
vn -0.9655 0.1828 0.1854
vn -0.9772 0.2012 -0.0679
vn -0.3919 -0.9200 -0.0000
vn -0.6715 -0.6012 0.4332
vn -0.9664 0.0937 0.2394
vn -0.9522 0.1600 0.2602
vn -0.9576 0.2356 0.1657
vn -0.9644 0.2574 -0.0602
vn -0.9687 0.1130 0.2210
vn -0.9543 0.1870 0.2331
vn -0.9528 0.2674 0.1440
vn -0.9557 0.2899 -0.0519
vn -0.9714 0.1266 0.2007
vn -0.9576 0.2025 0.2048
vn -0.9519 0.2809 0.1226
vn -0.9522 0.3022 -0.0438
vn -0.0000 -0.0000 1.0000
vn 0.0912 -0.1470 0.9849
vn -0.0439 -0.2761 0.9601
vn -0.0283 -0.0283 0.9992
vn 0.5016 -0.5016 0.7048
vn 0.3579 -0.8283 0.4310
vn -0.1304 -0.9031 0.4092
vn -0.5044 -0.7028 0.5017
vn -0.1622 -0.1622 0.9733
vn 0.1470 -0.0912 0.9849
vn 0.8283 -0.3579 0.4310
vn 0.6460 -0.6460 0.4066
vn -0.2827 -0.8403 0.4625
vn -0.7902 -0.4764 0.3856
vn -0.7408 -0.2509 0.6231
vn 0.2761 0.0439 0.9601
vn 0.9031 0.1304 0.4092
vn 0.8403 0.2827 0.4625
vn -0.5055 0.5055 0.6993
vn -0.9028 0.1823 0.3895
vn -0.8254 0.0932 0.5568
vn 0.0283 0.0283 0.9992
vn 0.7028 0.5044 0.5017
vn 0.4764 0.7902 0.3856
vn -0.1823 0.9028 0.3895
vn -0.6458 0.6458 0.4074
vn -0.5211 0.3002 0.7989
vn 0.1622 0.1622 0.9733
vn 0.2509 0.7408 0.6231
vn -0.0932 0.8254 0.5568
vn -0.3002 0.5211 0.7989
vn 0.2763 0.9518 -0.1328
vn 0.2982 0.9533 0.0482
vn 0.2390 0.9520 0.1912
vn 0.1552 0.9625 0.2225
vn 0.0151 0.9513 -0.3080
vn -0.0000 1.0000 -0.0000
vn 0.2542 0.9547 -0.1545
vn 0.2764 0.9594 0.0566
vn 0.2169 0.9513 0.2193
vn 0.1362 0.9594 0.2468
vn 0.0134 0.9540 -0.2996
vn -0.0370 0.9992 0.0121
vn 0.2121 0.9614 -0.1755
vn 0.2323 0.9705 0.0648
vn 0.1786 0.9528 0.2456
vn 0.1088 0.9571 0.2684
vn 0.0108 0.9563 -0.2921
vn -0.1537 0.9757 0.1564
vn -0.3990 0.8851 -0.2398
vn 0.1487 0.9698 -0.1931
vn 0.1639 0.9839 0.0718
vn 0.1239 0.9557 0.2671
vn 0.0737 0.9556 0.2852
vn 0.0074 0.9581 -0.2862
vn -0.0452 0.9544 0.2951
vn -0.1300 0.9205 -0.3685
vn -0.0000 0.5950 0.8037
vn 0.0675 0.9766 -0.2042
vn 0.0747 0.9943 0.0763
vn 0.0558 0.9582 0.2805
vn 0.0327 0.9548 0.2953
vn 0.0033 0.9592 -0.2827
vn -0.0000 0.9511 0.3088
vn 0.2093 0.9361 -0.2828
vn 0.0389 0.9975 0.0591
vn -0.0228 0.9782 -0.2066
vn -0.0252 0.9967 0.0773
vn -0.0188 0.9589 0.2833
vn -0.0110 0.9547 0.2974
vn -0.0011 0.9594 -0.2819
vn -0.1326 0.9747 -0.1797
vn -0.0188 0.9993 0.0336
vn -0.1099 0.9737 -0.1996
vn -0.1215 0.9898 0.0745
vn -0.0912 0.9571 0.2750
vn -0.0538 0.9551 0.2912
vn -0.0054 0.9588 -0.2841
vn -0.0569 0.9284 -0.3672
vn -0.1829 0.9656 -0.1849
vn -0.2011 0.9772 0.0685
vn -0.1532 0.9541 0.2572
vn -0.0922 0.9563 0.2776
vn -0.0092 0.9573 -0.2889
vn 0.1202 0.9625 0.2433
vn 0.3186 0.8946 -0.3133
vn -0.2358 0.9576 -0.1653
vn -0.2574 0.9644 0.0608
vn -0.1998 0.9518 0.2329
vn -0.1236 0.9582 0.2581
vn -0.0122 0.9552 -0.2957
vn 0.1277 0.9896 0.0658
vn -0.2676 0.9528 -0.1436
vn -0.2898 0.9556 0.0524
vn -0.2298 0.9513 0.2053
vn -0.1467 0.9609 0.2349
vn -0.0144 0.9526 -0.3037
vn -0.2811 0.9519 -0.1223
vn -0.3022 0.9522 0.0442
vn -0.2447 0.9532 0.1773
vn -0.1617 0.9642 0.2099
vn -0.0156 0.9498 -0.3124
vn -0.0151 0.9513 -0.3080
vn -0.1205 0.9700 0.2110
vn -0.1266 0.9714 0.2007
vn -0.1552 0.9625 0.2225
vn -0.1961 0.9558 0.2189
vn -0.2025 0.9576 0.2048
vn -0.2390 0.9520 0.1912
vn -0.2762 0.9518 0.1332
vn -0.2809 0.9519 0.1226
vn -0.2982 0.9533 0.0482
vn -0.2983 0.9533 -0.0478
vn -0.3022 0.9522 -0.0438
vn -0.2763 0.9518 -0.1328
vn -0.2392 0.9520 -0.1910
vn -0.2449 0.9532 -0.1771
vn 0.0370 0.9992 0.0121
vn -0.0134 0.9540 -0.2996
vn -0.1041 0.9675 0.2305
vn -0.1130 0.9687 0.2210
vn -0.1362 0.9594 0.2468
vn -0.1750 0.9531 0.2469
vn -0.1870 0.9543 0.2331
vn -0.2169 0.9513 0.2193
vn -0.2540 0.9547 0.1549
vn -0.2674 0.9528 0.1440
vn -0.2764 0.9594 0.0566
vn -0.2765 0.9594 -0.0561
vn -0.2899 0.9557 -0.0519
vn -0.2542 0.9547 -0.1545
vn -0.2170 0.9513 -0.2191
vn -0.2300 0.9513 -0.2051
vn 0.3990 0.8851 -0.2398
vn 0.3990 0.8851 0.2398
vn 0.3736 0.9134 0.1617
vn 0.1537 0.9757 0.1564
vn -0.0108 0.9563 -0.2921
vn -0.0820 0.9654 0.2474
vn -0.0937 0.9664 0.2394
vn -0.1088 0.9571 0.2684
vn -0.1419 0.9516 0.2725
vn -0.1600 0.9522 0.2602
vn -0.1786 0.9528 0.2456
vn -0.2119 0.9613 0.1760
vn -0.2356 0.9576 0.1657
vn -0.2323 0.9705 0.0648
vn -0.2324 0.9705 -0.0642
vn -0.2574 0.9644 -0.0602
vn -0.2121 0.9614 -0.1755
vn -0.1787 0.9528 -0.2454
vn -0.2000 0.9518 -0.2326
vn 0.0432 0.9119 0.4081
vn 0.2365 0.8837 0.4040
vn 0.1300 0.9205 -0.3685
vn 0.1300 0.9205 0.3685
vn 0.3186 0.8946 0.3133
vn 0.0452 0.9544 0.2951
vn -0.0074 0.9581 -0.2862
vn -0.0550 0.9639 0.2604
vn -0.0691 0.9646 0.2545
vn -0.0737 0.9556 0.2852
vn -0.0973 0.9512 0.2928
vn -0.1209 0.9513 0.2835
vn -0.1239 0.9557 0.2671
vn -0.1486 0.9698 0.1936
vn -0.1828 0.9655 0.1854
vn -0.1639 0.9839 0.0718
vn -0.1640 0.9839 -0.0712
vn -0.2011 0.9772 -0.0679
vn -0.1487 0.9698 -0.1931
vn -0.1240 0.9557 -0.2669
vn -0.1533 0.9542 -0.2570
vn -0.0389 0.9975 0.0591
vn 0.0072 1.0000 0.0055
vn 0.0049 1.0000 0.0016
vn -0.0000 0.9180 0.3966
vn -0.2093 0.9361 -0.2828
vn -0.2093 0.9361 0.2828
vn -0.0569 0.9284 0.3672
vn -0.0033 0.9592 -0.2827
vn -0.0243 0.9631 0.2680
vn -0.0400 0.9634 0.2649
vn -0.0327 0.9548 0.2953
vn -0.0435 0.9513 0.3051
vn -0.0713 0.9512 0.3001
vn -0.0558 0.9582 0.2805
vn -0.0674 0.9765 0.2047
vn -0.1098 0.9736 0.2001
vn -0.0747 0.9943 0.0763
vn -0.0747 0.9943 -0.0756
vn -0.1215 0.9898 -0.0738
vn -0.0675 0.9766 -0.2042
vn -0.0559 0.9583 -0.2803
vn -0.0913 0.9572 -0.2748
vn 0.0912 0.9644 -0.2483
vn -0.0912 0.9644 -0.2483
vn 0.0188 0.9993 0.0336
vn -0.0031 1.0000 0.0089
vn 0.0031 1.0000 0.0089
vn 0.1326 0.9747 -0.1797
vn 0.1326 0.9747 0.1797
vn -0.1326 0.9747 0.1797
vn 0.0011 0.9594 -0.2819
vn 0.0081 0.9629 0.2696
vn -0.0081 0.9629 0.2696
vn 0.0110 0.9547 0.2974
vn 0.0146 0.9514 0.3077
vn -0.0146 0.9514 0.3077
vn 0.0188 0.9589 0.2833
vn 0.0227 0.9781 0.2071
vn -0.0227 0.9781 0.2071
vn 0.0252 0.9967 0.0773
vn 0.0252 0.9967 -0.0766
vn -0.0252 0.9967 -0.0766
vn 0.0228 0.9782 -0.2066
vn 0.0188 0.9589 -0.2831
vn -0.0188 0.9589 -0.2831
vn -0.0049 1.0000 0.0016
vn -0.0072 1.0000 0.0055
vn 0.0569 0.9284 -0.3672
vn 0.0569 0.9284 0.3672
vn 0.2093 0.9361 0.2828
vn 0.0054 0.9588 -0.2841
vn 0.0400 0.9634 0.2649
vn 0.0243 0.9631 0.2680
vn 0.0538 0.9551 0.2912
vn 0.0713 0.9512 0.3001
vn 0.0435 0.9513 0.3051
vn 0.0912 0.9571 0.2750
vn 0.1098 0.9736 0.2001
vn 0.0674 0.9765 0.2047
vn 0.1215 0.9898 0.0745
vn 0.1215 0.9898 -0.0738
vn 0.0747 0.9943 -0.0756
vn 0.1099 0.9737 -0.1996
vn 0.0913 0.9572 -0.2748
vn 0.0559 0.9583 -0.2803
vn -0.2365 0.8837 0.4040
vn -0.0432 0.9119 0.4081
vn -0.3186 0.8946 -0.3133
vn -0.3186 0.8946 0.3133
vn -0.1300 0.9205 0.3685
vn -0.1202 0.9625 0.2433
vn 0.0092 0.9573 -0.2889
vn 0.0691 0.9646 0.2545
vn 0.0550 0.9639 0.2604
vn 0.0922 0.9563 0.2776
vn 0.1209 0.9513 0.2835
vn 0.0973 0.9512 0.2928
vn 0.1532 0.9541 0.2572
vn 0.1828 0.9655 0.1854
vn 0.1486 0.9698 0.1936
vn 0.2011 0.9772 0.0685
vn 0.2011 0.9772 -0.0679
vn 0.1640 0.9839 -0.0712
vn 0.1829 0.9656 -0.1849
vn 0.1533 0.9542 -0.2570
vn 0.1240 0.9557 -0.2669
vn -0.3736 0.9134 0.1617
vn -0.3990 0.8851 0.2398
vn -0.1277 0.9896 0.0658
vn 0.0122 0.9552 -0.2957
vn 0.0937 0.9664 0.2394
vn 0.0820 0.9654 0.2474
vn 0.1236 0.9582 0.2581
vn 0.1600 0.9522 0.2602
vn 0.1419 0.9516 0.2725
vn 0.1998 0.9518 0.2329
vn 0.2356 0.9576 0.1657
vn 0.2119 0.9613 0.1760
vn 0.2574 0.9644 0.0608
vn 0.2574 0.9644 -0.0602
vn 0.2324 0.9705 -0.0642
vn 0.2358 0.9576 -0.1653
vn 0.2000 0.9518 -0.2326
vn 0.1787 0.9528 -0.2454
vn 0.0144 0.9526 -0.3037
vn 0.1130 0.9687 0.2210
vn 0.1041 0.9675 0.2305
vn 0.1467 0.9609 0.2349
vn 0.1870 0.9543 0.2331
vn 0.1750 0.9531 0.2469
vn 0.2298 0.9513 0.2053
vn 0.2674 0.9528 0.1440
vn 0.2540 0.9547 0.1549
vn 0.2898 0.9556 0.0524
vn 0.2899 0.9557 -0.0519
vn 0.2765 0.9594 -0.0561
vn 0.2676 0.9528 -0.1436
vn 0.2300 0.9513 -0.2051
vn 0.2170 0.9513 -0.2191
vn 0.0156 0.9498 -0.3124
vn 0.1266 0.9714 0.2007
vn 0.1205 0.9700 0.2110
vn 0.1617 0.9642 0.2099
vn 0.2025 0.9576 0.2048
vn 0.1961 0.9558 0.2189
vn 0.2447 0.9532 0.1773
vn 0.2809 0.9519 0.1226
vn 0.2762 0.9518 0.1332
vn 0.3022 0.9522 0.0442
vn 0.3022 0.9522 -0.0438
vn 0.2983 0.9533 -0.0478
vn 0.2811 0.9519 -0.1223
vn 0.2449 0.9532 -0.1771
vn 0.2392 0.9520 -0.1910
vn -0.0283 0.0283 0.9992
vn -0.0912 0.1470 0.9849
vn -0.0439 0.2761 0.9601
vn 0.0439 0.2761 0.9601
vn 0.0912 0.1470 0.9849
vn -0.1622 0.1622 0.9733
vn -0.5016 0.5016 0.7048
vn -0.5044 0.7028 0.5017
vn -0.3579 0.8283 0.4310
vn -0.2509 0.7408 0.6231
vn -0.1304 0.9031 0.4092
vn 0.1304 0.9031 0.4092
vn 0.0932 0.8254 0.5568
vn 0.3579 0.8283 0.4310
vn 0.5044 0.7028 0.5017
vn 0.3002 0.5211 0.7989
vn 0.5016 0.5016 0.7048
vn -0.1470 0.0912 0.9849
vn -0.7408 0.2509 0.6231
vn -0.8283 0.3579 0.4310
vn -0.7028 0.5044 0.5017
vn -0.7902 0.4764 0.3856
vn -0.6460 0.6460 0.4066
vn -0.4764 0.7902 0.3856
vn -0.2827 0.8403 0.4625
vn 0.2827 0.8403 0.4625
vn 0.1823 0.9028 0.3895
vn 0.6460 0.6460 0.4066
vn 0.7902 0.4764 0.3856
vn 0.6458 0.6458 0.4074
vn 0.8283 0.3579 0.4310
vn 0.7408 0.2509 0.6231
vn 0.5211 0.3002 0.7989
vn 0.1470 0.0912 0.9849
vn -0.2761 -0.0439 0.9601
vn -0.2761 0.0439 0.9601
vn -0.8254 -0.0932 0.5568
vn -0.9031 -0.1304 0.4092
vn -0.9031 0.1304 0.4092
vn -0.9028 -0.1823 0.3895
vn -0.8403 -0.2827 0.4625
vn -0.8403 0.2827 0.4625
vn -0.5055 -0.5055 0.6993
vn 0.5055 -0.5055 0.6993
vn 0.5055 0.5055 0.6993
vn 0.8403 -0.2827 0.4625
vn 0.9028 -0.1823 0.3895
vn 0.9028 0.1823 0.3895
vn 0.9031 -0.1304 0.4092
vn 0.8254 -0.0932 0.5568
vn 0.8254 0.0932 0.5568
vn 0.2761 -0.0439 0.9601
vn -0.1470 -0.0912 0.9849
vn -0.5211 -0.3002 0.7989
vn -0.7028 -0.5044 0.5017
vn -0.8283 -0.3579 0.4310
vn -0.6458 -0.6458 0.4074
vn -0.4764 -0.7902 0.3856
vn -0.6460 -0.6460 0.4066
vn -0.1823 -0.9028 0.3895
vn 0.1823 -0.9028 0.3895
vn 0.2827 -0.8403 0.4625
vn 0.4764 -0.7902 0.3856
vn 0.6458 -0.6458 0.4074
vn 0.7902 -0.4764 0.3856
vn 0.7028 -0.5044 0.5017
vn 0.5211 -0.3002 0.7989
vn 0.7408 -0.2509 0.6231
vn 0.0283 -0.0283 0.9992
vn -0.5016 -0.5016 0.7048
vn -0.3002 -0.5211 0.7989
vn -0.2509 -0.7408 0.6231
vn -0.3579 -0.8283 0.4310
vn -0.0932 -0.8254 0.5568
vn 0.0932 -0.8254 0.5568
vn 0.1304 -0.9031 0.4092
vn 0.2509 -0.7408 0.6231
vn 0.3002 -0.5211 0.7989
vn 0.5044 -0.7028 0.5017
vn 0.1622 -0.1622 0.9733
vn -0.0912 -0.1470 0.9849
vn 0.0439 -0.2761 0.9601
vn -0.9533 0.2983 -0.0478
vn -0.9533 0.2982 0.0482
vn -0.9522 0.3022 0.0442
vn -0.9518 0.2762 0.1332
vn -0.9520 0.2390 0.1912
vn -0.9532 0.2447 0.1773
vn -0.9558 0.1961 0.2189
vn -0.9625 0.1552 0.2225
vn -0.9642 0.1617 0.2099
vn -0.9700 0.1205 0.2110
vn -0.9513 0.0151 -0.3080
vn -0.9498 0.0156 -0.3124
vn -0.9594 0.2765 -0.0561
vn -0.9594 0.2764 0.0566
vn -0.9556 0.2898 0.0524
vn -0.9547 0.2540 0.1549
vn -0.9513 0.2169 0.2193
vn -0.9513 0.2298 0.2053
vn -0.9531 0.1750 0.2469
vn -0.9594 0.1362 0.2468
vn -0.9609 0.1467 0.2349
vn -0.9675 0.1041 0.2305
vn -0.9540 0.0134 -0.2996
vn -0.9526 0.0144 -0.3037
vn -0.8287 -0.5319 0.1742
vn -0.6145 -0.7889 -0.0000
vn -0.8287 -0.5319 -0.1742
vn -0.9705 0.2324 -0.0642
vn -0.9705 0.2323 0.0648
vn -0.9644 0.2574 0.0608
vn -0.9613 0.2119 0.1760
vn -0.9528 0.1786 0.2456
vn -0.9518 0.1998 0.2329
vn -0.9516 0.1419 0.2725
vn -0.9571 0.1088 0.2684
vn -0.9582 0.1236 0.2581
vn -0.9654 0.0820 0.2474
vn -0.9563 0.0108 -0.2921
vn -0.9552 0.0122 -0.2957
vn -0.6715 0.6012 0.4332
vn -0.3919 0.9200 -0.0000
vn -0.6715 0.6012 -0.4332
vn -0.6715 -0.6012 -0.4332
vn -0.9839 0.1640 -0.0712
vn -0.9839 0.1639 0.0718
vn -0.9772 0.2011 0.0685
vn -0.9698 0.1486 0.1935
vn -0.9557 0.1239 0.2671
vn -0.9541 0.1532 0.2572
vn -0.9512 0.0973 0.2928
vn -0.9556 0.0737 0.2852
vn -0.9563 0.0922 0.2776
vn -0.9639 0.0550 0.2604
vn -0.9581 0.0074 -0.2862
vn -0.9573 0.0092 -0.2889
vn -0.8287 0.5319 -0.1742
vn -0.9943 0.0747 -0.0756
vn -0.9943 0.0747 0.0763
vn -0.9898 0.1215 0.0745
vn -0.9765 0.0674 0.2047
vn -0.9582 0.0558 0.2805
vn -0.9571 0.0912 0.2750
vn -0.9513 0.0435 0.3051
vn -0.9548 0.0327 0.2953
vn -0.9551 0.0538 0.2912
vn -0.9631 0.0243 0.2680
vn -0.9592 0.0033 -0.2827
vn -0.9588 0.0054 -0.2841
vn -0.9967 -0.0252 -0.0766
vn -0.9967 -0.0252 0.0773
vn -0.9967 0.0252 0.0773
vn -0.9781 -0.0227 0.2071
vn -0.9589 -0.0188 0.2833
vn -0.9589 0.0188 0.2833
vn -0.9514 -0.0146 0.3077
vn -0.9547 -0.0110 0.2974
vn -0.9547 0.0110 0.2974
vn -0.9629 -0.0081 0.2696
vn -0.9594 -0.0011 -0.2819
vn -0.9594 0.0011 -0.2819
vn -0.9898 -0.1215 -0.0738
vn -0.9898 -0.1215 0.0745
vn -0.9943 -0.0747 0.0763
vn -0.9736 -0.1098 0.2001
vn -0.9571 -0.0912 0.2750
vn -0.9582 -0.0558 0.2805
vn -0.9512 -0.0713 0.3001
vn -0.9551 -0.0538 0.2912
vn -0.9548 -0.0327 0.2953
vn -0.9634 -0.0400 0.2649
vn -0.9588 -0.0054 -0.2841
vn -0.9592 -0.0033 -0.2827
vn -0.9772 -0.2012 -0.0679
vn -0.9772 -0.2011 0.0685
vn -0.9839 -0.1639 0.0718
vn -0.9655 -0.1828 0.1854
vn -0.9541 -0.1532 0.2572
vn -0.9557 -0.1239 0.2671
vn -0.9513 -0.1209 0.2835
vn -0.9563 -0.0922 0.2776
vn -0.9556 -0.0737 0.2852
vn -0.9646 -0.0691 0.2545
vn -0.9573 -0.0092 -0.2889
vn -0.9581 -0.0074 -0.2862
vn -0.9644 -0.2574 -0.0602
vn -0.9644 -0.2574 0.0608
vn -0.9705 -0.2323 0.0648
vn -0.9576 -0.2356 0.1657
vn -0.9518 -0.1998 0.2329
vn -0.9528 -0.1786 0.2456
vn -0.9522 -0.1600 0.2602
vn -0.9582 -0.1236 0.2581
vn -0.9571 -0.1088 0.2684
vn -0.9664 -0.0937 0.2394
vn -0.9552 -0.0126 -0.2957
vn -0.9563 -0.0109 -0.2921
vn -0.9557 -0.2899 -0.0519
vn -0.9556 -0.2898 0.0524
vn -0.9594 -0.2764 0.0566
vn -0.9528 -0.2674 0.1440
vn -0.9513 -0.2298 0.2053
vn -0.9513 -0.2169 0.2193
vn -0.9543 -0.1870 0.2331
vn -0.9609 -0.1467 0.2349
vn -0.9594 -0.1362 0.2468
vn -0.9687 -0.1130 0.2210
vn -0.9527 -0.0152 -0.3035
vn -0.9540 -0.0141 -0.2995
vn -0.9522 -0.3022 -0.0438
vn -0.9522 -0.3022 0.0442
vn -0.9533 -0.2982 0.0482
vn -0.9519 -0.2809 0.1226
vn -0.9532 -0.2447 0.1773
vn -0.9520 -0.2390 0.1912
vn -0.9576 -0.2025 0.2048
vn -0.9642 -0.1617 0.2099
vn -0.9625 -0.1552 0.2225
vn -0.9714 -0.1266 0.2007
vn -0.9500 -0.0159 -0.3118
vn -0.9514 -0.0157 -0.3076
vn -0.9513 0.2170 -0.2191
vn -0.9547 0.2542 -0.1545
vn -0.9528 0.2676 -0.1436
vn -0.9528 0.1787 -0.2454
vn -0.9614 0.2121 -0.1755
vn -0.9576 0.2358 -0.1653
vn -0.9557 0.1240 -0.2669
vn -0.9698 0.1487 -0.1931
vn -0.9656 0.1829 -0.1849
vn -0.9583 0.0559 -0.2803
vn -0.9766 0.0675 -0.2042
vn -0.9737 0.1099 -0.1996
vn -0.9589 -0.0188 -0.2831
vn -0.9782 -0.0228 -0.2066
vn -0.9782 0.0228 -0.2066
vn -0.9572 -0.0913 -0.2748
vn -0.9737 -0.1099 -0.1996
vn -0.9766 -0.0675 -0.2042
vn -0.9542 -0.1533 -0.2570
vn -0.9656 -0.1829 -0.1849
vn -0.9698 -0.1487 -0.1931
vn -0.9518 -0.2000 -0.2326
vn -0.9576 -0.2358 -0.1653
vn -0.9614 -0.2121 -0.1755
vn -0.9513 -0.2300 -0.2051
vn -0.9528 -0.2676 -0.1436
vn -0.9547 -0.2542 -0.1545
vn -0.9532 -0.2449 -0.1771
vn -0.9519 -0.2811 -0.1223
vn -0.9518 -0.2764 -0.1328
vn -0.1293 -0.7588 -0.6384
vn -0.2277 -0.6974 -0.6795
vn -0.3507 -0.6923 -0.6306
vn -0.4858 -0.7719 -0.4101
vn -0.7509 -0.6107 -0.2512
vn -0.7642 -0.6368 -0.1021
vn -0.8485 -0.5292 -0.0000
vn -0.7509 -0.6107 0.2512
vn -0.4858 -0.7719 0.4101
vn -0.5497 -0.7682 0.3281
vn -0.2277 -0.6974 0.6795
vn -0.1293 -0.7588 0.6384
vn -0.2021 -0.7748 0.5991
vn -0.0297 -0.9735 -0.2268
vn 0.1205 -0.9700 0.2110
vn 0.1266 -0.9714 0.2007
vn 0.1552 -0.9625 0.2225
vn 0.1961 -0.9558 0.2189
vn 0.2025 -0.9576 0.2048
vn 0.2390 -0.9520 0.1912
vn 0.2762 -0.9518 0.1332
vn 0.2809 -0.9519 0.1226
vn 0.2982 -0.9533 0.0482
vn 0.2983 -0.9533 -0.0478
vn 0.3022 -0.9522 -0.0438
vn 0.2763 -0.9518 -0.1328
vn 0.2392 -0.9520 -0.1910
vn 0.2449 -0.9532 -0.1771
vn 0.0445 -0.7514 -0.6584
vn 0.0793 -0.7020 -0.7077
vn -0.0793 -0.7020 -0.7077
vn 0.0662 -0.7957 -0.6020
vn -0.0792 -0.7951 -0.6013
vn -0.5717 -0.6960 -0.4345
vn -0.2203 -0.9754 -0.0000
vn -0.0792 -0.7951 0.6013
vn 0.0662 -0.7957 0.6020
vn -0.2733 -0.7985 0.5364
vn 0.0793 -0.7020 0.7077
vn 0.0445 -0.7514 0.6584
vn -0.0445 -0.7514 0.6584
vn 0.0353 -0.9742 -0.2228
vn 0.1041 -0.9675 0.2305
vn 0.1130 -0.9687 0.2210
vn 0.1362 -0.9594 0.2468
vn 0.1750 -0.9531 0.2469
vn 0.1870 -0.9543 0.2331
vn 0.2169 -0.9513 0.2193
vn 0.2540 -0.9547 0.1549
vn 0.2674 -0.9528 0.1440
vn 0.2764 -0.9594 0.0566
vn 0.2765 -0.9594 -0.0561
vn 0.2899 -0.9557 -0.0519
vn 0.2542 -0.9547 -0.1545
vn 0.2170 -0.9513 -0.2191
vn 0.2300 -0.9513 -0.2051
vn 0.2021 -0.7748 -0.5991
vn 0.3507 -0.6923 -0.6306
vn 0.2277 -0.6974 -0.6795
vn 0.6240 -0.6753 -0.3933
vn 0.8110 -0.5069 -0.2921
vn 0.5586 -0.6640 -0.4970
vn 0.8922 -0.4516 -0.0000
vn 0.8110 -0.5069 0.2921
vn 0.6240 -0.6753 0.3933
vn 0.4046 -0.7394 0.5382
vn 0.3507 -0.6923 0.6306
vn 0.2021 -0.7748 0.5991
vn 0.1293 -0.7588 0.6384
vn 0.0836 -0.9662 -0.2439
vn 0.0820 -0.9654 0.2474
vn 0.0937 -0.9664 0.2394
vn 0.1088 -0.9571 0.2684
vn 0.1419 -0.9516 0.2725
vn 0.1600 -0.9522 0.2602
vn 0.1786 -0.9528 0.2456
vn 0.2119 -0.9613 0.1760
vn 0.2356 -0.9576 0.1657
vn 0.2323 -0.9705 0.0648
vn 0.2324 -0.9705 -0.0642
vn 0.2574 -0.9644 -0.0602
vn 0.2121 -0.9614 -0.1755
vn 0.1787 -0.9528 -0.2454
vn 0.2000 -0.9518 -0.2326
vn 0.2810 -0.8409 -0.4626
vn 0.5019 -0.7022 -0.5049
vn 0.4423 -0.6923 -0.5702
vn 0.6746 -0.7019 -0.2288
vn 0.7724 -0.6340 -0.0378
vn 0.8537 -0.5007 -0.1433
vn 0.8138 -0.5812 -0.0000
vn 0.7724 -0.6340 0.0378
vn 0.6746 -0.7019 0.2288
vn 0.6750 -0.6809 0.2842
vn 0.5019 -0.7022 0.5049
vn 0.2810 -0.8409 0.4626
vn 0.2553 -0.8014 0.5409
vn 0.0733 -0.9591 -0.2734
vn 0.0550 -0.9639 0.2604
vn 0.0691 -0.9646 0.2545
vn 0.0737 -0.9556 0.2852
vn 0.0973 -0.9512 0.2928
vn 0.1209 -0.9513 0.2835
vn 0.1239 -0.9557 0.2671
vn 0.1486 -0.9698 0.1936
vn 0.1828 -0.9655 0.1854
vn 0.1639 -0.9839 0.0718
vn 0.1640 -0.9839 -0.0712
vn 0.2012 -0.9772 -0.0679
vn 0.1487 -0.9698 -0.1931
vn 0.1240 -0.9557 -0.2669
vn 0.1533 -0.9542 -0.2570
vn 0.2262 -0.9459 -0.2326
vn 0.5225 -0.7704 -0.3652
vn 0.5298 -0.7268 -0.4370
vn 0.6826 -0.7130 -0.1605
vn 0.7195 -0.6945 -0.0000
vn 0.6826 -0.7130 0.1605
vn 0.6919 -0.6959 0.1922
vn 0.5225 -0.7704 0.3652
vn 0.2262 -0.9459 0.2326
vn 0.2681 -0.8936 0.3600
vn 0.0035 -0.9592 -0.2826
vn 0.0243 -0.9631 0.2680
vn 0.0400 -0.9634 0.2649
vn 0.0327 -0.9548 0.2953
vn 0.0435 -0.9513 0.3051
vn 0.0713 -0.9512 0.3001
vn 0.0558 -0.9582 0.2805
vn 0.0674 -0.9765 0.2047
vn 0.1098 -0.9736 0.2001
vn 0.0747 -0.9943 0.0763
vn 0.0747 -0.9943 -0.0756
vn 0.1215 -0.9898 -0.0738
vn 0.0675 -0.9766 -0.2042
vn 0.0559 -0.9583 -0.2803
vn 0.0913 -0.9572 -0.2748
vn -0.1718 -0.9792 -0.1079
vn -0.4689 -0.8363 -0.2841
vn 0.4689 -0.8363 -0.2841
vn -0.6420 -0.7554 -0.1310
vn -0.6808 -0.7325 -0.0000
vn -0.6420 -0.7554 0.1310
vn 0.6420 -0.7554 0.1310
vn -0.4689 -0.8363 0.2841
vn -0.1718 -0.9792 0.1079
vn 0.1718 -0.9792 0.1079
vn -0.0011 -0.9594 -0.2819
vn -0.0081 -0.9629 0.2696
vn 0.0081 -0.9629 0.2696
vn -0.0110 -0.9547 0.2974
vn -0.0146 -0.9514 0.3077
vn 0.0146 -0.9514 0.3077
vn -0.0188 -0.9589 0.2833
vn -0.0227 -0.9781 0.2071
vn 0.0227 -0.9781 0.2071
vn -0.0252 -0.9967 0.0773
vn -0.0252 -0.9967 -0.0766
vn 0.0252 -0.9967 -0.0766
vn -0.0228 -0.9782 -0.2066
vn -0.0188 -0.9589 -0.2831
vn 0.0188 -0.9589 -0.2831
vn -0.2681 -0.8936 -0.3600
vn -0.5298 -0.7268 -0.4370
vn -0.5225 -0.7704 -0.3652
vn -0.6919 -0.6959 -0.1922
vn -0.7311 -0.6823 -0.0000
vn -0.6919 -0.6959 0.1922
vn -0.6826 -0.7130 0.1605
vn -0.5298 -0.7268 0.4370
vn -0.2681 -0.8936 0.3600
vn -0.2262 -0.9459 0.2326
vn -0.0365 -0.9589 -0.2814
vn -0.0400 -0.9634 0.2649
vn -0.0243 -0.9631 0.2680
vn -0.0538 -0.9551 0.2912
vn -0.0713 -0.9512 0.3001
vn -0.0435 -0.9513 0.3051
vn -0.0912 -0.9571 0.2750
vn -0.1098 -0.9736 0.2001
vn -0.0674 -0.9765 0.2047
vn -0.1215 -0.9898 0.0745
vn -0.1215 -0.9898 -0.0738
vn -0.0747 -0.9943 -0.0756
vn -0.1099 -0.9737 -0.1996
vn -0.0913 -0.9572 -0.2748
vn -0.0559 -0.9583 -0.2803
vn -0.2553 -0.8014 -0.5409
vn -0.4423 -0.6923 -0.5702
vn -0.5019 -0.7022 -0.5049
vn -0.6750 -0.6809 -0.2842
vn -0.8537 -0.5007 -0.1433
vn -0.7724 -0.6340 -0.0378
vn -0.9114 -0.4115 -0.0000
vn -0.8537 -0.5007 0.1433
vn -0.6750 -0.6809 0.2842
vn -0.6746 -0.7019 0.2288
vn -0.4423 -0.6923 0.5702
vn -0.2553 -0.8014 0.5409
vn -0.2810 -0.8409 0.4626
vn -0.0879 -0.9618 -0.2593
vn -0.0691 -0.9646 0.2545
vn -0.0550 -0.9639 0.2604
vn -0.0922 -0.9563 0.2776
vn -0.1209 -0.9513 0.2835
vn -0.0973 -0.9512 0.2928
vn -0.1532 -0.9541 0.2572
vn -0.1828 -0.9655 0.1854
vn -0.1486 -0.9698 0.1936
vn -0.2011 -0.9772 0.0685
vn -0.2012 -0.9772 -0.0679
vn -0.1640 -0.9839 -0.0712
vn -0.1829 -0.9656 -0.1849
vn -0.1533 -0.9542 -0.2570
vn -0.1240 -0.9557 -0.2669
vn -0.4046 -0.7394 -0.5382
vn -0.5586 -0.6640 -0.4970
vn -0.8110 -0.5069 -0.2921
vn -0.7039 -0.7103 -0.0000
vn -0.5586 -0.6640 0.4970
vn -0.4046 -0.7394 0.5382
vn -0.6240 -0.6753 0.3933
vn -0.0645 -0.9708 -0.2309
vn -0.0937 -0.9664 0.2394
vn -0.0820 -0.9654 0.2474
vn -0.1236 -0.9582 0.2581
vn -0.1600 -0.9522 0.2602
vn -0.1419 -0.9516 0.2725
vn -0.1998 -0.9518 0.2329
vn -0.2356 -0.9576 0.1657
vn -0.2119 -0.9613 0.1760
vn -0.2574 -0.9644 0.0608
vn -0.2574 -0.9644 -0.0602
vn -0.2324 -0.9705 -0.0642
vn -0.2358 -0.9576 -0.1653
vn -0.2000 -0.9518 -0.2326
vn -0.1787 -0.9528 -0.2454
vn 0.2733 -0.7985 -0.5364
vn 0.5717 -0.6960 -0.4345
vn 0.0792 -0.7951 -0.6013
vn 0.7393 -0.6734 -0.0000
vn 0.5717 -0.6960 0.4345
vn 0.2733 -0.7985 0.5364
vn -0.0662 -0.7957 0.6020
vn -0.0018 -0.9752 -0.2212
vn -0.1130 -0.9687 0.2210
vn -0.1041 -0.9675 0.2305
vn -0.1467 -0.9609 0.2349
vn -0.1870 -0.9543 0.2331
vn -0.1750 -0.9531 0.2469
vn -0.2298 -0.9513 0.2053
vn -0.2674 -0.9528 0.1440
vn -0.2540 -0.9547 0.1549
vn -0.2898 -0.9556 0.0524
vn -0.2899 -0.9557 -0.0519
vn -0.2765 -0.9594 -0.0561
vn -0.2676 -0.9528 -0.1436
vn -0.2300 -0.9513 -0.2051
vn -0.2170 -0.9513 -0.2191
vn 0.5497 -0.7682 -0.3281
vn 0.7642 -0.6368 -0.1021
vn 0.7509 -0.6107 -0.2512
vn 0.8470 -0.5317 -0.0000
vn 0.7642 -0.6368 0.1021
vn 0.5497 -0.7682 0.3281
vn 0.4858 -0.7719 0.4101
vn 0.0528 -0.9695 -0.2394
vn -0.1266 -0.9714 0.2007
vn -0.1205 -0.9700 0.2110
vn -0.1617 -0.9642 0.2099
vn -0.2025 -0.9576 0.2048
vn -0.1961 -0.9558 0.2189
vn -0.2447 -0.9532 0.1773
vn -0.2809 -0.9519 0.1226
vn -0.2762 -0.9518 0.1332
vn -0.3022 -0.9522 0.0442
vn -0.3022 -0.9522 -0.0438
vn -0.2983 -0.9533 -0.0478
vn -0.2811 -0.9519 -0.1223
vn -0.2449 -0.9532 -0.1771
vn -0.2392 -0.9520 -0.1910
vn 0.0158 -0.9829 -0.1837
vn -0.0158 -0.9829 -0.1837
vn 0.0655 -0.9895 -0.1289
vn 0.0447 -0.9854 -0.1643
vn 0.0623 -0.9973 -0.0399
vn 0.0729 -0.9938 -0.0840
vn 0.0002 -1.0000 -0.0001
vn 0.0297 -0.9995 -0.0099
vn -0.0297 -0.9995 -0.0099
vn -0.0002 -1.0000 -0.0001
vn -0.0729 -0.9938 -0.0840
vn -0.0623 -0.9973 -0.0399
vn -0.0447 -0.9854 -0.1643
vn -0.0655 -0.9895 -0.1289
vn 0.9513 0.0151 -0.3080
vn 0.9700 0.1205 0.2110
vn 0.9714 0.1266 0.2007
vn 0.9625 0.1552 0.2225
vn 0.9558 0.1961 0.2189
vn 0.9576 0.2025 0.2048
vn 0.9520 0.2390 0.1912
vn 0.9518 0.2762 0.1332
vn 0.9519 0.2809 0.1226
vn 0.9533 0.2982 0.0482
vn 0.9533 0.2983 -0.0478
vn 0.9522 0.3022 -0.0438
vn 0.9518 0.2763 -0.1328
vn 0.9520 0.2392 -0.1910
vn 0.9532 0.2449 -0.1771
vn 0.8287 -0.5319 -0.1742
vn 0.6145 -0.7889 -0.0000
vn 0.8287 -0.5319 0.1742
vn 0.9540 0.0134 -0.2996
vn 0.9675 0.1041 0.2305
vn 0.9687 0.1130 0.2210
vn 0.9594 0.1362 0.2468
vn 0.9531 0.1750 0.2469
vn 0.9543 0.1870 0.2331
vn 0.9513 0.2169 0.2193
vn 0.9547 0.2540 0.1549
vn 0.9528 0.2674 0.1440
vn 0.9594 0.2764 0.0566
vn 0.9594 0.2765 -0.0561
vn 0.9557 0.2899 -0.0519
vn 0.9547 0.2542 -0.1545
vn 0.9513 0.2170 -0.2191
vn 0.9513 0.2300 -0.2051
vn 0.6715 0.6012 -0.4332
vn 0.3919 0.9200 -0.0000
vn 0.6715 0.6012 0.4332
vn 0.6715 -0.6012 0.4332
vn 0.9563 0.0108 -0.2921
vn 0.9654 0.0820 0.2474
vn 0.9664 0.0937 0.2394
vn 0.9571 0.1088 0.2684
vn 0.9516 0.1419 0.2725
vn 0.9522 0.1600 0.2602
vn 0.9528 0.1786 0.2456
vn 0.9613 0.2119 0.1760
vn 0.9576 0.2356 0.1657
vn 0.9705 0.2323 0.0648
vn 0.9705 0.2324 -0.0642
vn 0.9644 0.2574 -0.0602
vn 0.9614 0.2121 -0.1755
vn 0.9528 0.1787 -0.2454
vn 0.9518 0.2000 -0.2326
vn 0.8287 0.5319 0.1742
vn 0.9581 0.0074 -0.2862
vn 0.9639 0.0550 0.2604
vn 0.9646 0.0691 0.2545
vn 0.9556 0.0737 0.2852
vn 0.9512 0.0973 0.2928
vn 0.9513 0.1209 0.2835
vn 0.9557 0.1239 0.2671
vn 0.9698 0.1486 0.1935
vn 0.9655 0.1828 0.1854
vn 0.9839 0.1639 0.0718
vn 0.9839 0.1640 -0.0712
vn 0.9772 0.2012 -0.0679
vn 0.9698 0.1487 -0.1931
vn 0.9557 0.1240 -0.2669
vn 0.9542 0.1533 -0.2570
vn 0.9592 0.0033 -0.2827
vn 0.9631 0.0243 0.2680
vn 0.9634 0.0400 0.2649
vn 0.9548 0.0327 0.2953
vn 0.9513 0.0435 0.3051
vn 0.9512 0.0713 0.3001
vn 0.9582 0.0558 0.2805
vn 0.9765 0.0674 0.2047
vn 0.9736 0.1098 0.2001
vn 0.9943 0.0747 0.0763
vn 0.9943 0.0747 -0.0756
vn 0.9898 0.1215 -0.0738
vn 0.9766 0.0675 -0.2042
vn 0.9583 0.0559 -0.2803
vn 0.9572 0.0913 -0.2748
vn 0.9594 -0.0011 -0.2819
vn 0.9629 -0.0081 0.2696
vn 0.9629 0.0081 0.2696
vn 0.9547 -0.0110 0.2974
vn 0.9514 -0.0146 0.3077
vn 0.9514 0.0146 0.3077
vn 0.9589 -0.0188 0.2833
vn 0.9781 -0.0227 0.2071
vn 0.9781 0.0227 0.2071
vn 0.9967 -0.0252 0.0773
vn 0.9967 -0.0252 -0.0766
vn 0.9967 0.0252 -0.0766
vn 0.9782 -0.0228 -0.2066
vn 0.9589 -0.0188 -0.2831
vn 0.9589 0.0188 -0.2831
vn 0.9588 -0.0054 -0.2841
vn 0.9634 -0.0400 0.2649
vn 0.9631 -0.0243 0.2680
vn 0.9551 -0.0538 0.2912
vn 0.9512 -0.0713 0.3001
vn 0.9513 -0.0435 0.3051
vn 0.9571 -0.0912 0.2750
vn 0.9736 -0.1098 0.2001
vn 0.9765 -0.0674 0.2047
vn 0.9898 -0.1215 0.0745
vn 0.9898 -0.1215 -0.0738
vn 0.9943 -0.0747 -0.0756
vn 0.9737 -0.1099 -0.1996
vn 0.9572 -0.0913 -0.2748
vn 0.9583 -0.0559 -0.2803
vn 0.9573 -0.0092 -0.2889
vn 0.9646 -0.0691 0.2545
vn 0.9639 -0.0550 0.2604
vn 0.9563 -0.0922 0.2776
vn 0.9513 -0.1209 0.2835
vn 0.9512 -0.0973 0.2928
vn 0.9541 -0.1532 0.2572
vn 0.9655 -0.1828 0.1854
vn 0.9698 -0.1486 0.1935
vn 0.9772 -0.2011 0.0685
vn 0.9772 -0.2012 -0.0679
vn 0.9839 -0.1640 -0.0712
vn 0.9656 -0.1829 -0.1849
vn 0.9542 -0.1533 -0.2570
vn 0.9557 -0.1240 -0.2669
vn 0.9552 -0.0126 -0.2957
vn 0.9664 -0.0937 0.2394
vn 0.9654 -0.0820 0.2474
vn 0.9582 -0.1236 0.2581
vn 0.9522 -0.1600 0.2602
vn 0.9516 -0.1419 0.2725
vn 0.9518 -0.1998 0.2329
vn 0.9576 -0.2356 0.1657
vn 0.9613 -0.2119 0.1760
vn 0.9644 -0.2574 0.0608
vn 0.9644 -0.2574 -0.0602
vn 0.9705 -0.2324 -0.0642
vn 0.9576 -0.2358 -0.1653
vn 0.9518 -0.2000 -0.2326
vn 0.9528 -0.1787 -0.2454
vn 0.9527 -0.0152 -0.3035
vn 0.9687 -0.1130 0.2210
vn 0.9675 -0.1041 0.2305
vn 0.9609 -0.1467 0.2349
vn 0.9543 -0.1870 0.2331
vn 0.9531 -0.1750 0.2469
vn 0.9513 -0.2298 0.2053
vn 0.9528 -0.2674 0.1440
vn 0.9547 -0.2540 0.1549
vn 0.9556 -0.2898 0.0524
vn 0.9557 -0.2899 -0.0519
vn 0.9594 -0.2765 -0.0561
vn 0.9528 -0.2676 -0.1436
vn 0.9513 -0.2300 -0.2051
vn 0.9513 -0.2170 -0.2191
vn 0.9500 -0.0159 -0.3118
vn 0.9714 -0.1266 0.2007
vn 0.9700 -0.1205 0.2110
vn 0.9642 -0.1617 0.2099
vn 0.9576 -0.2025 0.2048
vn 0.9558 -0.1961 0.2189
vn 0.9532 -0.2447 0.1773
vn 0.9519 -0.2809 0.1226
vn 0.9518 -0.2762 0.1332
vn 0.9522 -0.3022 0.0442
vn 0.9522 -0.3022 -0.0438
vn 0.9533 -0.2983 -0.0478
vn 0.9519 -0.2811 -0.1223
vn 0.9532 -0.2449 -0.1771
vn 0.9520 -0.2392 -0.1910
vn 0.2161 0.2415 -0.9460
vn 0.2051 0.2596 -0.9437
vn 0.1874 0.2622 -0.9466
vn 0.1899 0.2773 -0.9418
vn 0.1704 0.2940 -0.9405
vn 0.1547 0.2949 -0.9429
vn 0.1467 0.3093 -0.9396
vn 0.1190 0.3224 -0.9391
vn 0.1074 0.3216 -0.9408
vn 0.0878 0.3329 -0.9389
vn 0.0538 0.3402 -0.9388
vn 0.0484 0.3382 -0.9398
vn 0.0181 0.3440 -0.9388
vn -0.0181 0.3440 -0.9388
vn -0.0163 0.3416 -0.9397
vn -0.0538 0.3402 -0.9388
vn -0.0878 0.3329 -0.9389
vn -0.0791 0.3314 -0.9402
vn -0.1190 0.3224 -0.9391
vn -0.1467 0.3093 -0.9396
vn -0.1328 0.3093 -0.9417
vn -0.1704 0.2940 -0.9405
vn -0.1899 0.2773 -0.9418
vn -0.1729 0.2790 -0.9446
vn -0.2051 0.2596 -0.9437
vn -0.2161 0.2415 -0.9460
vn -0.1983 0.2449 -0.9491
vn -0.2235 0.2235 -0.9487
vn -0.2275 0.2058 -0.9518
vn -0.2103 0.2103 -0.9547
vn 0.2530 0.2233 -0.9413
vn 0.2419 0.2419 -0.9397
vn 0.2233 0.2530 -0.9413
vn 0.2257 0.2603 -0.9388
vn 0.2040 0.2780 -0.9387
vn 0.1870 0.2887 -0.9390
vn 0.1768 0.2943 -0.9392
vn 0.1442 0.3085 -0.9402
vn 0.1313 0.3184 -0.9388
vn 0.1068 0.3199 -0.9414
vn 0.0657 0.3279 -0.9424
vn 0.0596 0.3372 -0.9395
vn 0.0222 0.3321 -0.9430
vn -0.0222 0.3321 -0.9430
vn -0.0201 0.3412 -0.9398
vn -0.0657 0.3279 -0.9424
vn -0.1068 0.3199 -0.9414
vn -0.0971 0.3295 -0.9392
vn -0.1442 0.3085 -0.9402
vn -0.1768 0.2943 -0.9392
vn -0.1615 0.3046 -0.9387
vn -0.2040 0.2780 -0.9387
vn -0.2257 0.2603 -0.9388
vn -0.2076 0.2713 -0.9399
vn -0.2419 0.2419 -0.9397
vn -0.2530 0.2233 -0.9413
vn -0.2345 0.2345 -0.9434
vn -0.2596 0.2051 -0.9437
vn -0.2622 0.1874 -0.9466
vn -0.2449 0.1983 -0.9491
vn 0.2887 0.1870 -0.9390
vn 0.2780 0.2040 -0.9387
vn 0.2603 0.2257 -0.9388
vn 0.2612 0.2211 -0.9396
vn 0.2378 0.2378 -0.9418
vn 0.2211 0.2612 -0.9396
vn 0.2074 0.2534 -0.9449
vn 0.1702 0.2672 -0.9485
vn 0.1573 0.2917 -0.9435
vn 0.1267 0.2784 -0.9521
vn 0.0782 0.2863 -0.9549
vn 0.0720 0.3113 -0.9476
vn 0.0265 0.2905 -0.9565
vn -0.0265 0.2905 -0.9565
vn -0.0243 0.3155 -0.9486
vn -0.0782 0.2863 -0.9549
vn -0.1267 0.2784 -0.9521
vn -0.1168 0.3032 -0.9457
vn -0.1702 0.2672 -0.9485
vn -0.2074 0.2534 -0.9449
vn -0.1922 0.2774 -0.9413
vn -0.2378 0.2378 -0.9418
vn -0.2612 0.2211 -0.9396
vn -0.2437 0.2437 -0.9387
vn -0.2780 0.2040 -0.9387
vn -0.2887 0.1870 -0.9390
vn -0.2713 0.2076 -0.9399
vn -0.2940 0.1704 -0.9405
vn -0.2949 0.1547 -0.9429
vn -0.2790 0.1729 -0.9446
vn 0.3184 0.1313 -0.9388
vn 0.3085 0.1442 -0.9402
vn 0.2943 0.1768 -0.9392
vn 0.2917 0.1573 -0.9435
vn 0.2672 0.1702 -0.9485
vn 0.2534 0.2074 -0.9449
vn 0.2344 0.1824 -0.9549
vn 0.1934 0.1934 -0.9619
vn 0.1824 0.2344 -0.9549
vn 0.1446 0.2024 -0.9686
vn 0.0896 0.2089 -0.9738
vn 0.0842 0.2523 -0.9640
vn 0.0303 0.2122 -0.9768
vn -0.0303 0.2122 -0.9768
vn -0.0285 0.2561 -0.9662
vn -0.0896 0.2089 -0.9738
vn -0.1446 0.2024 -0.9686
vn -0.1361 0.2448 -0.9600
vn -0.1934 0.1934 -0.9619
vn -0.2344 0.1824 -0.9549
vn -0.2217 0.2217 -0.9496
vn -0.2672 0.1702 -0.9485
vn -0.2917 0.1573 -0.9435
vn -0.2774 0.1922 -0.9413
vn -0.3085 0.1442 -0.9402
vn -0.3184 0.1313 -0.9388
vn -0.3046 0.1615 -0.9387
vn -0.3224 0.1190 -0.9391
vn -0.3216 0.1074 -0.9408
vn -0.3093 0.1328 -0.9417
vn 0.3372 0.0596 -0.9395
vn 0.3279 0.0657 -0.9424
vn 0.3199 0.1068 -0.9414
vn 0.3113 0.0720 -0.9476
vn 0.2863 0.0782 -0.9549
vn 0.2784 0.1267 -0.9521
vn 0.2522 0.0842 -0.9640
vn 0.2089 0.0896 -0.9738
vn 0.2024 0.1446 -0.9686
vn 0.1567 0.0941 -0.9832
vn 0.0973 0.0973 -0.9905
vn 0.0941 0.1567 -0.9832
vn 0.0330 0.0990 -0.9945
vn -0.0330 0.0990 -0.9945
vn -0.0319 0.1593 -0.9867
vn -0.0973 0.0973 -0.9905
vn -0.1567 0.0941 -0.9832
vn -0.1517 0.1517 -0.9767
vn -0.2089 0.0896 -0.9738
vn -0.2522 0.0842 -0.9640
vn -0.2448 0.1362 -0.9600
vn -0.2863 0.0782 -0.9549
vn -0.3113 0.0720 -0.9476
vn -0.3032 0.1168 -0.9457
vn -0.3279 0.0657 -0.9424
vn -0.3372 0.0596 -0.9395
vn -0.3295 0.0971 -0.9392
vn -0.3402 0.0538 -0.9388
vn -0.3381 0.0484 -0.9398
vn -0.3314 0.0791 -0.9402
vn 0.3412 -0.0201 -0.9398
vn 0.3321 -0.0222 -0.9430
vn 0.3321 0.0222 -0.9430
vn 0.3155 -0.0243 -0.9486
vn 0.2905 -0.0265 -0.9565
vn 0.2905 0.0265 -0.9565
vn 0.2561 -0.0285 -0.9662
vn 0.2122 -0.0303 -0.9767
vn 0.2122 0.0303 -0.9767
vn 0.1593 -0.0319 -0.9867
vn 0.0990 -0.0330 -0.9945
vn 0.0990 0.0330 -0.9945
vn 0.0336 -0.0336 -0.9989
vn -0.0336 -0.0336 -0.9989
vn -0.0336 0.0336 -0.9989
vn -0.0990 -0.0330 -0.9945
vn -0.1593 -0.0319 -0.9867
vn -0.1593 0.0319 -0.9867
vn -0.2122 -0.0303 -0.9767
vn -0.2561 -0.0285 -0.9662
vn -0.2561 0.0285 -0.9662
vn -0.2905 -0.0265 -0.9565
vn -0.3155 -0.0243 -0.9486
vn -0.3155 0.0243 -0.9486
vn -0.3321 -0.0222 -0.9430
vn -0.3412 -0.0201 -0.9398
vn -0.3412 0.0201 -0.9398
vn -0.3440 -0.0181 -0.9388
vn -0.3416 -0.0163 -0.9397
vn -0.3416 0.0163 -0.9397
vn 0.3295 -0.0971 -0.9392
vn 0.3199 -0.1068 -0.9414
vn 0.3279 -0.0657 -0.9424
vn 0.3032 -0.1168 -0.9457
vn 0.2784 -0.1267 -0.9521
vn 0.2863 -0.0782 -0.9549
vn 0.2448 -0.1362 -0.9600
vn 0.2024 -0.1446 -0.9686
vn 0.2089 -0.0896 -0.9738
vn 0.1517 -0.1517 -0.9767
vn 0.0941 -0.1567 -0.9832
vn 0.0973 -0.0973 -0.9905
vn 0.0319 -0.1593 -0.9867
vn -0.0319 -0.1593 -0.9867
vn -0.0330 -0.0990 -0.9945
vn -0.0941 -0.1567 -0.9832
vn -0.1517 -0.1517 -0.9767
vn -0.1567 -0.0941 -0.9832
vn -0.2024 -0.1446 -0.9686
vn -0.2448 -0.1361 -0.9600
vn -0.2522 -0.0842 -0.9640
vn -0.2784 -0.1267 -0.9521
vn -0.3032 -0.1168 -0.9457
vn -0.3113 -0.0720 -0.9476
vn -0.3199 -0.1068 -0.9414
vn -0.3295 -0.0971 -0.9392
vn -0.3372 -0.0596 -0.9395
vn -0.3329 -0.0878 -0.9389
vn -0.3314 -0.0791 -0.9402
vn -0.3382 -0.0484 -0.9398
vn 0.3046 -0.1615 -0.9387
vn 0.2943 -0.1768 -0.9392
vn 0.3085 -0.1442 -0.9402
vn 0.2774 -0.1922 -0.9413
vn 0.2534 -0.2074 -0.9449
vn 0.2672 -0.1702 -0.9485
vn 0.2217 -0.2217 -0.9496
vn 0.1824 -0.2344 -0.9549
vn 0.1934 -0.1934 -0.9619
vn 0.1361 -0.2448 -0.9600
vn 0.0842 -0.2523 -0.9640
vn 0.0896 -0.2089 -0.9738
vn 0.0285 -0.2561 -0.9662
vn -0.0285 -0.2561 -0.9662
vn -0.0303 -0.2122 -0.9767
vn -0.0842 -0.2523 -0.9640
vn -0.1361 -0.2448 -0.9600
vn -0.1446 -0.2024 -0.9686
vn -0.1824 -0.2344 -0.9549
vn -0.2217 -0.2217 -0.9496
vn -0.2344 -0.1824 -0.9549
vn -0.2534 -0.2074 -0.9449
vn -0.2774 -0.1922 -0.9413
vn -0.2917 -0.1573 -0.9435
vn -0.2943 -0.1768 -0.9392
vn -0.3046 -0.1615 -0.9387
vn -0.3184 -0.1313 -0.9388
vn -0.3093 -0.1467 -0.9396
vn -0.3093 -0.1328 -0.9417
vn -0.3216 -0.1074 -0.9408
vn 0.2713 -0.2076 -0.9399
vn 0.2603 -0.2257 -0.9388
vn 0.2780 -0.2040 -0.9387
vn 0.2437 -0.2437 -0.9387
vn 0.2211 -0.2612 -0.9396
vn 0.2378 -0.2378 -0.9418
vn 0.1922 -0.2774 -0.9413
vn 0.1573 -0.2917 -0.9435
vn 0.1702 -0.2672 -0.9485
vn 0.1168 -0.3032 -0.9457
vn 0.0720 -0.3113 -0.9476
vn 0.0782 -0.2863 -0.9549
vn 0.0243 -0.3155 -0.9486
vn -0.0243 -0.3155 -0.9486
vn -0.0265 -0.2905 -0.9565
vn -0.0720 -0.3113 -0.9476
vn -0.1168 -0.3032 -0.9457
vn -0.1267 -0.2784 -0.9521
vn -0.1573 -0.2917 -0.9435
vn -0.1922 -0.2774 -0.9413
vn -0.2074 -0.2534 -0.9449
vn -0.2211 -0.2612 -0.9396
vn -0.2437 -0.2437 -0.9387
vn -0.2612 -0.2211 -0.9396
vn -0.2603 -0.2257 -0.9388
vn -0.2713 -0.2076 -0.9399
vn -0.2887 -0.1870 -0.9390
vn -0.2773 -0.1899 -0.9418
vn -0.2790 -0.1729 -0.9446
vn -0.2949 -0.1547 -0.9429
vn 0.2345 -0.2345 -0.9434
vn 0.2233 -0.2530 -0.9413
vn 0.2419 -0.2419 -0.9397
vn 0.2076 -0.2713 -0.9399
vn 0.1870 -0.2887 -0.9390
vn 0.2040 -0.2780 -0.9387
vn 0.1615 -0.3046 -0.9387
vn 0.1313 -0.3184 -0.9388
vn 0.1442 -0.3085 -0.9402
vn 0.0971 -0.3295 -0.9392
vn 0.0596 -0.3372 -0.9395
vn 0.0657 -0.3279 -0.9424
vn 0.0201 -0.3412 -0.9398
vn -0.0201 -0.3412 -0.9398
vn -0.0222 -0.3321 -0.9430
vn -0.0596 -0.3372 -0.9395
vn -0.0971 -0.3295 -0.9392
vn -0.1068 -0.3199 -0.9414
vn -0.1313 -0.3184 -0.9388
vn -0.1615 -0.3046 -0.9387
vn -0.1768 -0.2943 -0.9392
vn -0.1870 -0.2887 -0.9390
vn -0.2076 -0.2713 -0.9399
vn -0.2257 -0.2603 -0.9388
vn -0.2233 -0.2530 -0.9413
vn -0.2345 -0.2345 -0.9434
vn -0.2530 -0.2233 -0.9413
vn -0.2415 -0.2161 -0.9460
vn -0.2449 -0.1983 -0.9491
vn -0.2622 -0.1874 -0.9466
vn 0.1983 -0.2449 -0.9491
vn 0.1874 -0.2622 -0.9466
vn 0.2051 -0.2596 -0.9437
vn 0.1729 -0.2790 -0.9446
vn 0.1547 -0.2949 -0.9429
vn 0.1704 -0.2940 -0.9405
vn 0.1328 -0.3093 -0.9417
vn 0.1074 -0.3216 -0.9408
vn 0.1190 -0.3224 -0.9391
vn 0.0791 -0.3314 -0.9402
vn 0.0484 -0.3382 -0.9398
vn 0.0538 -0.3402 -0.9388
vn 0.0163 -0.3416 -0.9397
vn -0.0163 -0.3416 -0.9397
vn -0.0181 -0.3440 -0.9388
vn -0.0484 -0.3382 -0.9398
vn -0.0791 -0.3314 -0.9402
vn -0.0878 -0.3329 -0.9389
vn -0.1074 -0.3216 -0.9408
vn -0.1328 -0.3093 -0.9417
vn -0.1467 -0.3093 -0.9396
vn -0.1547 -0.2949 -0.9429
vn -0.1729 -0.2790 -0.9446
vn -0.1899 -0.2773 -0.9418
vn -0.1874 -0.2622 -0.9466
vn -0.1983 -0.2449 -0.9491
vn -0.2161 -0.2415 -0.9460
vn -0.2058 -0.2275 -0.9518
vn -0.2103 -0.2103 -0.9547
vn -0.2275 -0.2058 -0.9518
vn 0.2622 0.1874 -0.9466
vn 0.2596 0.2051 -0.9437
vn 0.2415 0.2161 -0.9460
vn 0.2949 0.1547 -0.9429
vn 0.2940 0.1704 -0.9405
vn 0.2773 0.1899 -0.9418
vn 0.3216 0.1074 -0.9408
vn 0.3224 0.1190 -0.9391
vn 0.3093 0.1467 -0.9396
vn 0.3381 0.0484 -0.9398
vn 0.3402 0.0538 -0.9388
vn 0.3329 0.0878 -0.9389
vn 0.3416 -0.0163 -0.9397
vn 0.3440 -0.0181 -0.9388
vn 0.3440 0.0181 -0.9388
vn 0.3314 -0.0791 -0.9402
vn 0.3329 -0.0878 -0.9389
vn 0.3402 -0.0538 -0.9388
vn 0.3093 -0.1328 -0.9417
vn 0.3093 -0.1467 -0.9396
vn 0.3224 -0.1190 -0.9391
vn 0.2790 -0.1729 -0.9446
vn 0.2773 -0.1899 -0.9418
vn 0.2940 -0.1704 -0.9405
vn 0.2449 -0.1983 -0.9491
vn 0.2415 -0.2161 -0.9460
vn 0.2596 -0.2051 -0.9437
vn 0.2103 -0.2103 -0.9547
vn 0.2058 -0.2275 -0.9518
vn 0.2235 -0.2235 -0.9487
vn 0.2275 0.2058 -0.9518
vn 0.2235 0.2235 -0.9487
vn 0.2058 0.2275 -0.9518
vn -0.9520 0.2392 -0.1910
vn -0.9518 0.2763 -0.1328
vn -0.9519 0.2811 -0.1223
vn -0.0000 -0.0000 -1.0000
vn -0.4900 0.8706 -0.0444
vn 0.4706 -0.8824 -0.0000
vn -0.0173 -0.6676 -0.7443
vn 0.0165 -0.6630 -0.7484
vn -0.4706 0.8824 -0.0000
vn 0.7124 0.0118 0.7017
vn -0.0179 -0.6721 -0.7402
vn 0.0154 -0.6586 -0.7524
vn 0.7157 0.0126 0.6982
vn 0.7177 0.0125 -0.6962
vn 0.0042 0.7653 -0.6437
vn 0.7142 0.0117 -0.6998
vn 0.0052 0.7667 -0.6420
vn 0.7013 0.0066 0.7128
vn 0.7035 0.0082 0.7106
vn -0.0038 -0.6399 -0.7684
vn -0.0063 -0.6415 -0.7671
vn 0.4920 0.8705 -0.0111
vn 0.6986 -0.0029 -0.7155
vn 0.6997 -0.0048 -0.7145
vn 0.7192 -0.0132 -0.6947
vn 0.7005 -0.0048 0.7136
vn 0.7227 -0.0136 -0.6910
vn -0.4706 -0.8824 -0.0000
vn -0.0031 0.7641 -0.6451
vn 0.6991 -0.0029 0.7150
vn 0.0141 -0.6543 -0.7561
vn 0.5167 0.8560 -0.0129
vn -0.4900 -0.8706 0.0444
vn -0.0019 0.7633 -0.6460
vn 0.0125 -0.6504 -0.7595
vn -0.5380 -0.8429 -0.0113
vn -0.4982 -0.8669 -0.0148
vn 0.7109 0.0107 -0.7032
vn -0.4586 -0.8886 -0.0050
vn 0.4706 0.8824 -0.0000
vn 0.7247 -0.0135 0.6889
vn 0.7078 0.0095 -0.7064
vn 0.7212 -0.0131 0.6926
vn 0.5495 0.8355 0.0092
vn -0.0085 -0.6439 -0.7651
vn 0.5212 0.8533 0.0136
vn -0.0085 0.7788 -0.6273
vn -0.0106 -0.6469 -0.7625
vn 0.4728 0.8811 0.0126
vn 0.0469 0.9450 0.3237
vn -0.0082 0.7766 -0.6299
vn -0.0068 0.7703 -0.6376
vn 0.7013 -0.0066 -0.7128
vn 0.4676 0.8839 -0.0047
vn 0.0453 -0.9391 -0.3406
vn -0.0060 0.7684 -0.6399
vn 0.7035 -0.0082 -0.7106
vn 0.0479 -0.9511 -0.3052
vn 0.0082 0.7766 -0.6299
vn 0.0469 -0.9632 -0.2646
vn 0.0060 0.7684 -0.6399
vn 0.0085 0.7788 -0.6273
vn 0.0400 -0.9739 -0.2232
vn 0.0106 -0.6469 -0.7625
vn 0.0068 0.7703 -0.6376
vn 0.6983 -0.0010 0.7158
vn 0.0257 -0.9816 -0.1891
vn 0.0085 -0.6439 -0.7651
vn 0.7192 0.0132 0.6947
vn 0.6981 0.0010 0.7160
vn 0.0055 -0.9851 -0.1721
vn 0.7227 0.0136 0.6910
vn 0.7049 0.0081 -0.7092
vn -0.0161 -0.9839 -0.1780
vn -0.0006 0.7629 -0.6465
vn 0.7177 -0.0125 0.6962
vn 0.7025 0.0065 -0.7117
vn -0.0337 -0.9783 -0.2046
vn 0.0006 0.7629 -0.6465
vn 0.7142 -0.0117 0.6998
vn -0.0443 -0.9689 -0.2436
vn -0.0125 -0.6504 -0.7595
vn -0.0480 -0.9572 -0.2854
vn -0.0141 -0.6543 -0.7561
vn 0.7062 -0.0096 -0.7080
vn 0.7062 0.0096 0.7080
vn 0.7091 -0.0108 -0.7050
vn 0.7091 0.0108 0.7050
vn 0.0063 -0.6415 -0.7671
vn 0.0038 -0.6399 -0.7684
vn 0.7005 0.0048 -0.7136
vn 0.7109 -0.0107 0.7032
vn 0.6991 0.0029 -0.7150
vn 0.7078 -0.0095 0.7064
vn 0.0019 0.7633 -0.6460
vn 0.6986 0.0029 0.7155
vn 0.0031 0.7641 -0.6451
vn 0.6997 0.0048 0.7145
vn -0.0154 -0.6586 -0.7524
vn 0.0179 -0.6721 -0.7402
vn 0.0453 0.9391 0.3406
vn -0.0165 -0.6630 -0.7484
vn 0.0173 -0.6676 -0.7443
vn -0.0469 0.9450 0.3237
vn 0.7247 0.0135 -0.6889
vn -0.0480 0.9572 0.2854
vn -0.0052 0.7667 -0.6420
vn -0.0079 0.7745 -0.6326
vn 0.7212 0.0131 -0.6926
vn -0.0443 0.9689 0.2436
vn -0.0042 0.7653 -0.6437
vn -0.0074 0.7724 -0.6351
vn -0.0337 0.9783 0.2046
vn 0.7124 -0.0118 -0.7017
vn 0.0074 0.7724 -0.6351
vn 0.0013 -0.6391 -0.7691
vn -0.0161 0.9839 0.1780
vn 0.5167 -0.8560 0.0129
vn 0.7157 -0.0126 -0.6982
vn 0.0079 0.7745 -0.6326
vn -0.0013 -0.6391 -0.7691
vn 0.0055 0.9851 0.1721
vn -0.4920 0.8705 -0.0111
vn 0.4676 -0.8839 0.0047
vn 0.0257 0.9816 0.1891
vn 0.6983 0.0010 -0.7158
vn -0.4586 0.8886 0.0050
vn 0.4728 -0.8811 -0.0126
vn 0.0400 0.9739 0.2232
vn 0.7049 -0.0081 0.7092
vn 0.6981 -0.0010 -0.7160
vn -0.4982 0.8669 0.0148
vn 0.5212 -0.8533 -0.0136
vn 0.0469 0.9632 0.2646
vn 0.7025 -0.0065 0.7117
vn -0.5380 0.8429 0.0113
vn 0.5495 -0.8355 -0.0092
vn 0.0479 0.9511 0.3052
vn -0.0775 0.9970 -0.0000
vn -0.1258 0.9921 -0.0000
vn -0.9782 -0.2079 -0.0000
vn 0.1258 0.9921 -0.0000
vn -0.9855 -0.1697 -0.0000
vn 0.0775 0.9970 -0.0000
vn -0.9546 -0.2978 -0.0000
vn -0.9997 -0.0262 -0.0000
vn 0.2653 0.9642 -0.0000
vn -0.9587 -0.2845 -0.0000
vn -0.9997 0.0262 -0.0000
vn 0.2398 0.9708 -0.0000
vn 0.3096 0.9509 -0.0000
vn 0.3060 0.9520 -0.0000
vn -0.9782 0.2079 -0.0000
vn -0.9855 0.1697 -0.0000
vn -0.9546 0.2978 -0.0000
vn -0.9587 0.2845 -0.0000
vn -0.2845 0.9587 -0.0000
vn -0.2978 0.9546 -0.0000
vn -0.1697 0.9855 -0.0000
vn -0.2079 0.9782 -0.0000
vn 0.0262 0.9997 -0.0000
vn -0.9921 -0.1258 -0.0000
vn -0.0262 0.9997 -0.0000
vn -0.9642 -0.2653 -0.0000
vn 0.2079 0.9782 -0.0000
vn -0.9970 -0.0775 -0.0000
vn -0.9708 -0.2398 -0.0000
vn 0.1697 0.9855 -0.0000
vn -0.9509 -0.3096 -0.0000
vn 0.2978 0.9546 -0.0000
vn -0.9520 -0.3060 -0.0000
vn 0.2845 0.9587 -0.0000
vn -0.9970 0.0775 -0.0000
vn -0.9921 0.1258 -0.0000
vn -0.9642 0.2653 -0.0000
vn -0.9708 0.2398 -0.0000
vn -0.3060 0.9520 -0.0000
vn -0.9509 0.3096 -0.0000
vn -0.3096 0.9509 -0.0000
vn -0.9520 0.3060 -0.0000
vn -0.2398 0.9708 -0.0000
vn -0.2653 0.9642 -0.0000
vt 0.613636 0.238636
vt 0.625000 0.238636
vt 0.625000 0.250000
vt 0.613636 0.250000
vt 0.363636 0.738636
vt 0.375000 0.738636
vt 0.375000 0.750000
vt 0.363636 0.750000
vt 0.613636 0.488636
vt 0.625000 0.488636
vt 0.625000 0.500000
vt 0.613636 0.500000
vt 0.386364 0.488636
vt 0.397727 0.488636
vt 0.397727 0.500000
vt 0.386364 0.500000
vt 0.409091 0.488636
vt 0.420455 0.488636
vt 0.420455 0.500000
vt 0.409091 0.500000
vt 0.431818 0.488636
vt 0.443182 0.488636
vt 0.443182 0.500000
vt 0.431818 0.500000
vt 0.454546 0.488636
vt 0.465909 0.488636
vt 0.465909 0.500000
vt 0.454546 0.500000
vt 0.477273 0.488636
vt 0.488636 0.488636
vt 0.488636 0.500000
vt 0.477273 0.500000
vt 0.500000 0.488636
vt 0.511364 0.488636
vt 0.511364 0.500000
vt 0.500000 0.500000
vt 0.522727 0.488636
vt 0.534091 0.488636
vt 0.534091 0.500000
vt 0.522727 0.500000
vt 0.545455 0.488636
vt 0.556818 0.488636
vt 0.556818 0.500000
vt 0.545455 0.500000
vt 0.568182 0.488636
vt 0.579545 0.488636
vt 0.579545 0.500000
vt 0.568182 0.500000
vt 0.590909 0.488636
vt 0.602273 0.488636
vt 0.602273 0.500000
vt 0.590909 0.500000
vt 0.386364 0.261364
vt 0.397727 0.261364
vt 0.397727 0.272727
vt 0.386364 0.272727
vt 0.386364 0.284091
vt 0.397727 0.284091
vt 0.397727 0.295455
vt 0.386364 0.295455
vt 0.386364 0.306818
vt 0.397727 0.306818
vt 0.397727 0.318182
vt 0.386364 0.318182
vt 0.386364 0.329545
vt 0.397727 0.329545
vt 0.397727 0.340909
vt 0.386364 0.340909
vt 0.386364 0.352273
vt 0.397727 0.352273
vt 0.397727 0.363636
vt 0.386364 0.363636
vt 0.386364 0.375000
vt 0.397727 0.375000
vt 0.397727 0.386364
vt 0.386364 0.386364
vt 0.386364 0.397727
vt 0.397727 0.397727
vt 0.397727 0.409091
vt 0.386364 0.409091
vt 0.386364 0.420455
vt 0.397727 0.420455
vt 0.397727 0.431818
vt 0.386364 0.431818
vt 0.386364 0.443182
vt 0.397727 0.443182
vt 0.397727 0.454545
vt 0.386364 0.454545
vt 0.386364 0.465909
vt 0.397727 0.465909
vt 0.397727 0.477273
vt 0.386364 0.477273
vt 0.409091 0.261364
vt 0.420455 0.261364
vt 0.420455 0.272727
vt 0.409091 0.272727
vt 0.409091 0.284091
vt 0.420455 0.284091
vt 0.420455 0.295455
vt 0.409091 0.295455
vt 0.409091 0.306818
vt 0.420455 0.306818
vt 0.420455 0.318182
vt 0.409091 0.318182
vt 0.409091 0.329545
vt 0.420455 0.329545
vt 0.420455 0.340909
vt 0.409091 0.340909
vt 0.409091 0.352273
vt 0.420455 0.352273
vt 0.420455 0.363636
vt 0.409091 0.363636
vt 0.409091 0.375000
vt 0.420455 0.375000
vt 0.420455 0.386364
vt 0.409091 0.386364
vt 0.409091 0.397727
vt 0.420455 0.397727
vt 0.420455 0.409091
vt 0.409091 0.409091
vt 0.409091 0.420455
vt 0.420455 0.420455
vt 0.420455 0.431818
vt 0.409091 0.431818
vt 0.409091 0.443182
vt 0.420455 0.443182
vt 0.420455 0.454545
vt 0.409091 0.454545
vt 0.409091 0.465909
vt 0.420455 0.465909
vt 0.420455 0.477273
vt 0.409091 0.477273
vt 0.431818 0.261364
vt 0.443182 0.261364
vt 0.443182 0.272727
vt 0.431818 0.272727
vt 0.431818 0.284091
vt 0.443182 0.284091
vt 0.443182 0.295455
vt 0.431818 0.295455
vt 0.431818 0.306818
vt 0.443182 0.306818
vt 0.443182 0.318182
vt 0.431818 0.318182
vt 0.431818 0.329545
vt 0.443182 0.329545
vt 0.443182 0.340909
vt 0.431818 0.340909
vt 0.431818 0.352273
vt 0.443182 0.352273
vt 0.443182 0.363636
vt 0.431818 0.363636
vt 0.431818 0.375000
vt 0.443182 0.375000
vt 0.443182 0.386364
vt 0.431818 0.386364
vt 0.431818 0.397727
vt 0.443182 0.397727
vt 0.443182 0.409091
vt 0.431818 0.409091
vt 0.431818 0.420455
vt 0.443182 0.420455
vt 0.443182 0.431818
vt 0.431818 0.431818
vt 0.431818 0.443182
vt 0.443182 0.443182
vt 0.443182 0.454545
vt 0.431818 0.454545
vt 0.431818 0.465909
vt 0.443182 0.465909
vt 0.443182 0.477273
vt 0.431818 0.477273
vt 0.454545 0.261364
vt 0.465909 0.261364
vt 0.465909 0.272727
vt 0.454545 0.272727
vt 0.454545 0.284091
vt 0.465909 0.284091
vt 0.465909 0.295455
vt 0.454545 0.295455
vt 0.454545 0.306818
vt 0.465909 0.306818
vt 0.465909 0.318182
vt 0.454545 0.318182
vt 0.454545 0.329545
vt 0.465909 0.329545
vt 0.465909 0.340909
vt 0.454546 0.340909
vt 0.454546 0.352273
vt 0.465909 0.352273
vt 0.465909 0.363636
vt 0.454546 0.363636
vt 0.454546 0.375000
vt 0.465909 0.375000
vt 0.465909 0.386364
vt 0.454546 0.386364
vt 0.454546 0.397727
vt 0.465909 0.397727
vt 0.465909 0.409091
vt 0.454546 0.409091
vt 0.454546 0.420455
vt 0.465909 0.420455
vt 0.465909 0.431818
vt 0.454546 0.431818
vt 0.454545 0.443182
vt 0.465909 0.443182
vt 0.465909 0.454545
vt 0.454545 0.454545
vt 0.454545 0.465909
vt 0.465909 0.465909
vt 0.465909 0.477273
vt 0.454546 0.477273
vt 0.477273 0.261364
vt 0.488636 0.261364
vt 0.488636 0.272727
vt 0.477273 0.272727
vt 0.477273 0.284091
vt 0.488636 0.284091
vt 0.488636 0.295455
vt 0.477273 0.295455
vt 0.477273 0.306818
vt 0.488636 0.306818
vt 0.488636 0.318182
vt 0.477273 0.318182
vt 0.477273 0.329545
vt 0.488636 0.329545
vt 0.488636 0.340909
vt 0.477273 0.340909
vt 0.477273 0.352273
vt 0.488636 0.352273
vt 0.488636 0.363636
vt 0.477273 0.363636
vt 0.477273 0.375000
vt 0.488636 0.375000
vt 0.488636 0.386364
vt 0.477273 0.386364
vt 0.477273 0.397727
vt 0.488636 0.397727
vt 0.488636 0.409091
vt 0.477273 0.409091
vt 0.477273 0.420455
vt 0.488636 0.420455
vt 0.488636 0.431818
vt 0.477273 0.431818
vt 0.477273 0.443182
vt 0.488636 0.443182
vt 0.488636 0.454545
vt 0.477273 0.454545
vt 0.477273 0.465909
vt 0.488636 0.465909
vt 0.488636 0.477273
vt 0.477273 0.477273
vt 0.500000 0.261364
vt 0.511364 0.261364
vt 0.511364 0.272727
vt 0.500000 0.272727
vt 0.500000 0.284091
vt 0.511364 0.284091
vt 0.511364 0.295455
vt 0.500000 0.295455
vt 0.500000 0.306818
vt 0.511364 0.306818
vt 0.511364 0.318182
vt 0.500000 0.318182
vt 0.500000 0.329545
vt 0.511364 0.329545
vt 0.511364 0.340909
vt 0.500000 0.340909
vt 0.500000 0.352273
vt 0.511364 0.352273
vt 0.511364 0.363636
vt 0.500000 0.363636
vt 0.500000 0.375000
vt 0.511364 0.375000
vt 0.511364 0.386364
vt 0.500000 0.386364
vt 0.500000 0.397727
vt 0.511364 0.397727
vt 0.511364 0.409091
vt 0.500000 0.409091
vt 0.500000 0.420455
vt 0.511364 0.420455
vt 0.511364 0.431818
vt 0.500000 0.431818
vt 0.500000 0.443182
vt 0.511364 0.443182
vt 0.511364 0.454545
vt 0.500000 0.454545
vt 0.500000 0.465909
vt 0.511364 0.465909
vt 0.511364 0.477273
vt 0.500000 0.477273
vt 0.522727 0.261364
vt 0.534091 0.261364
vt 0.534091 0.272727
vt 0.522727 0.272727
vt 0.522727 0.284091
vt 0.534091 0.284091
vt 0.534091 0.295455
vt 0.522727 0.295455
vt 0.522727 0.306818
vt 0.534091 0.306818
vt 0.534091 0.318182
vt 0.522727 0.318182
vt 0.522727 0.329545
vt 0.534091 0.329545
vt 0.534091 0.340909
vt 0.522727 0.340909
vt 0.522727 0.352273
vt 0.534091 0.352273
vt 0.534091 0.363636
vt 0.522727 0.363636
vt 0.522727 0.375000
vt 0.534091 0.375000
vt 0.534091 0.386364
vt 0.522727 0.386364
vt 0.522727 0.397727
vt 0.534091 0.397727
vt 0.534091 0.409091
vt 0.522727 0.409091
vt 0.522727 0.420455
vt 0.534091 0.420455
vt 0.534091 0.431818
vt 0.522727 0.431818
vt 0.522727 0.443182
vt 0.534091 0.443182
vt 0.534091 0.454545
vt 0.522727 0.454545
vt 0.522727 0.465909
vt 0.534091 0.465909
vt 0.534091 0.477273
vt 0.522727 0.477273
vt 0.545455 0.261364
vt 0.556818 0.261364
vt 0.556818 0.272727
vt 0.545455 0.272727
vt 0.545455 0.284091
vt 0.556818 0.284091
vt 0.556818 0.295455
vt 0.545455 0.295455
vt 0.545455 0.306818
vt 0.556818 0.306818
vt 0.556818 0.318182
vt 0.545455 0.318182
vt 0.545455 0.329545
vt 0.556818 0.329545
vt 0.556818 0.340909
vt 0.545455 0.340909
vt 0.545455 0.352273
vt 0.556818 0.352273
vt 0.556818 0.363636
vt 0.545455 0.363636
vt 0.545455 0.375000
vt 0.556818 0.375000
vt 0.556818 0.386364
vt 0.545455 0.386364
vt 0.545455 0.397727
vt 0.556818 0.397727
vt 0.556818 0.409091
vt 0.545455 0.409091
vt 0.545455 0.420455
vt 0.556818 0.420455
vt 0.556818 0.431818
vt 0.545455 0.431818
vt 0.545455 0.443182
vt 0.556818 0.443182
vt 0.556818 0.454545
vt 0.545455 0.454545
vt 0.545455 0.465909
vt 0.556818 0.465909
vt 0.556818 0.477273
vt 0.545455 0.477273
vt 0.568182 0.261364
vt 0.579545 0.261364
vt 0.579545 0.272727
vt 0.568182 0.272727
vt 0.568182 0.284091
vt 0.579545 0.284091
vt 0.579545 0.295455
vt 0.568182 0.295455
vt 0.568182 0.306818
vt 0.579545 0.306818
vt 0.579545 0.318182
vt 0.568182 0.318182
vt 0.568182 0.329545
vt 0.579545 0.329545
vt 0.579545 0.340909
vt 0.568182 0.340909
vt 0.568182 0.352273
vt 0.579545 0.352273
vt 0.579545 0.363636
vt 0.568182 0.363636
vt 0.568182 0.375000
vt 0.579545 0.375000
vt 0.579545 0.386364
vt 0.568182 0.386364
vt 0.568182 0.397727
vt 0.579545 0.397727
vt 0.579545 0.409091
vt 0.568182 0.409091
vt 0.568182 0.420455
vt 0.579545 0.420455
vt 0.579545 0.431818
vt 0.568182 0.431818
vt 0.568182 0.443182
vt 0.579545 0.443182
vt 0.579545 0.454545
vt 0.568182 0.454545
vt 0.568182 0.465909
vt 0.579545 0.465909
vt 0.579545 0.477273
vt 0.568182 0.477273
vt 0.590909 0.261364
vt 0.602273 0.261364
vt 0.602273 0.272727
vt 0.590909 0.272727
vt 0.590909 0.284091
vt 0.602273 0.284091
vt 0.602273 0.295455
vt 0.590909 0.295455
vt 0.590909 0.306818
vt 0.602273 0.306818
vt 0.602273 0.318182
vt 0.590909 0.318182
vt 0.590909 0.329545
vt 0.602273 0.329545
vt 0.602273 0.340909
vt 0.590909 0.340909
vt 0.590909 0.352273
vt 0.602273 0.352273
vt 0.602273 0.363636
vt 0.590909 0.363636
vt 0.590909 0.375000
vt 0.602273 0.375000
vt 0.602273 0.386364
vt 0.590909 0.386364
vt 0.590909 0.397727
vt 0.602273 0.397727
vt 0.602273 0.409091
vt 0.590909 0.409091
vt 0.590909 0.420455
vt 0.602273 0.420455
vt 0.602273 0.431818
vt 0.590909 0.431818
vt 0.590909 0.443182
vt 0.602273 0.443182
vt 0.602273 0.454545
vt 0.590909 0.454545
vt 0.590909 0.465909
vt 0.602273 0.465909
vt 0.602273 0.477273
vt 0.590909 0.477273
vt 0.613636 0.261364
vt 0.625000 0.261364
vt 0.625000 0.272727
vt 0.613636 0.272727
vt 0.613636 0.284091
vt 0.625000 0.284091
vt 0.625000 0.295455
vt 0.613636 0.295455
vt 0.613636 0.306818
vt 0.625000 0.306818
vt 0.625000 0.318182
vt 0.613636 0.318182
vt 0.613636 0.329545
vt 0.625000 0.329545
vt 0.625000 0.340909
vt 0.613636 0.340909
vt 0.613636 0.352273
vt 0.625000 0.352273
vt 0.625000 0.363636
vt 0.613636 0.363636
vt 0.613636 0.375000
vt 0.625000 0.375000
vt 0.625000 0.386364
vt 0.613636 0.386364
vt 0.613636 0.397727
vt 0.625000 0.397727
vt 0.625000 0.409091
vt 0.613636 0.409091
vt 0.613636 0.420455
vt 0.625000 0.420455
vt 0.625000 0.431818
vt 0.613636 0.431818
vt 0.613636 0.443182
vt 0.625000 0.443182
vt 0.625000 0.454545
vt 0.613636 0.454545
vt 0.613636 0.465909
vt 0.625000 0.465909
vt 0.625000 0.477273
vt 0.613636 0.477273
vt 0.386364 0.738636
vt 0.397727 0.738636
vt 0.397727 0.750000
vt 0.386364 0.750000
vt 0.409091 0.738636
vt 0.420455 0.738636
vt 0.420455 0.750000
vt 0.409091 0.750000
vt 0.431818 0.738636
vt 0.443182 0.738636
vt 0.443182 0.750000
vt 0.431818 0.750000
vt 0.386364 0.511364
vt 0.397727 0.511364
vt 0.397727 0.522727
vt 0.386364 0.522727
vt 0.386364 0.534091
vt 0.397727 0.534091
vt 0.397727 0.545455
vt 0.386364 0.545455
vt 0.386364 0.556818
vt 0.397727 0.556818
vt 0.397727 0.568182
vt 0.386364 0.568182
vt 0.386364 0.579545
vt 0.397727 0.579545
vt 0.397727 0.590909
vt 0.386364 0.590909
vt 0.386364 0.602273
vt 0.397727 0.602273
vt 0.397727 0.613636
vt 0.386364 0.613636
vt 0.386364 0.625000
vt 0.397727 0.625000
vt 0.397727 0.636364
vt 0.386364 0.636364
vt 0.386364 0.647727
vt 0.397727 0.647727
vt 0.397727 0.659091
vt 0.386364 0.659091
vt 0.386364 0.670455
vt 0.397727 0.670455
vt 0.397727 0.681818
vt 0.386364 0.681818
vt 0.386364 0.693182
vt 0.397727 0.693182
vt 0.397727 0.704545
vt 0.386364 0.704545
vt 0.386364 0.715909
vt 0.397727 0.715909
vt 0.397727 0.727273
vt 0.386364 0.727273
vt 0.409091 0.511364
vt 0.420455 0.511364
vt 0.420455 0.522727
vt 0.409091 0.522727
vt 0.409091 0.534091
vt 0.420455 0.534091
vt 0.420455 0.545455
vt 0.409091 0.545455
vt 0.409091 0.556818
vt 0.420455 0.556818
vt 0.420455 0.568182
vt 0.409091 0.568182
vt 0.409091 0.579545
vt 0.420455 0.579545
vt 0.420455 0.590909
vt 0.409091 0.590909
vt 0.409091 0.602273
vt 0.420455 0.602273
vt 0.420455 0.613636
vt 0.409091 0.613636
vt 0.409091 0.625000
vt 0.420455 0.625000
vt 0.420455 0.636364
vt 0.409091 0.636364
vt 0.409091 0.647727
vt 0.420455 0.647727
vt 0.420455 0.659091
vt 0.409091 0.659091
vt 0.409091 0.670455
vt 0.420455 0.670455
vt 0.420455 0.681818
vt 0.409091 0.681818
vt 0.409091 0.693182
vt 0.420455 0.693182
vt 0.420455 0.704545
vt 0.409091 0.704545
vt 0.431818 0.511364
vt 0.443182 0.511364
vt 0.443182 0.522727
vt 0.431818 0.522727
vt 0.431818 0.534091
vt 0.443182 0.534091
vt 0.443182 0.545455
vt 0.431818 0.545455
vt 0.431818 0.556818
vt 0.443182 0.556818
vt 0.443182 0.568182
vt 0.431818 0.568182
vt 0.431818 0.579545
vt 0.443182 0.579545
vt 0.443182 0.590909
vt 0.431818 0.590909
vt 0.431818 0.602273
vt 0.443182 0.602273
vt 0.443182 0.613636
vt 0.431818 0.613636
vt 0.431818 0.625000
vt 0.443182 0.625000
vt 0.443182 0.636364
vt 0.431818 0.636364
vt 0.431818 0.647727
vt 0.443182 0.647727
vt 0.443182 0.659091
vt 0.431818 0.659091
vt 0.431818 0.670455
vt 0.443182 0.670455
vt 0.443182 0.681818
vt 0.431818 0.681818
vt 0.431818 0.693182
vt 0.443182 0.693182
vt 0.443182 0.704545
vt 0.431818 0.704545
vt 0.454545 0.511364
vt 0.465909 0.511364
vt 0.465909 0.522727
vt 0.454545 0.522727
vt 0.454545 0.534091
vt 0.465909 0.534091
vt 0.465909 0.545455
vt 0.454545 0.545455
vt 0.454545 0.556818
vt 0.465909 0.556818
vt 0.465909 0.568182
vt 0.454545 0.568182
vt 0.454545 0.579545
vt 0.465909 0.579545
vt 0.465909 0.590909
vt 0.454546 0.590909
vt 0.454546 0.602273
vt 0.465909 0.602273
vt 0.465909 0.613636
vt 0.454546 0.613636
vt 0.454546 0.625000
vt 0.465909 0.625000
vt 0.465909 0.636364
vt 0.454546 0.636364
vt 0.454546 0.647727
vt 0.465909 0.647727
vt 0.465909 0.659091
vt 0.454546 0.659091
vt 0.454546 0.670455
vt 0.465909 0.670455
vt 0.465909 0.681818
vt 0.454546 0.681818
vt 0.454545 0.693182
vt 0.465909 0.693182
vt 0.465909 0.704545
vt 0.454545 0.704545
vt 0.477273 0.511364
vt 0.488636 0.511364
vt 0.488636 0.522727
vt 0.477273 0.522727
vt 0.477273 0.534091
vt 0.488636 0.534091
vt 0.488636 0.545455
vt 0.477273 0.545455
vt 0.477273 0.556818
vt 0.488636 0.556818
vt 0.488636 0.568182
vt 0.477273 0.568182
vt 0.477273 0.579545
vt 0.488636 0.579545
vt 0.488636 0.590909
vt 0.477273 0.590909
vt 0.477273 0.602273
vt 0.488636 0.602273
vt 0.488636 0.613636
vt 0.477273 0.613636
vt 0.477273 0.625000
vt 0.488636 0.625000
vt 0.488636 0.636364
vt 0.477273 0.636364
vt 0.477273 0.647727
vt 0.488636 0.647727
vt 0.488636 0.659091
vt 0.477273 0.659091
vt 0.477273 0.670455
vt 0.488636 0.670455
vt 0.488636 0.681818
vt 0.477273 0.681818
vt 0.477273 0.693182
vt 0.488636 0.693182
vt 0.488636 0.704545
vt 0.477273 0.704545
vt 0.500000 0.511364
vt 0.511364 0.511364
vt 0.511364 0.522727
vt 0.500000 0.522727
vt 0.500000 0.534091
vt 0.511364 0.534091
vt 0.511364 0.545455
vt 0.500000 0.545455
vt 0.500000 0.556818
vt 0.511364 0.556818
vt 0.511364 0.568182
vt 0.500000 0.568182
vt 0.500000 0.579545
vt 0.511364 0.579545
vt 0.511364 0.590909
vt 0.500000 0.590909
vt 0.500000 0.602273
vt 0.511364 0.602273
vt 0.511364 0.613636
vt 0.500000 0.613636
vt 0.500000 0.625000
vt 0.511364 0.625000
vt 0.511364 0.636364
vt 0.500000 0.636364
vt 0.500000 0.647727
vt 0.511364 0.647727
vt 0.511364 0.659091
vt 0.500000 0.659091
vt 0.500000 0.670455
vt 0.511364 0.670455
vt 0.511364 0.681818
vt 0.500000 0.681818
vt 0.500000 0.693182
vt 0.511364 0.693182
vt 0.511364 0.704545
vt 0.500000 0.704545
vt 0.522727 0.511364
vt 0.534091 0.511364
vt 0.534091 0.522727
vt 0.522727 0.522727
vt 0.522727 0.534091
vt 0.534091 0.534091
vt 0.534091 0.545455
vt 0.522727 0.545455
vt 0.522727 0.556818
vt 0.534091 0.556818
vt 0.534091 0.568182
vt 0.522727 0.568182
vt 0.522727 0.579545
vt 0.534091 0.579545
vt 0.534091 0.590909
vt 0.522727 0.590909
vt 0.522727 0.602273
vt 0.534091 0.602273
vt 0.534091 0.613636
vt 0.522727 0.613636
vt 0.522727 0.625000
vt 0.534091 0.625000
vt 0.534091 0.636364
vt 0.522727 0.636364
vt 0.522727 0.647727
vt 0.534091 0.647727
vt 0.534091 0.659091
vt 0.522727 0.659091
vt 0.522727 0.670455
vt 0.534091 0.670455
vt 0.534091 0.681818
vt 0.522727 0.681818
vt 0.522727 0.693182
vt 0.534091 0.693182
vt 0.534091 0.704545
vt 0.522727 0.704545
vt 0.545455 0.511364
vt 0.556818 0.511364
vt 0.556818 0.522727
vt 0.545455 0.522727
vt 0.545455 0.534091
vt 0.556818 0.534091
vt 0.556818 0.545455
vt 0.545455 0.545455
vt 0.545455 0.556818
vt 0.556818 0.556818
vt 0.556818 0.568182
vt 0.545455 0.568182
vt 0.545455 0.579545
vt 0.556818 0.579545
vt 0.556818 0.590909
vt 0.545455 0.590909
vt 0.545455 0.602273
vt 0.556818 0.602273
vt 0.556818 0.613636
vt 0.545455 0.613636
vt 0.545455 0.625000
vt 0.556818 0.625000
vt 0.556818 0.636364
vt 0.545455 0.636364
vt 0.545455 0.647727
vt 0.556818 0.647727
vt 0.556818 0.659091
vt 0.545455 0.659091
vt 0.545455 0.670455
vt 0.556818 0.670455
vt 0.556818 0.681818
vt 0.545455 0.681818
vt 0.545455 0.693182
vt 0.556818 0.693182
vt 0.556818 0.704545
vt 0.545455 0.704545
vt 0.568182 0.511364
vt 0.579545 0.511364
vt 0.579545 0.522727
vt 0.568182 0.522727
vt 0.568182 0.534091
vt 0.579545 0.534091
vt 0.579545 0.545455
vt 0.568182 0.545455
vt 0.568182 0.556818
vt 0.579545 0.556818
vt 0.579545 0.568182
vt 0.568182 0.568182
vt 0.568182 0.579545
vt 0.579545 0.579545
vt 0.579545 0.590909
vt 0.568182 0.590909
vt 0.568182 0.602273
vt 0.579545 0.602273
vt 0.579545 0.613636
vt 0.568182 0.613636
vt 0.568182 0.625000
vt 0.579545 0.625000
vt 0.579545 0.636364
vt 0.568182 0.636364
vt 0.568182 0.647727
vt 0.579545 0.647727
vt 0.579545 0.659091
vt 0.568182 0.659091
vt 0.568182 0.670455
vt 0.579545 0.670455
vt 0.579545 0.681818
vt 0.568182 0.681818
vt 0.568182 0.693182
vt 0.579545 0.693182
vt 0.579545 0.704545
vt 0.568182 0.704545
vt 0.590909 0.511364
vt 0.602273 0.511364
vt 0.602273 0.522727
vt 0.590909 0.522727
vt 0.590909 0.534091
vt 0.602273 0.534091
vt 0.602273 0.545455
vt 0.590909 0.545455
vt 0.590909 0.556818
vt 0.602273 0.556818
vt 0.602273 0.568182
vt 0.590909 0.568182
vt 0.590909 0.579545
vt 0.602273 0.579545
vt 0.602273 0.590909
vt 0.590909 0.590909
vt 0.590909 0.602273
vt 0.602273 0.602273
vt 0.602273 0.613636
vt 0.590909 0.613636
vt 0.590909 0.625000
vt 0.602273 0.625000
vt 0.602273 0.636364
vt 0.590909 0.636364
vt 0.590909 0.647727
vt 0.602273 0.647727
vt 0.602273 0.659091
vt 0.590909 0.659091
vt 0.590909 0.670455
vt 0.602273 0.670455
vt 0.602273 0.681818
vt 0.590909 0.681818
vt 0.613636 0.511364
vt 0.625000 0.511364
vt 0.625000 0.522727
vt 0.613636 0.522727
vt 0.613636 0.534091
vt 0.625000 0.534091
vt 0.625000 0.545455
vt 0.613636 0.545455
vt 0.613636 0.556818
vt 0.625000 0.556818
vt 0.625000 0.568182
vt 0.613636 0.568182
vt 0.613636 0.579545
vt 0.625000 0.579545
vt 0.625000 0.590909
vt 0.613636 0.590909
vt 0.613636 0.602273
vt 0.625000 0.602273
vt 0.625000 0.613636
vt 0.613636 0.613636
vt 0.613636 0.625000
vt 0.625000 0.625000
vt 0.625000 0.636364
vt 0.613636 0.636364
vt 0.613636 0.647727
vt 0.625000 0.647727
vt 0.625000 0.659091
vt 0.613636 0.659091
vt 0.613636 0.670455
vt 0.625000 0.670455
vt 0.625000 0.681818
vt 0.613636 0.681818
vt 0.136364 0.738636
vt 0.147727 0.738636
vt 0.147727 0.750000
vt 0.136364 0.750000
vt 0.159091 0.738636
vt 0.170455 0.738636
vt 0.170455 0.750000
vt 0.159091 0.750000
vt 0.181818 0.738636
vt 0.193182 0.738636
vt 0.193182 0.750000
vt 0.181818 0.750000
vt 0.204545 0.738636
vt 0.215909 0.738636
vt 0.215909 0.750000
vt 0.204545 0.750000
vt 0.227273 0.738636
vt 0.238636 0.738636
vt 0.238636 0.750000
vt 0.227273 0.750000
vt 0.250000 0.738636
vt 0.261364 0.738636
vt 0.261364 0.750000
vt 0.250000 0.750000
vt 0.272727 0.738636
vt 0.284091 0.738636
vt 0.284091 0.750000
vt 0.272727 0.750000
vt 0.295455 0.738636
vt 0.306818 0.738636
vt 0.306818 0.750000
vt 0.295455 0.750000
vt 0.318182 0.738636
vt 0.329545 0.738636
vt 0.329545 0.750000
vt 0.318182 0.750000
vt 0.340909 0.738636
vt 0.352273 0.738636
vt 0.352273 0.750000
vt 0.340909 0.750000
vt 0.136364 0.511364
vt 0.147727 0.511364
vt 0.147727 0.522727
vt 0.136364 0.522727
vt 0.136364 0.534091
vt 0.147727 0.534091
vt 0.147727 0.545455
vt 0.136364 0.545455
vt 0.136364 0.556818
vt 0.147727 0.556818
vt 0.147727 0.568182
vt 0.136364 0.568182
vt 0.136364 0.579545
vt 0.147727 0.579545
vt 0.147727 0.590909
vt 0.136364 0.590909
vt 0.136364 0.602273
vt 0.147727 0.602273
vt 0.147727 0.613636
vt 0.136364 0.613636
vt 0.136364 0.625000
vt 0.147727 0.625000
vt 0.147727 0.636364
vt 0.136364 0.636364
vt 0.136364 0.647727
vt 0.147727 0.647727
vt 0.147727 0.659091
vt 0.136364 0.659091
vt 0.136364 0.670455
vt 0.147727 0.670455
vt 0.147727 0.681818
vt 0.136364 0.681818
vt 0.136364 0.693182
vt 0.147727 0.693182
vt 0.147727 0.704545
vt 0.136364 0.704545
vt 0.136364 0.715909
vt 0.147727 0.715909
vt 0.147727 0.727273
vt 0.136364 0.727273
vt 0.159091 0.511364
vt 0.170455 0.511364
vt 0.170455 0.522727
vt 0.159091 0.522727
vt 0.159091 0.534091
vt 0.170455 0.534091
vt 0.170455 0.545455
vt 0.159091 0.545455
vt 0.159091 0.556818
vt 0.170455 0.556818
vt 0.170455 0.568182
vt 0.159091 0.568182
vt 0.159091 0.579545
vt 0.170455 0.579545
vt 0.170455 0.590909
vt 0.159091 0.590909
vt 0.159091 0.602273
vt 0.170455 0.602273
vt 0.170455 0.613636
vt 0.159091 0.613636
vt 0.159091 0.625000
vt 0.170455 0.625000
vt 0.170455 0.636364
vt 0.159091 0.636364
vt 0.159091 0.647727
vt 0.170455 0.647727
vt 0.170455 0.659091
vt 0.159091 0.659091
vt 0.159091 0.670455
vt 0.170455 0.670455
vt 0.170455 0.681818
vt 0.159091 0.681818
vt 0.159091 0.693182
vt 0.170455 0.693182
vt 0.170455 0.704545
vt 0.159091 0.704545
vt 0.159091 0.715909
vt 0.170455 0.715909
vt 0.170455 0.727273
vt 0.159091 0.727273
vt 0.181818 0.511364
vt 0.193182 0.511364
vt 0.193182 0.522727
vt 0.181818 0.522727
vt 0.181818 0.534091
vt 0.193182 0.534091
vt 0.193182 0.545455
vt 0.181818 0.545455
vt 0.181818 0.556818
vt 0.193182 0.556818
vt 0.193182 0.568182
vt 0.181818 0.568182
vt 0.181818 0.579545
vt 0.193182 0.579545
vt 0.193182 0.590909
vt 0.181818 0.590909
vt 0.181818 0.602273
vt 0.193182 0.602273
vt 0.193182 0.613636
vt 0.181818 0.613636
vt 0.181818 0.625000
vt 0.193182 0.625000
vt 0.193182 0.636364
vt 0.181818 0.636364
vt 0.181818 0.647727
vt 0.193182 0.647727
vt 0.193182 0.659091
vt 0.181818 0.659091
vt 0.181818 0.670455
vt 0.193182 0.670455
vt 0.193182 0.681818
vt 0.181818 0.681818
vt 0.181818 0.693182
vt 0.193182 0.693182
vt 0.193182 0.704545
vt 0.181818 0.704545
vt 0.181818 0.715909
vt 0.193182 0.715909
vt 0.193182 0.727273
vt 0.181818 0.727273
vt 0.204545 0.511364
vt 0.215909 0.511364
vt 0.215909 0.522727
vt 0.204545 0.522727
vt 0.204545 0.534091
vt 0.215909 0.534091
vt 0.215909 0.545455
vt 0.204545 0.545455
vt 0.204545 0.556818
vt 0.215909 0.556818
vt 0.215909 0.568182
vt 0.204545 0.568182
vt 0.204545 0.579545
vt 0.215909 0.579545
vt 0.215909 0.590909
vt 0.204545 0.590909
vt 0.204545 0.602273
vt 0.215909 0.602273
vt 0.215909 0.613636
vt 0.204545 0.613636
vt 0.204545 0.625000
vt 0.215909 0.625000
vt 0.215909 0.636364
vt 0.204545 0.636364
vt 0.204545 0.647727
vt 0.215909 0.647727
vt 0.215909 0.659091
vt 0.204545 0.659091
vt 0.204545 0.670455
vt 0.215909 0.670455
vt 0.215909 0.681818
vt 0.204545 0.681818
vt 0.204545 0.693182
vt 0.215909 0.693182
vt 0.215909 0.704545
vt 0.204545 0.704545
vt 0.204545 0.715909
vt 0.215909 0.715909
vt 0.215909 0.727273
vt 0.204545 0.727273
vt 0.227273 0.511364
vt 0.238636 0.511364
vt 0.238636 0.522727
vt 0.227273 0.522727
vt 0.227273 0.534091
vt 0.238636 0.534091
vt 0.238636 0.545455
vt 0.227273 0.545455
vt 0.227273 0.556818
vt 0.238636 0.556818
vt 0.238636 0.568182
vt 0.227273 0.568182
vt 0.227273 0.579545
vt 0.238636 0.579545
vt 0.238636 0.590909
vt 0.227273 0.590909
vt 0.227273 0.602273
vt 0.238636 0.602273
vt 0.238636 0.613636
vt 0.227273 0.613636
vt 0.227273 0.625000
vt 0.238636 0.625000
vt 0.238636 0.636364
vt 0.227273 0.636364
vt 0.227273 0.647727
vt 0.238636 0.647727
vt 0.238636 0.659091
vt 0.227273 0.659091
vt 0.227273 0.670455
vt 0.238636 0.670455
vt 0.238636 0.681818
vt 0.227273 0.681818
vt 0.227273 0.693182
vt 0.238636 0.693182
vt 0.238636 0.704545
vt 0.227273 0.704545
vt 0.227273 0.715909
vt 0.238636 0.715909
vt 0.238636 0.727273
vt 0.227273 0.727273
vt 0.250000 0.511364
vt 0.261364 0.511364
vt 0.261364 0.522727
vt 0.250000 0.522727
vt 0.250000 0.534091
vt 0.261364 0.534091
vt 0.261364 0.545455
vt 0.250000 0.545455
vt 0.250000 0.556818
vt 0.261364 0.556818
vt 0.261364 0.568182
vt 0.250000 0.568182
vt 0.250000 0.579545
vt 0.261364 0.579545
vt 0.261364 0.590909
vt 0.250000 0.590909
vt 0.250000 0.602273
vt 0.261364 0.602273
vt 0.261364 0.613636
vt 0.250000 0.613636
vt 0.250000 0.625000
vt 0.261364 0.625000
vt 0.261364 0.636364
vt 0.250000 0.636364
vt 0.250000 0.647727
vt 0.261364 0.647727
vt 0.261364 0.659091
vt 0.250000 0.659091
vt 0.250000 0.670455
vt 0.261364 0.670455
vt 0.261364 0.681818
vt 0.250000 0.681818
vt 0.250000 0.693182
vt 0.261364 0.693182
vt 0.261364 0.704545
vt 0.250000 0.704545
vt 0.250000 0.715909
vt 0.261364 0.715909
vt 0.261364 0.727273
vt 0.250000 0.727273
vt 0.272727 0.511364
vt 0.284091 0.511364
vt 0.284091 0.522727
vt 0.272727 0.522727
vt 0.272727 0.534091
vt 0.284091 0.534091
vt 0.284091 0.545455
vt 0.272727 0.545455
vt 0.272727 0.556818
vt 0.284091 0.556818
vt 0.284091 0.568182
vt 0.272727 0.568182
vt 0.272727 0.579545
vt 0.284091 0.579545
vt 0.284091 0.590909
vt 0.272727 0.590909
vt 0.272727 0.602273
vt 0.284091 0.602273
vt 0.284091 0.613636
vt 0.272727 0.613636
vt 0.272727 0.625000
vt 0.284091 0.625000
vt 0.284091 0.636364
vt 0.272727 0.636364
vt 0.272727 0.647727
vt 0.284091 0.647727
vt 0.284091 0.659091
vt 0.272727 0.659091
vt 0.272727 0.670455
vt 0.284091 0.670455
vt 0.284091 0.681818
vt 0.272727 0.681818
vt 0.272727 0.693182
vt 0.284091 0.693182
vt 0.284091 0.704545
vt 0.272727 0.704545
vt 0.272727 0.715909
vt 0.284091 0.715909
vt 0.284091 0.727273
vt 0.272727 0.727273
vt 0.295455 0.511364
vt 0.306818 0.511364
vt 0.306818 0.522727
vt 0.295455 0.522727
vt 0.295455 0.534091
vt 0.306818 0.534091
vt 0.306818 0.545455
vt 0.295455 0.545455
vt 0.295455 0.556818
vt 0.306818 0.556818
vt 0.306818 0.568182
vt 0.295455 0.568182
vt 0.295455 0.579545
vt 0.306818 0.579545
vt 0.306818 0.590909
vt 0.295455 0.590909
vt 0.295455 0.602273
vt 0.306818 0.602273
vt 0.306818 0.613636
vt 0.295455 0.613636
vt 0.295455 0.625000
vt 0.306818 0.625000
vt 0.306818 0.636364
vt 0.295455 0.636364
vt 0.295455 0.647727
vt 0.306818 0.647727
vt 0.306818 0.659091
vt 0.295455 0.659091
vt 0.295455 0.670455
vt 0.306818 0.670455
vt 0.306818 0.681818
vt 0.295455 0.681818
vt 0.295455 0.693182
vt 0.306818 0.693182
vt 0.306818 0.704545
vt 0.295455 0.704545
vt 0.295455 0.715909
vt 0.306818 0.715909
vt 0.306818 0.727273
vt 0.295455 0.727273
vt 0.318182 0.511364
vt 0.329545 0.511364
vt 0.329545 0.522727
vt 0.318182 0.522727
vt 0.318182 0.534091
vt 0.329545 0.534091
vt 0.329545 0.545455
vt 0.318182 0.545455
vt 0.318182 0.556818
vt 0.329545 0.556818
vt 0.329545 0.568182
vt 0.318182 0.568182
vt 0.318182 0.579545
vt 0.329545 0.579545
vt 0.329545 0.590909
vt 0.318182 0.590909
vt 0.318182 0.602273
vt 0.329545 0.602273
vt 0.329545 0.613636
vt 0.318182 0.613636
vt 0.318182 0.625000
vt 0.329545 0.625000
vt 0.329545 0.636364
vt 0.318182 0.636364
vt 0.318182 0.647727
vt 0.329545 0.647727
vt 0.329545 0.659091
vt 0.318182 0.659091
vt 0.318182 0.670455
vt 0.329545 0.670455
vt 0.329545 0.681818
vt 0.318182 0.681818
vt 0.318182 0.693182
vt 0.329545 0.693182
vt 0.329545 0.704545
vt 0.318182 0.704545
vt 0.318182 0.715909
vt 0.329545 0.715909
vt 0.329545 0.727273
vt 0.318182 0.727273
vt 0.340909 0.511364
vt 0.352273 0.511364
vt 0.352273 0.522727
vt 0.340909 0.522727
vt 0.340909 0.534091
vt 0.352273 0.534091
vt 0.352273 0.545455
vt 0.340909 0.545455
vt 0.340909 0.556818
vt 0.352273 0.556818
vt 0.352273 0.568182
vt 0.340909 0.568182
vt 0.340909 0.579545
vt 0.352273 0.579545
vt 0.352273 0.590909
vt 0.340909 0.590909
vt 0.340909 0.602273
vt 0.352273 0.602273
vt 0.352273 0.613636
vt 0.340909 0.613636
vt 0.340909 0.625000
vt 0.352273 0.625000
vt 0.352273 0.636364
vt 0.340909 0.636364
vt 0.340909 0.647727
vt 0.352273 0.647727
vt 0.352273 0.659091
vt 0.340909 0.659091
vt 0.340909 0.670455
vt 0.352273 0.670455
vt 0.352273 0.681818
vt 0.340909 0.681818
vt 0.340909 0.693182
vt 0.352273 0.693182
vt 0.352273 0.704545
vt 0.340909 0.704545
vt 0.340909 0.715909
vt 0.352273 0.715909
vt 0.352273 0.727273
vt 0.340909 0.727273
vt 0.363636 0.511364
vt 0.375000 0.511364
vt 0.375000 0.522727
vt 0.363636 0.522727
vt 0.363636 0.534091
vt 0.375000 0.534091
vt 0.375000 0.545455
vt 0.363636 0.545455
vt 0.363636 0.556818
vt 0.375000 0.556818
vt 0.375000 0.568182
vt 0.363636 0.568182
vt 0.363636 0.579545
vt 0.375000 0.579545
vt 0.375000 0.590909
vt 0.363636 0.590909
vt 0.363636 0.602273
vt 0.375000 0.602273
vt 0.375000 0.613636
vt 0.363636 0.613636
vt 0.363636 0.625000
vt 0.375000 0.625000
vt 0.375000 0.636364
vt 0.363636 0.636364
vt 0.363636 0.647727
vt 0.375000 0.647727
vt 0.375000 0.659091
vt 0.363636 0.659091
vt 0.363636 0.670455
vt 0.375000 0.670455
vt 0.375000 0.681818
vt 0.363636 0.681818
vt 0.363636 0.693182
vt 0.375000 0.693182
vt 0.375000 0.704545
vt 0.363636 0.704545
vt 0.363636 0.715909
vt 0.375000 0.715909
vt 0.375000 0.727273
vt 0.363636 0.727273
vt 0.386364 0.238636
vt 0.397727 0.238636
vt 0.397727 0.250000
vt 0.386364 0.250000
vt 0.409091 0.238636
vt 0.420455 0.238636
vt 0.420455 0.250000
vt 0.409091 0.250000
vt 0.431818 0.238636
vt 0.443182 0.238636
vt 0.443182 0.250000
vt 0.431818 0.250000
vt 0.454545 0.238636
vt 0.465909 0.238636
vt 0.465909 0.250000
vt 0.454546 0.250000
vt 0.477273 0.238636
vt 0.488636 0.238636
vt 0.488636 0.250000
vt 0.477273 0.250000
vt 0.500000 0.238636
vt 0.511364 0.238636
vt 0.511364 0.250000
vt 0.500000 0.250000
vt 0.522727 0.238636
vt 0.534091 0.238636
vt 0.534091 0.250000
vt 0.522727 0.250000
vt 0.545455 0.238636
vt 0.556818 0.238636
vt 0.556818 0.250000
vt 0.545455 0.250000
vt 0.568182 0.238636
vt 0.579545 0.238636
vt 0.579545 0.250000
vt 0.568182 0.250000
vt 0.590909 0.238636
vt 0.602273 0.238636
vt 0.602273 0.250000
vt 0.590909 0.250000
vt 0.386364 0.011364
vt 0.397727 0.011364
vt 0.397727 0.022727
vt 0.386364 0.022727
vt 0.386364 0.034091
vt 0.397727 0.034091
vt 0.397727 0.045455
vt 0.386364 0.045455
vt 0.386364 0.056818
vt 0.397727 0.056818
vt 0.397727 0.068182
vt 0.386364 0.068182
vt 0.386364 0.079545
vt 0.397727 0.079545
vt 0.397727 0.090909
vt 0.386364 0.090909
vt 0.386364 0.102273
vt 0.397727 0.102273
vt 0.397727 0.113636
vt 0.386364 0.113636
vt 0.386364 0.125000
vt 0.397727 0.125000
vt 0.397727 0.136364
vt 0.386364 0.136364
vt 0.386364 0.147727
vt 0.397727 0.147727
vt 0.397727 0.159091
vt 0.386364 0.159091
vt 0.386364 0.170455
vt 0.397727 0.170455
vt 0.397727 0.181818
vt 0.386364 0.181818
vt 0.386364 0.193182
vt 0.397727 0.193182
vt 0.397727 0.204545
vt 0.386364 0.204545
vt 0.386364 0.215909
vt 0.397727 0.215909
vt 0.397727 0.227273
vt 0.386364 0.227273
vt 0.409091 0.011364
vt 0.420455 0.011364
vt 0.420455 0.022727
vt 0.409091 0.022727
vt 0.409091 0.056818
vt 0.420454 0.056818
vt 0.420454 0.068182
vt 0.409091 0.068182
vt 0.409091 0.079545
vt 0.420454 0.079545
vt 0.420454 0.090909
vt 0.409091 0.090909
vt 0.409091 0.102273
vt 0.420455 0.102273
vt 0.420455 0.113636
vt 0.409091 0.113636
vt 0.409091 0.125000
vt 0.420455 0.125000
vt 0.420455 0.136364
vt 0.409091 0.136364
vt 0.409091 0.147727
vt 0.420455 0.147727
vt 0.420455 0.159091
vt 0.409091 0.159091
vt 0.409091 0.170455
vt 0.420455 0.170455
vt 0.420455 0.181818
vt 0.409091 0.181818
vt 0.409091 0.193182
vt 0.420455 0.193182
vt 0.420455 0.204545
vt 0.409091 0.204545
vt 0.409091 0.215909
vt 0.420455 0.215909
vt 0.420455 0.227273
vt 0.409091 0.227273
vt 0.431818 0.056818
vt 0.443182 0.056818
vt 0.443182 0.068182
vt 0.431818 0.068182
vt 0.431818 0.079545
vt 0.443182 0.079545
vt 0.443182 0.090909
vt 0.431818 0.090909
vt 0.431818 0.102273
vt 0.443182 0.102273
vt 0.443182 0.113636
vt 0.431818 0.113636
vt 0.431818 0.125000
vt 0.443182 0.125000
vt 0.443182 0.136364
vt 0.431818 0.136364
vt 0.431818 0.147727
vt 0.443182 0.147727
vt 0.443182 0.159091
vt 0.431818 0.159091
vt 0.431818 0.170455
vt 0.443182 0.170455
vt 0.443182 0.181818
vt 0.431818 0.181818
vt 0.431818 0.193182
vt 0.443182 0.193182
vt 0.443182 0.204545
vt 0.431818 0.204545
vt 0.431818 0.215909
vt 0.443182 0.215909
vt 0.443182 0.227273
vt 0.431818 0.227273
vt 0.454545 0.056818
vt 0.465909 0.056818
vt 0.465909 0.068182
vt 0.454545 0.068182
vt 0.454545 0.079545
vt 0.465909 0.079545
vt 0.465909 0.090909
vt 0.454545 0.090909
vt 0.454545 0.102273
vt 0.465909 0.102273
vt 0.465909 0.113636
vt 0.454545 0.113636
vt 0.454545 0.125000
vt 0.465909 0.125000
vt 0.465909 0.136364
vt 0.454545 0.136364
vt 0.454545 0.147727
vt 0.465909 0.147727
vt 0.465909 0.159091
vt 0.454545 0.159091
vt 0.454545 0.170455
vt 0.465909 0.170455
vt 0.465909 0.181818
vt 0.454545 0.181818
vt 0.454545 0.193182
vt 0.465909 0.193182
vt 0.465909 0.204545
vt 0.454545 0.204545
vt 0.454545 0.215909
vt 0.465909 0.215909
vt 0.465909 0.227273
vt 0.454545 0.227273
vt 0.477273 0.056818
vt 0.488636 0.056818
vt 0.488636 0.068182
vt 0.477273 0.068182
vt 0.477273 0.079545
vt 0.488636 0.079545
vt 0.488636 0.090909
vt 0.477273 0.090909
vt 0.477273 0.102273
vt 0.488636 0.102273
vt 0.488636 0.113636
vt 0.477273 0.113636
vt 0.477273 0.125000
vt 0.488636 0.125000
vt 0.488636 0.136364
vt 0.477273 0.136364
vt 0.477273 0.147727
vt 0.488636 0.147727
vt 0.488636 0.159091
vt 0.477273 0.159091
vt 0.477273 0.170455
vt 0.488636 0.170455
vt 0.488636 0.181818
vt 0.477273 0.181818
vt 0.477273 0.193182
vt 0.488636 0.193182
vt 0.488636 0.204545
vt 0.477273 0.204545
vt 0.477273 0.215909
vt 0.488636 0.215909
vt 0.488636 0.227273
vt 0.477273 0.227273
vt 0.500000 0.056818
vt 0.511364 0.056818
vt 0.511364 0.068182
vt 0.500000 0.068182
vt 0.500000 0.079545
vt 0.511364 0.079545
vt 0.511364 0.090909
vt 0.500000 0.090909
vt 0.500000 0.102273
vt 0.511364 0.102273
vt 0.511364 0.113636
vt 0.500000 0.113636
vt 0.500000 0.125000
vt 0.511364 0.125000
vt 0.511364 0.136364
vt 0.500000 0.136364
vt 0.500000 0.147727
vt 0.511364 0.147727
vt 0.511364 0.159091
vt 0.500000 0.159091
vt 0.500000 0.170455
vt 0.511364 0.170455
vt 0.511364 0.181818
vt 0.500000 0.181818
vt 0.500000 0.193182
vt 0.511364 0.193182
vt 0.511364 0.204545
vt 0.500000 0.204545
vt 0.500000 0.215909
vt 0.511364 0.215909
vt 0.511364 0.227273
vt 0.500000 0.227273
vt 0.522727 0.056818
vt 0.534091 0.056818
vt 0.534091 0.068182
vt 0.522727 0.068182
vt 0.522727 0.079545
vt 0.534091 0.079545
vt 0.534091 0.090909
vt 0.522727 0.090909
vt 0.522727 0.102273
vt 0.534091 0.102273
vt 0.534091 0.113636
vt 0.522727 0.113636
vt 0.522727 0.125000
vt 0.534091 0.125000
vt 0.534091 0.136364
vt 0.522727 0.136364
vt 0.522727 0.147727
vt 0.534091 0.147727
vt 0.534091 0.159091
vt 0.522727 0.159091
vt 0.522727 0.170455
vt 0.534091 0.170455
vt 0.534091 0.181818
vt 0.522727 0.181818
vt 0.522727 0.193182
vt 0.534091 0.193182
vt 0.534091 0.204545
vt 0.522727 0.204545
vt 0.522727 0.215909
vt 0.534091 0.215909
vt 0.534091 0.227273
vt 0.522727 0.227273
vt 0.545455 0.056818
vt 0.556818 0.056818
vt 0.556818 0.068182
vt 0.545455 0.068182
vt 0.545455 0.079545
vt 0.556818 0.079545
vt 0.556818 0.090909
vt 0.545455 0.090909
vt 0.545455 0.102273
vt 0.556818 0.102273
vt 0.556818 0.113636
vt 0.545455 0.113636
vt 0.545455 0.125000
vt 0.556818 0.125000
vt 0.556818 0.136364
vt 0.545455 0.136364
vt 0.545455 0.147727
vt 0.556818 0.147727
vt 0.556818 0.159091
vt 0.545455 0.159091
vt 0.545455 0.170455
vt 0.556818 0.170455
vt 0.556818 0.181818
vt 0.545455 0.181818
vt 0.545455 0.193182
vt 0.556818 0.193182
vt 0.556818 0.204545
vt 0.545455 0.204545
vt 0.545455 0.215909
vt 0.556818 0.215909
vt 0.556818 0.227273
vt 0.545455 0.227273
vt 0.568182 0.056818
vt 0.579545 0.056818
vt 0.579545 0.068182
vt 0.568182 0.068182
vt 0.568182 0.079545
vt 0.579545 0.079545
vt 0.579545 0.090909
vt 0.568182 0.090909
vt 0.568182 0.102273
vt 0.579545 0.102273
vt 0.579545 0.113636
vt 0.568182 0.113636
vt 0.568182 0.125000
vt 0.579545 0.125000
vt 0.579545 0.136364
vt 0.568182 0.136364
vt 0.568182 0.147727
vt 0.579545 0.147727
vt 0.579545 0.159091
vt 0.568182 0.159091
vt 0.568182 0.170455
vt 0.579545 0.170455
vt 0.579545 0.181818
vt 0.568182 0.181818
vt 0.568182 0.193182
vt 0.579545 0.193182
vt 0.579545 0.204545
vt 0.568182 0.204545
vt 0.568182 0.215909
vt 0.579545 0.215909
vt 0.579545 0.227273
vt 0.568182 0.227273
vt 0.590909 0.056818
vt 0.602273 0.056818
vt 0.602273 0.068182
vt 0.590909 0.068182
vt 0.590909 0.079545
vt 0.602273 0.079545
vt 0.602273 0.090909
vt 0.590909 0.090909
vt 0.590909 0.102273
vt 0.602273 0.102273
vt 0.602273 0.113636
vt 0.590909 0.113636
vt 0.590909 0.125000
vt 0.602273 0.125000
vt 0.602273 0.136364
vt 0.590909 0.136364
vt 0.590909 0.147727
vt 0.602273 0.147727
vt 0.602273 0.159091
vt 0.590909 0.159091
vt 0.590909 0.170455
vt 0.602273 0.170455
vt 0.602273 0.181818
vt 0.590909 0.181818
vt 0.590909 0.193182
vt 0.602273 0.193182
vt 0.602273 0.204545
vt 0.590909 0.204545
vt 0.590909 0.215909
vt 0.602273 0.215909
vt 0.602273 0.227273
vt 0.590909 0.227273
vt 0.613636 0.079545
vt 0.625000 0.079545
vt 0.625000 0.090909
vt 0.613636 0.090909
vt 0.613636 0.102273
vt 0.625000 0.102273
vt 0.625000 0.113636
vt 0.613636 0.113636
vt 0.613636 0.125000
vt 0.625000 0.125000
vt 0.625000 0.136364
vt 0.613636 0.136364
vt 0.613636 0.147727
vt 0.625000 0.147727
vt 0.625000 0.159091
vt 0.613636 0.159091
vt 0.613636 0.170455
vt 0.625000 0.170455
vt 0.625000 0.181818
vt 0.613636 0.181818
vt 0.613636 0.193182
vt 0.625000 0.193182
vt 0.625000 0.204545
vt 0.613636 0.204545
vt 0.613636 0.215909
vt 0.625000 0.215909
vt 0.625000 0.227273
vt 0.613636 0.227273
vt 0.386364 0.988636
vt 0.397727 0.988636
vt 0.397727 1.000000
vt 0.386364 1.000000
vt 0.409091 0.988636
vt 0.420455 0.988636
vt 0.420455 1.000000
vt 0.409091 1.000000
vt 0.431818 0.988636
vt 0.443182 0.988636
vt 0.443182 1.000000
vt 0.431818 1.000000
vt 0.454545 0.988636
vt 0.465909 0.988636
vt 0.465909 1.000000
vt 0.454545 1.000000
vt 0.477273 0.988636
vt 0.488636 0.988636
vt 0.488636 1.000000
vt 0.477273 1.000000
vt 0.500000 0.988636
vt 0.511364 0.988636
vt 0.511364 1.000000
vt 0.500000 1.000000
vt 0.386364 0.761364
vt 0.397727 0.761364
vt 0.397727 0.772727
vt 0.386364 0.772727
vt 0.386364 0.784091
vt 0.397727 0.784091
vt 0.397727 0.795455
vt 0.386364 0.795455
vt 0.386364 0.806818
vt 0.397727 0.806818
vt 0.397727 0.818182
vt 0.386364 0.818182
vt 0.386364 0.829545
vt 0.397727 0.829545
vt 0.397727 0.840909
vt 0.386364 0.840909
vt 0.386364 0.852273
vt 0.397727 0.852273
vt 0.397727 0.863636
vt 0.386364 0.863636
vt 0.386364 0.875000
vt 0.397727 0.875000
vt 0.397727 0.886364
vt 0.386364 0.886364
vt 0.386364 0.897727
vt 0.397727 0.897727
vt 0.397727 0.909091
vt 0.386364 0.909091
vt 0.386364 0.920455
vt 0.397727 0.920455
vt 0.397727 0.931818
vt 0.386364 0.931818
vt 0.386364 0.943182
vt 0.397727 0.943182
vt 0.397727 0.954545
vt 0.386364 0.954545
vt 0.386364 0.965909
vt 0.397727 0.965909
vt 0.397727 0.977273
vt 0.386364 0.977273
vt 0.409091 0.761364
vt 0.420455 0.761364
vt 0.420455 0.772727
vt 0.409091 0.772727
vt 0.409091 0.784091
vt 0.420455 0.784091
vt 0.420455 0.795455
vt 0.409091 0.795455
vt 0.409091 0.806818
vt 0.420455 0.806818
vt 0.420455 0.818182
vt 0.409091 0.818182
vt 0.409091 0.829545
vt 0.420455 0.829545
vt 0.420455 0.840909
vt 0.409091 0.840909
vt 0.409091 0.852273
vt 0.420455 0.852273
vt 0.420455 0.863636
vt 0.409091 0.863636
vt 0.409091 0.875000
vt 0.420455 0.875000
vt 0.420455 0.886364
vt 0.409091 0.886364
vt 0.409091 0.897727
vt 0.420455 0.897727
vt 0.420455 0.909091
vt 0.409091 0.909091
vt 0.409091 0.920455
vt 0.420455 0.920455
vt 0.420455 0.931818
vt 0.409091 0.931818
vt 0.409091 0.943182
vt 0.420455 0.943182
vt 0.420455 0.954545
vt 0.409091 0.954545
vt 0.409091 0.965909
vt 0.420455 0.965909
vt 0.420455 0.977273
vt 0.409091 0.977273
vt 0.431818 0.761364
vt 0.443182 0.761364
vt 0.443182 0.772727
vt 0.431818 0.772727
vt 0.431818 0.784091
vt 0.443182 0.784091
vt 0.443182 0.795455
vt 0.431818 0.795455
vt 0.431818 0.806818
vt 0.443182 0.806818
vt 0.443182 0.818182
vt 0.431818 0.818182
vt 0.431818 0.829545
vt 0.443182 0.829545
vt 0.443182 0.840909
vt 0.431818 0.840909
vt 0.431818 0.852273
vt 0.443182 0.852273
vt 0.443182 0.863636
vt 0.431818 0.863636
vt 0.431818 0.875000
vt 0.443182 0.875000
vt 0.443182 0.886364
vt 0.431818 0.886364
vt 0.431818 0.897727
vt 0.443182 0.897727
vt 0.443182 0.909091
vt 0.431818 0.909091
vt 0.431818 0.920455
vt 0.443182 0.920455
vt 0.443182 0.931818
vt 0.431818 0.931818
vt 0.431818 0.943182
vt 0.443182 0.943182
vt 0.443182 0.954545
vt 0.431818 0.954545
vt 0.431818 0.965909
vt 0.443182 0.965909
vt 0.443182 0.977273
vt 0.431818 0.977273
vt 0.454545 0.761364
vt 0.465909 0.761364
vt 0.465909 0.772727
vt 0.454545 0.772727
vt 0.454545 0.784091
vt 0.465909 0.784091
vt 0.465909 0.795455
vt 0.454545 0.795455
vt 0.454545 0.806818
vt 0.465909 0.806818
vt 0.465909 0.818182
vt 0.454545 0.818182
vt 0.454545 0.829545
vt 0.465909 0.829545
vt 0.465909 0.840909
vt 0.454545 0.840909
vt 0.454545 0.852273
vt 0.465909 0.852273
vt 0.465909 0.863636
vt 0.454545 0.863636
vt 0.454545 0.875000
vt 0.465909 0.875000
vt 0.465909 0.886364
vt 0.454545 0.886364
vt 0.454545 0.897727
vt 0.465909 0.897727
vt 0.465909 0.909091
vt 0.454545 0.909091
vt 0.454545 0.920455
vt 0.465909 0.920455
vt 0.465909 0.931818
vt 0.454545 0.931818
vt 0.454545 0.943182
vt 0.465909 0.943182
vt 0.465909 0.954545
vt 0.454545 0.954545
vt 0.454545 0.965909
vt 0.465909 0.965909
vt 0.465909 0.977273
vt 0.454545 0.977273
vt 0.477273 0.761364
vt 0.488636 0.761364
vt 0.488636 0.772727
vt 0.477273 0.772727
vt 0.477273 0.784091
vt 0.488636 0.784091
vt 0.488636 0.795455
vt 0.477273 0.795455
vt 0.477273 0.806818
vt 0.488636 0.806818
vt 0.488636 0.818182
vt 0.477273 0.818182
vt 0.477273 0.829545
vt 0.488636 0.829545
vt 0.488636 0.840909
vt 0.477273 0.840909
vt 0.477273 0.852273
vt 0.488636 0.852273
vt 0.488636 0.863636
vt 0.477273 0.863636
vt 0.477273 0.875000
vt 0.488636 0.875000
vt 0.488636 0.886364
vt 0.477273 0.886364
vt 0.477273 0.897727
vt 0.488636 0.897727
vt 0.488636 0.909091
vt 0.477273 0.909091
vt 0.477273 0.920455
vt 0.488636 0.920455
vt 0.488636 0.931818
vt 0.477273 0.931818
vt 0.477273 0.943182
vt 0.488636 0.943182
vt 0.488636 0.954545
vt 0.477273 0.954545
vt 0.477273 0.965909
vt 0.488636 0.965909
vt 0.488636 0.977273
vt 0.477273 0.977273
vt 0.500000 0.761364
vt 0.511364 0.761364
vt 0.511364 0.772727
vt 0.500000 0.772727
vt 0.500000 0.784091
vt 0.511364 0.784091
vt 0.511364 0.795455
vt 0.500000 0.795455
vt 0.500000 0.806818
vt 0.511364 0.806818
vt 0.511364 0.818182
vt 0.500000 0.818182
vt 0.500000 0.829545
vt 0.511364 0.829545
vt 0.511364 0.840909
vt 0.500000 0.840909
vt 0.500000 0.852273
vt 0.511364 0.852273
vt 0.511364 0.863636
vt 0.500000 0.863636
vt 0.500000 0.875000
vt 0.511364 0.875000
vt 0.511364 0.886364
vt 0.500000 0.886364
vt 0.500000 0.897727
vt 0.511364 0.897727
vt 0.511364 0.909091
vt 0.500000 0.909091
vt 0.500000 0.920455
vt 0.511364 0.920455
vt 0.511364 0.931818
vt 0.500000 0.931818
vt 0.500000 0.943182
vt 0.511364 0.943182
vt 0.511364 0.954545
vt 0.500000 0.954545
vt 0.500000 0.965909
vt 0.511364 0.965909
vt 0.511364 0.977273
vt 0.500000 0.977273
vt 0.522727 0.829545
vt 0.534091 0.829545
vt 0.534091 0.840909
vt 0.522727 0.840909
vt 0.522727 0.852273
vt 0.534091 0.852273
vt 0.534091 0.863636
vt 0.522727 0.863636
vt 0.522727 0.875000
vt 0.534091 0.875000
vt 0.534091 0.886364
vt 0.522727 0.886364
vt 0.522727 0.897727
vt 0.534091 0.897727
vt 0.534091 0.909091
vt 0.522727 0.909091
vt 0.545455 0.852273
vt 0.556818 0.852273
vt 0.556818 0.863636
vt 0.545455 0.863636
vt 0.545455 0.875000
vt 0.556818 0.875000
vt 0.556818 0.886364
vt 0.545455 0.886364
vt 0.545455 0.897727
vt 0.556818 0.897727
vt 0.556818 0.909091
vt 0.545455 0.909091
vt 0.568182 0.875000
vt 0.579545 0.875000
vt 0.579545 0.886364
vt 0.568182 0.886364
vt 0.590909 0.875000
vt 0.602273 0.875000
vt 0.602273 0.886364
vt 0.590909 0.886364
vt 0.636364 0.511364
vt 0.647727 0.511364
vt 0.647727 0.522727
vt 0.636364 0.522727
vt 0.636364 0.534091
vt 0.647727 0.534091
vt 0.647727 0.545455
vt 0.636364 0.545455
vt 0.636364 0.556818
vt 0.647727 0.556818
vt 0.647727 0.568182
vt 0.636364 0.568182
vt 0.636364 0.579545
vt 0.647727 0.579545
vt 0.647727 0.590909
vt 0.636364 0.590909
vt 0.636364 0.602273
vt 0.647727 0.602273
vt 0.647727 0.613636
vt 0.636364 0.613636
vt 0.636364 0.625000
vt 0.647727 0.625000
vt 0.647727 0.636364
vt 0.636364 0.636364
vt 0.659091 0.511364
vt 0.670455 0.511364
vt 0.670455 0.522727
vt 0.659091 0.522727
vt 0.659091 0.534091
vt 0.670455 0.534091
vt 0.670455 0.545455
vt 0.659091 0.545455
vt 0.659091 0.556818
vt 0.670455 0.556818
vt 0.670455 0.568182
vt 0.659091 0.568182
vt 0.659091 0.579545
vt 0.670455 0.579545
vt 0.670455 0.590909
vt 0.659091 0.590909
vt 0.659091 0.602273
vt 0.670455 0.602273
vt 0.670455 0.613636
vt 0.659091 0.613636
vt 0.659091 0.625000
vt 0.670455 0.625000
vt 0.670455 0.636364
vt 0.659091 0.636364
vt 0.681818 0.511364
vt 0.693182 0.511364
vt 0.693182 0.522727
vt 0.681818 0.522727
vt 0.681818 0.534091
vt 0.693182 0.534091
vt 0.693182 0.545455
vt 0.681818 0.545455
vt 0.681818 0.556818
vt 0.693182 0.556818
vt 0.693182 0.568182
vt 0.681818 0.568182
vt 0.681818 0.579545
vt 0.693182 0.579545
vt 0.693182 0.590909
vt 0.681818 0.590909
vt 0.681818 0.602273
vt 0.693182 0.602273
vt 0.693182 0.613636
vt 0.681818 0.613636
vt 0.681818 0.625000
vt 0.693182 0.625000
vt 0.693182 0.636364
vt 0.681818 0.636364
vt 0.681818 0.647727
vt 0.693182 0.647727
vt 0.693182 0.659091
vt 0.681818 0.659091
vt 0.704545 0.511364
vt 0.715909 0.511364
vt 0.715909 0.522727
vt 0.704545 0.522727
vt 0.704545 0.534091
vt 0.715909 0.534091
vt 0.715909 0.545455
vt 0.704545 0.545455
vt 0.704545 0.556818
vt 0.715909 0.556818
vt 0.715909 0.568182
vt 0.704545 0.568182
vt 0.704545 0.579545
vt 0.715909 0.579545
vt 0.715909 0.590909
vt 0.704545 0.590909
vt 0.704545 0.602273
vt 0.715909 0.602273
vt 0.715909 0.613636
vt 0.704545 0.613636
vt 0.704545 0.625000
vt 0.715909 0.625000
vt 0.715909 0.636364
vt 0.704545 0.636364
vt 0.704545 0.647727
vt 0.715909 0.647727
vt 0.715909 0.659091
vt 0.704545 0.659091
vt 0.704545 0.670455
vt 0.715909 0.670455
vt 0.715909 0.681818
vt 0.704545 0.681818
vt 0.727273 0.511364
vt 0.738636 0.511364
vt 0.738636 0.522727
vt 0.727273 0.522727
vt 0.727273 0.534091
vt 0.738636 0.534091
vt 0.738636 0.545455
vt 0.727273 0.545455
vt 0.727273 0.556818
vt 0.738636 0.556818
vt 0.738636 0.568182
vt 0.727273 0.568182
vt 0.727273 0.579545
vt 0.738636 0.579545
vt 0.738636 0.590909
vt 0.727273 0.590909
vt 0.727273 0.602273
vt 0.738636 0.602273
vt 0.738636 0.613636
vt 0.727273 0.613636
vt 0.727273 0.625000
vt 0.738636 0.625000
vt 0.738636 0.636364
vt 0.727273 0.636364
vt 0.727273 0.647727
vt 0.738636 0.647727
vt 0.738636 0.659091
vt 0.727273 0.659091
vt 0.727273 0.670455
vt 0.738636 0.670455
vt 0.738636 0.681818
vt 0.727273 0.681818
vt 0.727273 0.693182
vt 0.738636 0.693182
vt 0.738636 0.704545
vt 0.727273 0.704545
vt 0.750000 0.511364
vt 0.761364 0.511364
vt 0.761364 0.522727
vt 0.750000 0.522727
vt 0.750000 0.534091
vt 0.761364 0.534091
vt 0.761364 0.545455
vt 0.750000 0.545455
vt 0.750000 0.556818
vt 0.761364 0.556818
vt 0.761364 0.568182
vt 0.750000 0.568182
vt 0.750000 0.579545
vt 0.761364 0.579545
vt 0.761364 0.590909
vt 0.750000 0.590909
vt 0.750000 0.602273
vt 0.761364 0.602273
vt 0.761364 0.613636
vt 0.750000 0.613636
vt 0.750000 0.625000
vt 0.761364 0.625000
vt 0.761364 0.636364
vt 0.750000 0.636364
vt 0.750000 0.647727
vt 0.761364 0.647727
vt 0.761364 0.659091
vt 0.750000 0.659091
vt 0.750000 0.670455
vt 0.761364 0.670455
vt 0.761364 0.681818
vt 0.750000 0.681818
vt 0.750000 0.693182
vt 0.761364 0.693182
vt 0.761364 0.704545
vt 0.750000 0.704545
vt 0.772727 0.511364
vt 0.784091 0.511364
vt 0.784091 0.522727
vt 0.772727 0.522727
vt 0.772727 0.534091
vt 0.784091 0.534091
vt 0.784091 0.545455
vt 0.772727 0.545455
vt 0.772727 0.556818
vt 0.784091 0.556818
vt 0.784091 0.568182
vt 0.772727 0.568182
vt 0.772727 0.579545
vt 0.784091 0.579545
vt 0.784091 0.590909
vt 0.772727 0.590909
vt 0.772727 0.602273
vt 0.784091 0.602273
vt 0.784091 0.613636
vt 0.772727 0.613636
vt 0.772727 0.625000
vt 0.784091 0.625000
vt 0.784091 0.636364
vt 0.772727 0.636364
vt 0.772727 0.647727
vt 0.784091 0.647727
vt 0.784091 0.659091
vt 0.772727 0.659091
vt 0.772727 0.670455
vt 0.784091 0.670455
vt 0.784091 0.681818
vt 0.772727 0.681818
vt 0.795455 0.511364
vt 0.806818 0.511364
vt 0.806818 0.522727
vt 0.795455 0.522727
vt 0.795455 0.534091
vt 0.806818 0.534091
vt 0.806818 0.545455
vt 0.795454 0.545455
vt 0.795455 0.556818
vt 0.806818 0.556818
vt 0.806818 0.568182
vt 0.795455 0.568182
vt 0.795455 0.579545
vt 0.806818 0.579545
vt 0.806818 0.590909
vt 0.795455 0.590909
vt 0.795455 0.602273
vt 0.806818 0.602273
vt 0.806818 0.613636
vt 0.795455 0.613636
vt 0.795455 0.625000
vt 0.806818 0.625000
vt 0.806818 0.636364
vt 0.795455 0.636364
vt 0.795455 0.647727
vt 0.806818 0.647727
vt 0.806818 0.659091
vt 0.795455 0.659091
vt 0.818182 0.511364
vt 0.829545 0.511364
vt 0.829545 0.522727
vt 0.818182 0.522727
vt 0.818182 0.534091
vt 0.829545 0.534091
vt 0.829545 0.545455
vt 0.818182 0.545455
vt 0.818182 0.556818
vt 0.829545 0.556818
vt 0.829545 0.568182
vt 0.818182 0.568182
vt 0.818182 0.579545
vt 0.829545 0.579545
vt 0.829545 0.590909
vt 0.818182 0.590909
vt 0.818182 0.602273
vt 0.829545 0.602273
vt 0.829545 0.613636
vt 0.818182 0.613636
vt 0.818182 0.625000
vt 0.829545 0.625000
vt 0.829545 0.636364
vt 0.818182 0.636364
vt 0.840909 0.511364
vt 0.852273 0.511364
vt 0.852273 0.522727
vt 0.840909 0.522727
vt 0.840909 0.534091
vt 0.852273 0.534091
vt 0.852273 0.545455
vt 0.840909 0.545455
vt 0.840909 0.556818
vt 0.852273 0.556818
vt 0.852273 0.568182
vt 0.840909 0.568182
vt 0.840909 0.579545
vt 0.852273 0.579545
vt 0.852273 0.590909
vt 0.840909 0.590909
vt 0.840909 0.602273
vt 0.852273 0.602273
vt 0.852273 0.613636
vt 0.840909 0.613636
vt 0.840909 0.625000
vt 0.852273 0.625000
vt 0.852273 0.636364
vt 0.840909 0.636364
vt 0.863636 0.511364
vt 0.875000 0.511364
vt 0.875000 0.522727
vt 0.863636 0.522727
vt 0.863636 0.534091
vt 0.875000 0.534091
vt 0.875000 0.545455
vt 0.863636 0.545455
vt 0.863636 0.556818
vt 0.875000 0.556818
vt 0.875000 0.568182
vt 0.863636 0.568182
vt 0.863636 0.579545
vt 0.875000 0.579545
vt 0.875000 0.590909
vt 0.863636 0.590909
vt 0.863636 0.602273
vt 0.875000 0.602273
vt 0.875000 0.613636
vt 0.863636 0.613636
vt 0.863636 0.625000
vt 0.875000 0.625000
vt 0.875000 0.636364
vt 0.863636 0.636364
vt 0.875000 0.647727
vt 0.863636 0.647727
vt 0.852273 0.500000
vt 0.863636 0.500000
vt 0.875000 0.500000
vt 0.829545 0.500000
vt 0.840909 0.500000
vt 0.818182 0.647727
vt 0.818182 0.659091
vt 0.829545 0.647727
vt 0.806818 0.500000
vt 0.818182 0.500000
vt 0.795455 0.670455
vt 0.795455 0.681818
vt 0.806818 0.670455
vt 0.784091 0.500000
vt 0.795455 0.500000
vt 0.772727 0.693182
vt 0.772727 0.704545
vt 0.784091 0.693182
vt 0.761364 0.500000
vt 0.772727 0.500000
vt 0.750000 0.715909
vt 0.738636 0.715909
vt 0.761364 0.715909
vt 0.738636 0.500000
vt 0.750000 0.500000
vt 0.715909 0.693182
vt 0.715909 0.500000
vt 0.727273 0.500000
vt 0.693182 0.670455
vt 0.693182 0.500000
vt 0.704545 0.500000
vt 0.670455 0.647727
vt 0.670455 0.500000
vt 0.681818 0.500000
vt 0.647727 0.500000
vt 0.659091 0.500000
vt 0.636364 0.647727
vt 0.636364 0.500000
vt 0.579545 0.863636
vt 0.590909 0.863636
vt 0.602273 0.863636
vt 0.568182 0.897727
vt 0.568182 0.909091
vt 0.568182 0.863636
vt 0.568182 0.852273
vt 0.556818 0.840909
vt 0.568182 0.840909
vt 0.545455 0.920455
vt 0.534091 0.920455
vt 0.545455 0.840909
vt 0.545455 0.829545
vt 0.522727 0.965909
vt 0.522727 0.977273
vt 0.522727 0.954545
vt 0.522727 0.943182
vt 0.522727 0.931818
vt 0.522727 0.920455
vt 0.522727 0.818182
vt 0.522727 0.806818
vt 0.522727 0.795455
vt 0.522727 0.784091
vt 0.522727 0.772727
vt 0.522727 0.761364
vt 0.511364 0.750000
vt 0.522727 0.750000
vt 0.488636 0.750000
vt 0.500000 0.750000
vt 0.465909 0.750000
vt 0.477273 0.750000
vt 0.454546 0.750000
vt 0.375000 0.965909
vt 0.375000 0.977273
vt 0.375000 0.954545
vt 0.375000 0.943182
vt 0.375000 0.931818
vt 0.375000 0.920455
vt 0.375000 0.909091
vt 0.375000 0.897727
vt 0.375000 0.886364
vt 0.375000 0.875000
vt 0.375000 0.863636
vt 0.375000 0.852273
vt 0.375000 0.840909
vt 0.375000 0.829545
vt 0.375000 0.818182
vt 0.375000 0.806818
vt 0.375000 0.795455
vt 0.375000 0.784091
vt 0.375000 0.772727
vt 0.375000 0.761364
vt 0.522727 0.988636
vt 0.522727 1.000000
vt 0.375000 0.988636
vt 0.375000 1.000000
vt 0.613636 0.068182
vt 0.625000 0.068182
vt 0.579545 0.045455
vt 0.590909 0.045455
vt 0.556818 0.045455
vt 0.568182 0.045455
vt 0.534091 0.045455
vt 0.545455 0.045455
vt 0.511364 0.045455
vt 0.522727 0.045455
vt 0.488636 0.045455
vt 0.500000 0.045455
vt 0.465909 0.045455
vt 0.477273 0.045455
vt 0.443182 0.045455
vt 0.454545 0.045455
vt 0.443182 0.000000
vt 0.454545 0.000000
vt 0.454545 0.011364
vt 0.443182 0.011364
vt 0.420454 0.045455
vt 0.431818 0.045455
vt 0.420455 0.000000
vt 0.431818 0.000000
vt 0.431818 0.011364
vt 0.409091 0.045455
vt 0.409091 0.034091
vt 0.397727 0.000000
vt 0.409091 0.000000
vt 0.375000 0.215909
vt 0.375000 0.227273
vt 0.375000 0.204545
vt 0.375000 0.193182
vt 0.375000 0.181818
vt 0.375000 0.170455
vt 0.375000 0.159091
vt 0.375000 0.147727
vt 0.375000 0.136364
vt 0.375000 0.125000
vt 0.375000 0.113636
vt 0.375000 0.102273
vt 0.375000 0.090909
vt 0.375000 0.079545
vt 0.375000 0.068182
vt 0.375000 0.056818
vt 0.375000 0.045455
vt 0.375000 0.034091
vt 0.375000 0.022727
vt 0.375000 0.011364
vt 0.375000 0.000000
vt 0.386364 0.000000
vt 0.375000 0.238636
vt 0.375000 0.250000
vt 0.352273 0.500000
vt 0.363636 0.500000
vt 0.375000 0.500000
vt 0.329545 0.500000
vt 0.340909 0.500000
vt 0.306818 0.500000
vt 0.318182 0.500000
vt 0.284091 0.500000
vt 0.295455 0.500000
vt 0.261364 0.500000
vt 0.272727 0.500000
vt 0.238636 0.500000
vt 0.250000 0.500000
vt 0.215909 0.500000
vt 0.227273 0.500000
vt 0.193182 0.500000
vt 0.204545 0.500000
vt 0.170455 0.500000
vt 0.181818 0.500000
vt 0.147727 0.500000
vt 0.159091 0.500000
vt 0.125000 0.715909
vt 0.125000 0.727273
vt 0.125000 0.704545
vt 0.125000 0.693182
vt 0.125000 0.681818
vt 0.125000 0.670455
vt 0.125000 0.659091
vt 0.125000 0.647727
vt 0.125000 0.636364
vt 0.125000 0.625000
vt 0.125000 0.613636
vt 0.125000 0.602273
vt 0.125000 0.590909
vt 0.125000 0.579545
vt 0.125000 0.568182
vt 0.125000 0.556818
vt 0.125000 0.545455
vt 0.125000 0.534091
vt 0.125000 0.522727
vt 0.125000 0.511364
vt 0.125000 0.500000
vt 0.136364 0.500000
vt 0.125000 0.738636
vt 0.125000 0.750000
vt 0.590909 0.693182
vt 0.590909 0.704545
vt 0.602273 0.693182
vt 0.409091 0.715909
vt 0.409091 0.727273
vt 0.454546 0.738636
vt 0.420455 0.727273
vt 0.375000 0.465909
vt 0.375000 0.477273
vt 0.375000 0.454545
vt 0.375000 0.443182
vt 0.375000 0.431818
vt 0.375000 0.420455
vt 0.375000 0.409091
vt 0.375000 0.397727
vt 0.375000 0.386364
vt 0.375000 0.375000
vt 0.375000 0.363636
vt 0.375000 0.352273
vt 0.375000 0.340909
vt 0.375000 0.329545
vt 0.375000 0.318182
vt 0.375000 0.306818
vt 0.375000 0.295455
vt 0.375000 0.284091
vt 0.375000 0.272727
vt 0.375000 0.261364
vt 0.375000 0.488636
vt 0.000000 0.000000
s 0
usemtl Material.002
f 2502/1/1 637/2/1 4/3/1 683/4/1
f 2501/5/2 728/6/2 3/7/2 636/8/2
f 2500/9/3 638/10/3 1/11/3 660/12/3
f 2499/13/4 738/14/4 36/15/4 633/16/4
f 2498/17/5 749/18/5 35/19/5 669/20/5
f 2497/21/6 760/22/6 34/23/6 668/24/6
f 2496/25/7 771/26/7 33/27/7 667/28/7
f 2495/29/8 782/30/8 32/31/8 666/32/8
f 2494/33/9 793/34/9 31/35/9 665/36/9
f 2493/37/10 804/38/10 30/39/10 664/40/10
f 2492/41/11 815/42/11 29/43/11 663/44/11
f 2491/45/12 826/46/12 28/47/12 662/48/12
f 2490/49/13 837/50/13 27/51/13 661/52/13
f 2489/53/14 739/54/14 105/55/14 848/56/14
f 2488/57/15 740/58/15 106/59/15 849/60/15
f 2487/61/16 741/62/16 107/63/16 850/64/16
f 2486/65/17 742/66/17 108/67/17 851/68/17
f 2485/69/18 743/70/18 109/71/18 852/72/18
f 2484/73/19 744/74/19 110/75/19 853/76/19
f 2483/77/20 745/78/20 111/79/20 854/80/20
f 2482/81/21 746/82/21 112/83/21 855/84/21
f 2481/85/22 747/86/22 113/87/22 856/88/22
f 2480/89/23 748/90/23 114/91/23 857/92/23
f 2479/93/24 750/94/24 115/95/24 858/96/24
f 2478/97/25 751/98/25 116/99/25 859/100/25
f 2477/101/26 752/102/26 117/103/26 860/104/26
f 2476/105/27 753/106/27 118/107/27 861/108/27
f 2475/109/28 754/110/28 119/111/28 862/112/28
f 2474/113/29 755/114/29 120/115/29 863/116/29
f 2473/117/30 756/118/30 121/119/30 864/120/30
f 2472/121/31 757/122/31 122/123/31 865/124/31
f 2471/125/32 758/126/32 123/127/32 866/128/32
f 2470/129/33 759/130/33 124/131/33 867/132/33
f 2469/133/34 761/134/34 125/135/34 868/136/34
f 2468/137/35 762/138/35 126/139/35 869/140/35
f 2467/141/36 763/142/36 127/143/36 870/144/36
f 2466/145/37 764/146/37 128/147/37 871/148/37
f 2465/149/38 765/150/38 129/151/38 872/152/38
f 2464/153/39 766/154/39 130/155/39 873/156/39
f 2463/157/40 767/158/40 131/159/40 874/160/40
f 2462/161/41 768/162/41 132/163/41 875/164/41
f 2461/165/42 769/166/42 133/167/42 876/168/42
f 2460/169/43 770/170/43 134/171/43 877/172/43
f 2459/173/44 772/174/44 135/175/44 878/176/44
f 2458/177/45 773/178/45 136/179/45 879/180/45
f 2457/181/46 774/182/46 137/183/46 880/184/46
f 2456/185/47 775/186/47 138/187/47 881/188/47
f 2455/189/48 776/190/48 139/191/48 882/192/48
f 2454/193/49 777/194/49 140/195/49 883/196/49
f 2453/197/50 778/198/50 141/199/50 884/200/50
f 2452/201/51 779/202/51 142/203/51 885/204/51
f 2451/205/52 780/206/52 143/207/52 886/208/52
f 2450/209/53 781/210/53 144/211/53 887/212/53
f 2449/213/54 783/214/54 145/215/54 888/216/54
f 2448/217/55 784/218/55 146/219/55 889/220/55
f 2447/221/56 785/222/56 147/223/56 890/224/56
f 2446/225/57 786/226/57 148/227/57 891/228/57
f 2445/229/58 787/230/58 149/231/58 892/232/58
f 2444/233/59 788/234/59 150/235/59 893/236/59
f 2443/237/60 789/238/60 151/239/60 894/240/60
f 2442/241/61 790/242/61 152/243/61 895/244/61
f 2441/245/62 791/246/62 153/247/62 896/248/62
f 2440/249/63 792/250/63 154/251/63 897/252/63
f 2439/253/64 794/254/64 155/255/64 898/256/64
f 2438/257/65 795/258/65 156/259/65 899/260/65
f 2437/261/66 796/262/66 157/263/66 900/264/66
f 2436/265/67 797/266/67 158/267/67 901/268/67
f 2435/269/68 798/270/68 159/271/68 902/272/68
f 2434/273/69 799/274/69 160/275/69 903/276/69
f 2433/277/70 800/278/70 161/279/70 904/280/70
f 2432/281/71 801/282/71 162/283/71 905/284/71
f 2431/285/72 802/286/72 163/287/72 906/288/72
f 2430/289/73 803/290/73 164/291/73 907/292/73
f 2429/293/74 805/294/74 165/295/74 908/296/74
f 2428/297/75 806/298/75 166/299/75 909/300/75
f 2427/301/76 807/302/76 167/303/76 910/304/76
f 2426/305/77 808/306/77 168/307/77 911/308/77
f 2425/309/78 809/310/78 169/311/78 912/312/78
f 2424/313/79 810/314/79 170/315/79 913/316/79
f 2423/317/80 811/318/80 171/319/80 914/320/80
f 2422/321/81 812/322/81 172/323/81 915/324/81
f 2421/325/82 813/326/82 173/327/82 916/328/82
f 2420/329/83 814/330/83 174/331/83 917/332/83
f 2419/333/84 816/334/84 175/335/84 918/336/84
f 2418/337/85 817/338/85 176/339/85 919/340/85
f 2417/341/86 818/342/86 177/343/86 920/344/86
f 2416/345/87 819/346/87 178/347/87 921/348/87
f 2415/349/88 820/350/88 179/351/88 922/352/88
f 2414/353/89 821/354/89 180/355/89 923/356/89
f 2413/357/90 822/358/90 181/359/90 924/360/90
f 2412/361/91 823/362/91 182/363/91 925/364/91
f 2411/365/92 824/366/92 183/367/92 926/368/92
f 2410/369/93 825/370/93 184/371/93 927/372/93
f 2409/373/94 827/374/94 185/375/94 928/376/94
f 2408/377/95 828/378/95 186/379/95 929/380/95
f 2407/381/96 829/382/96 187/383/96 930/384/96
f 2406/385/97 830/386/97 188/387/97 931/388/97
f 2405/389/98 831/390/98 189/391/98 932/392/98
f 2404/393/99 832/394/99 190/395/99 933/396/99
f 2403/397/100 833/398/100 191/399/100 934/400/100
f 2402/401/101 834/402/101 192/403/101 935/404/101
f 2401/405/102 835/406/102 193/407/102 936/408/102
f 2400/409/103 836/410/103 194/411/103 937/412/103
f 2399/413/104 838/414/104 195/415/104 938/416/104
f 2398/417/105 839/418/105 196/419/105 939/420/105
f 2397/421/106 840/422/106 197/423/106 940/424/106
f 2396/425/107 841/426/107 198/427/107 941/428/107
f 2395/429/108 842/430/108 199/431/108 942/432/108
f 2394/433/109 843/434/109 200/435/109 943/436/109
f 2393/437/110 844/438/110 201/439/110 944/440/110
f 2392/441/111 845/442/111 202/443/111 945/444/111
f 2391/445/112 846/446/112 203/447/112 946/448/112
f 2390/449/113 847/450/113 204/451/113 947/452/113
f 2389/453/114 718/454/114 85/455/114 948/456/114
f 2388/457/115 719/458/115 86/459/115 949/460/115
f 2387/461/116 720/462/116 87/463/116 950/464/116
f 2386/465/117 721/466/117 88/467/117 951/468/117
f 2385/469/118 722/470/118 89/471/118 952/472/118
f 2384/473/119 723/474/119 90/475/119 953/476/119
f 2383/477/120 724/478/120 91/479/120 954/480/120
f 2382/481/121 725/482/121 92/483/121 955/484/121
f 2381/485/122 726/486/122 93/487/122 956/488/122
f 2380/489/123 727/490/123 94/491/123 957/492/123
f 2379/493/124 958/494/124 48/495/124 634/496/124
f 2378/497/124 969/498/124 47/499/124 682/500/124
f 2377/501/124 979/502/124 46/503/124 681/504/124
f 2375/505/125 959/506/125 205/507/125 1052/508/125
f 2374/509/126 960/510/126 206/511/126 1053/512/126
f 2373/513/127 961/514/127 207/515/127 1054/516/127
f 2372/517/128 962/518/128 208/519/128 1055/520/128
f 2371/521/129 963/522/129 209/523/129 1056/524/129
f 2370/525/124 964/526/124 210/527/124 1057/528/124
f 2369/529/124 965/530/124 211/531/124 1058/532/124
f 2368/533/124 966/534/124 212/535/124 1059/536/124
f 2367/537/124 967/538/124 213/539/124 1060/540/124
f 2366/541/124 968/542/124 214/543/124 1061/544/124
f 2365/545/130 970/546/130 215/547/130 1062/548/130
f 2364/549/131 971/550/131 216/551/131 1063/552/131
f 2363/553/132 972/554/132 217/555/132 1064/556/132
f 2362/557/133 973/558/133 218/559/133 1065/560/133
f 2361/561/134 974/562/134 219/563/134 1066/564/134
f 2360/565/124 975/566/124 220/567/124 1067/568/124
f 2359/569/124 976/570/124 221/571/124 1068/572/124
f 2358/573/124 977/574/124 222/575/124 1069/576/124
f 2357/577/124 978/578/124 223/579/124 1070/580/124
f 2355/581/135 980/582/135 225/583/135 1072/584/135
f 2354/585/136 981/586/136 226/587/136 1073/588/136
f 2353/589/137 982/590/137 227/591/137 1074/592/137
f 2352/593/138 983/594/138 228/595/138 1075/596/138
f 2351/597/139 984/598/139 229/599/139 1076/600/139
f 2350/601/124 985/602/124 230/603/124 1077/604/124
f 2349/605/124 986/606/124 231/607/124 1078/608/124
f 2348/609/124 987/610/124 232/611/124 1079/612/124
f 2347/613/124 988/614/124 233/615/124 1080/616/124
f 2346/617/140 989/618/140 234/619/140 1081/620/140
f 2345/621/141 990/622/141 235/623/141 1082/624/141
f 2344/625/142 991/626/142 236/627/142 1083/628/142
f 2343/629/143 992/630/143 237/631/143 1084/632/143
f 2342/633/144 993/634/144 238/635/144 1085/636/144
f 2341/637/124 994/638/124 239/639/124 1086/640/124
f 2340/641/124 995/642/124 240/643/124 1087/644/124
f 2339/645/124 996/646/124 241/647/124 1088/648/124
f 2338/649/124 997/650/124 242/651/124 1089/652/124
f 2337/653/145 998/654/145 243/655/145 1090/656/145
f 2336/657/146 999/658/146 244/659/146 1091/660/146
f 2335/661/147 1000/662/147 245/663/147 1092/664/147
f 2334/665/148 1001/666/148 246/667/148 1093/668/148
f 2333/669/149 1002/670/149 247/671/149 1094/672/149
f 2332/673/124 1003/674/124 248/675/124 1095/676/124
f 2331/677/124 1004/678/124 249/679/124 1096/680/124
f 2330/681/124 1005/682/124 250/683/124 1097/684/124
f 2329/685/124 1006/686/124 251/687/124 1098/688/124
f 2328/689/150 1007/690/150 252/691/150 1099/692/150
f 2327/693/151 1008/694/151 253/695/151 1100/696/151
f 2326/697/152 1009/698/152 254/699/152 1101/700/152
f 2325/701/153 1010/702/153 255/703/153 1102/704/153
f 2324/705/154 1011/706/154 256/707/154 1103/708/154
f 2323/709/124 1012/710/124 257/711/124 1104/712/124
f 2322/713/124 1013/714/124 258/715/124 1105/716/124
f 2321/717/124 1014/718/124 259/719/124 1106/720/124
f 2320/721/124 1015/722/124 260/723/124 1107/724/124
f 2319/725/155 1016/726/155 261/727/155 1108/728/155
f 2318/729/156 1017/730/156 262/731/156 1109/732/156
f 2317/733/157 1018/734/157 263/735/157 1110/736/157
f 2316/737/158 1019/738/158 264/739/158 1111/740/158
f 2315/741/159 1020/742/159 265/743/159 1112/744/159
f 2314/745/124 1021/746/124 266/747/124 1113/748/124
f 2313/749/124 1022/750/124 267/751/124 1114/752/124
f 2312/753/124 1023/754/124 268/755/124 1115/756/124
f 2311/757/124 1024/758/124 269/759/124 1116/760/124
f 2310/761/160 1025/762/160 270/763/160 1117/764/160
f 2309/765/161 1026/766/161 271/767/161 1118/768/161
f 2308/769/162 1027/770/162 272/771/162 1119/772/162
f 2307/773/163 1028/774/163 273/775/163 1120/776/163
f 2306/777/164 1029/778/164 274/779/164 1121/780/164
f 2305/781/124 1030/782/124 275/783/124 1122/784/124
f 2304/785/124 1031/786/124 276/787/124 1123/788/124
f 2303/789/165 1032/790/165 277/791/165 1124/792/165
f 2302/793/166 1033/794/166 278/795/166 1125/796/166
f 2301/797/167 1034/798/167 279/799/167 1126/800/167
f 2300/801/168 1035/802/168 280/803/168 1127/804/168
f 2299/805/169 1036/806/169 281/807/169 1128/808/169
f 2298/809/170 1037/810/170 282/811/170 1129/812/170
f 2297/813/171 1038/814/171 283/815/171 1130/816/171
f 2296/817/124 1039/818/124 284/819/124 1131/820/124
f 2295/821/124 1040/822/124 285/823/124 1132/824/124
f 2294/825/172 1041/826/172 286/827/172 1133/828/172
f 2293/829/173 1042/830/173 287/831/173 1134/832/173
f 2292/833/174 1043/834/174 288/835/174 1135/836/174
f 2291/837/175 1044/838/175 289/839/175 1136/840/175
f 2290/841/176 1045/842/176 290/843/176 1137/844/176
f 2289/845/177 1046/846/177 291/847/177 1138/848/177
f 2288/849/178 1047/850/178 292/851/178 1139/852/178
f 2287/853/124 1048/854/124 293/855/124 1140/856/124
f 2286/857/124 1049/858/124 294/859/124 1141/860/124
f 2285/861/124 1050/862/124 295/863/124 1142/864/124
f 2283/865/179 693/866/179 59/867/179 1144/868/179
f 2282/869/180 694/870/180 60/871/180 1145/872/180
f 2281/873/181 695/874/181 61/875/181 1146/876/181
f 2280/877/182 696/878/182 62/879/182 1147/880/182
f 2279/881/183 697/882/183 63/883/183 1148/884/183
f 2278/885/124 698/886/124 64/887/124 1149/888/124
f 2277/889/124 699/890/124 65/891/124 1150/892/124
f 2276/893/124 700/894/124 66/895/124 1151/896/124
f 2275/897/2 1152/898/2 67/899/2 701/900/2
f 2274/901/2 1163/902/2 68/903/2 702/904/2
f 2273/905/2 1174/906/2 69/907/2 703/908/2
f 2272/909/2 1185/910/2 70/911/2 704/912/2
f 2271/913/2 1196/914/2 71/915/2 705/916/2
f 2270/917/2 1207/918/2 72/919/2 706/920/2
f 2269/921/2 1218/922/2 73/923/2 707/924/2
f 2268/925/2 1229/926/2 74/927/2 708/928/2
f 2267/929/2 1240/930/2 75/931/2 709/932/2
f 2266/933/2 1251/934/2 76/935/2 710/936/2
f 2265/937/184 1153/938/184 296/939/184 1262/940/184
f 2264/941/185 1154/942/185 297/943/185 1263/944/185
f 2263/945/186 1155/946/186 298/947/186 1264/948/186
f 2262/949/187 1156/950/187 299/951/187 1265/952/187
f 2261/953/188 1157/954/188 300/955/188 1266/956/188
f 2260/957/189 1158/958/189 301/959/189 1267/960/189
f 2259/961/190 1159/962/190 302/963/190 1268/964/190
f 2258/965/191 1160/966/191 303/967/191 1269/968/191
f 2257/969/192 1161/970/192 304/971/192 1270/972/192
f 2256/973/193 1162/974/193 305/975/193 1271/976/193
f 2255/977/194 1164/978/194 306/979/194 1272/980/194
f 2254/981/195 1165/982/195 307/983/195 1273/984/195
f 2253/985/196 1166/986/196 308/987/196 1274/988/196
f 2252/989/197 1167/990/197 309/991/197 1275/992/197
f 2251/993/198 1168/994/198 310/995/198 1276/996/198
f 2250/997/199 1169/998/199 311/999/199 1277/1000/199
f 2249/1001/200 1170/1002/200 312/1003/200 1278/1004/200
f 2248/1005/201 1171/1006/201 313/1007/201 1279/1008/201
f 2247/1009/202 1172/1010/202 314/1011/202 1280/1012/202
f 2246/1013/203 1173/1014/203 315/1015/203 1281/1016/203
f 2245/1017/204 1175/1018/204 316/1019/204 1282/1020/204
f 2244/1021/205 1176/1022/205 317/1023/205 1283/1024/205
f 2243/1025/206 1177/1026/206 318/1027/206 1284/1028/206
f 2242/1029/207 1178/1030/207 319/1031/207 1285/1032/207
f 2241/1033/208 1179/1034/208 320/1035/208 1286/1036/208
f 2240/1037/209 1180/1038/209 321/1039/209 1287/1040/209
f 2239/1041/210 1181/1042/210 322/1043/210 1288/1044/210
f 2238/1045/211 1182/1046/211 323/1047/211 1289/1048/211
f 2237/1049/212 1183/1050/212 324/1051/212 1290/1052/212
f 2236/1053/213 1184/1054/213 325/1055/213 1291/1056/213
f 2235/1057/214 1186/1058/214 326/1059/214 1292/1060/214
f 2234/1061/215 1187/1062/215 327/1063/215 1293/1064/215
f 2233/1065/216 1188/1066/216 328/1067/216 1294/1068/216
f 2232/1069/217 1189/1070/217 329/1071/217 1295/1072/217
f 2231/1073/218 1190/1074/218 330/1075/218 1296/1076/218
f 2230/1077/219 1191/1078/219 331/1079/219 1297/1080/219
f 2229/1081/220 1192/1082/220 332/1083/220 1298/1084/220
f 2228/1085/221 1193/1086/221 333/1087/221 1299/1088/221
f 2227/1089/222 1194/1090/222 334/1091/222 1300/1092/222
f 2226/1093/223 1195/1094/223 335/1095/223 1301/1096/223
f 2225/1097/224 1197/1098/224 336/1099/224 1302/1100/224
f 2224/1101/225 1198/1102/225 337/1103/225 1303/1104/225
f 2223/1105/226 1199/1106/226 338/1107/226 1304/1108/226
f 2222/1109/227 1200/1110/227 339/1111/227 1305/1112/227
f 2221/1113/228 1201/1114/228 340/1115/228 1306/1116/228
f 2220/1117/229 1202/1118/229 341/1119/229 1307/1120/229
f 2219/1121/230 1203/1122/230 342/1123/230 1308/1124/230
f 2218/1125/230 1204/1126/230 343/1127/230 1309/1128/230
f 2217/1129/231 1205/1130/231 344/1131/231 1310/1132/231
f 2216/1133/232 1206/1134/232 345/1135/232 1311/1136/232
f 2215/1137/233 1208/1138/233 346/1139/233 1312/1140/233
f 2214/1141/234 1209/1142/234 347/1143/234 1313/1144/234
f 2213/1145/235 1210/1146/235 348/1147/235 1314/1148/235
f 2212/1149/236 1211/1150/236 349/1151/236 1315/1152/236
f 2211/1153/237 1212/1154/237 350/1155/237 1316/1156/237
f 2210/1157/238 1213/1158/238 351/1159/238 1317/1160/238
f 2209/1161/239 1214/1162/239 352/1163/239 1318/1164/239
f 2208/1165/239 1215/1166/239 353/1167/239 1319/1168/239
f 2207/1169/240 1216/1170/240 354/1171/240 1320/1172/240
f 2206/1173/241 1217/1174/241 355/1175/241 1321/1176/241
f 2205/1177/242 1219/1178/242 356/1179/242 1322/1180/242
f 2204/1181/243 1220/1182/243 357/1183/243 1323/1184/243
f 2203/1185/244 1221/1186/244 358/1187/244 1324/1188/244
f 2202/1189/245 1222/1190/245 359/1191/245 1325/1192/245
f 2201/1193/246 1223/1194/246 360/1195/246 1326/1196/246
f 2200/1197/247 1224/1198/247 361/1199/247 1327/1200/247
f 2199/1201/248 1225/1202/248 362/1203/248 1328/1204/248
f 2198/1205/248 1226/1206/248 363/1207/248 1329/1208/248
f 2197/1209/249 1227/1210/249 364/1211/249 1330/1212/249
f 2196/1213/250 1228/1214/250 365/1215/250 1331/1216/250
f 2195/1217/251 1230/1218/251 366/1219/251 1332/1220/251
f 2194/1221/252 1231/1222/252 367/1223/252 1333/1224/252
f 2193/1225/253 1232/1226/253 368/1227/253 1334/1228/253
f 2192/1229/254 1233/1230/254 369/1231/254 1335/1232/254
f 2191/1233/255 1234/1234/255 370/1235/255 1336/1236/255
f 2190/1237/256 1235/1238/256 371/1239/256 1337/1240/256
f 2189/1241/257 1236/1242/257 372/1243/257 1338/1244/257
f 2188/1245/258 1237/1246/258 373/1247/258 1339/1248/258
f 2187/1249/259 1238/1250/259 374/1251/259 1340/1252/259
f 2186/1253/260 1239/1254/260 375/1255/260 1341/1256/260
f 2185/1257/261 1241/1258/261 376/1259/261 1342/1260/261
f 2184/1261/262 1242/1262/262 377/1263/262 1343/1264/262
f 2183/1265/263 1243/1266/263 378/1267/263 1344/1268/263
f 2182/1269/264 1244/1270/264 379/1271/264 1345/1272/264
f 2181/1273/265 1245/1274/265 380/1275/265 1346/1276/265
f 2180/1277/189 1246/1278/189 381/1279/189 1347/1280/189
f 2179/1281/266 1247/1282/266 382/1283/266 1348/1284/266
f 2178/1285/267 1248/1286/267 383/1287/267 1349/1288/267
f 2177/1289/268 1249/1290/268 384/1291/268 1350/1292/268
f 2176/1293/193 1250/1294/193 385/1295/193 1351/1296/193
f 2175/1297/269 1252/1298/269 386/1299/269 1352/1300/269
f 2174/1301/270 1253/1302/270 387/1303/270 1353/1304/270
f 2173/1305/271 1254/1306/271 388/1307/271 1354/1308/271
f 2172/1309/272 1255/1310/272 389/1311/272 1355/1312/272
f 2171/1313/273 1256/1314/273 390/1315/273 1356/1316/273
f 2170/1317/199 1257/1318/199 391/1319/199 1357/1320/199
f 2169/1321/274 1258/1322/274 392/1323/274 1358/1324/274
f 2168/1325/275 1259/1326/275 393/1327/275 1359/1328/275
f 2167/1329/276 1260/1330/276 394/1331/276 1360/1332/276
f 2166/1333/203 1261/1334/203 395/1335/203 1361/1336/203
f 2165/1337/277 639/1338/277 104/1339/277 1362/1340/277
f 2164/1341/278 737/1342/278 103/1343/278 1363/1344/278
f 2163/1345/279 736/1346/279 102/1347/279 1364/1348/279
f 2162/1349/280 735/1350/280 101/1351/280 1365/1352/280
f 2161/1353/281 734/1354/281 100/1355/281 1366/1356/281
f 2160/1357/209 733/1358/209 99/1359/209 1367/1360/209
f 2159/1361/282 732/1362/282 98/1363/282 1368/1364/282
f 2158/1365/283 731/1366/283 97/1367/283 1369/1368/283
f 2157/1369/284 730/1370/284 96/1371/284 1370/1372/284
f 2156/1373/213 729/1374/213 95/1375/213 1371/1376/213
f 2155/1377/285 1372/1378/285 58/1379/285 635/1380/285
f 2154/1381/286 1383/1382/286 57/1383/286 692/1384/286
f 2153/1385/287 1393/1386/287 56/1387/287 691/1388/287
f 2152/1389/288 1403/1390/288 55/1391/288 690/1392/288
f 2151/1393/289 1412/1394/289 54/1395/289 689/1396/289
f 2150/1397/290 1421/1398/290 53/1399/290 688/1400/290
f 2149/1401/291 1430/1402/291 52/1403/291 687/1404/291
f 2148/1405/292 1439/1406/292 51/1407/292 686/1408/292
f 2147/1409/293 1448/1410/293 50/1411/293 685/1412/293
f 2146/1413/294 1457/1414/294 49/1415/294 684/1416/294
f 2145/1417/295 1373/1418/295 396/1419/295 1466/1420/295
f 2144/1421/295 1374/1422/295 397/1423/295 1467/1424/295
f 2143/1425/295 1375/1426/295 398/1427/295 1468/1428/295
f 2142/1429/295 1376/1430/295 399/1431/295 1469/1432/295
f 2141/1433/295 1377/1434/295 400/1435/295 1470/1436/295
f 2140/1437/295 1378/1438/295 401/1439/295 1471/1440/295
f 2139/1441/296 1379/1442/296 402/1443/296 1472/1444/296
f 2138/1445/297 1380/1446/297 403/1447/297 1473/1448/297
f 2137/1449/298 1381/1450/298 404/1451/298 1474/1452/298
f 2136/1453/299 1382/1454/299 405/1455/299 1475/1456/299
f 2135/1457/295 1384/1458/295 406/1459/295 1476/1460/295
f 2133/1461/295 1385/1462/295 408/1463/295 1478/1464/295
f 2132/1465/295 1386/1466/295 409/1467/295 1479/1468/295
f 2131/1469/295 1387/1470/295 410/1471/295 1480/1472/295
f 2130/1473/295 1388/1474/295 411/1475/295 1481/1476/295
f 2129/1477/300 1389/1478/300 412/1479/300 1482/1480/300
f 2128/1481/301 1390/1482/301 413/1483/301 1483/1484/301
f 2127/1485/302 1391/1486/302 414/1487/302 1484/1488/302
f 2126/1489/303 1392/1490/303 415/1491/303 1485/1492/303
f 2124/1493/295 1395/1494/295 417/1495/295 1487/1496/295
f 2123/1497/295 1396/1498/295 418/1499/295 1488/1500/295
f 2122/1501/295 1397/1502/295 419/1503/295 1489/1504/295
f 2121/1505/295 1398/1506/295 420/1507/295 1490/1508/295
f 2120/1509/304 1399/1510/304 421/1511/304 1491/1512/304
f 2119/1513/305 1400/1514/305 422/1515/305 1492/1516/305
f 2118/1517/306 1401/1518/306 423/1519/306 1493/1520/306
f 2117/1521/307 1402/1522/307 424/1523/307 1494/1524/307
f 2115/1525/295 1404/1526/295 426/1527/295 1496/1528/295
f 2114/1529/295 1405/1530/295 427/1531/295 1497/1532/295
f 2113/1533/295 1406/1534/295 428/1535/295 1498/1536/295
f 2112/1537/295 1407/1538/295 429/1539/295 1499/1540/295
f 2111/1541/308 1408/1542/308 430/1543/308 1500/1544/308
f 2110/1545/309 1409/1546/309 431/1547/309 1501/1548/309
f 2109/1549/310 1410/1550/310 432/1551/310 1502/1552/310
f 2108/1553/311 1411/1554/311 433/1555/311 1503/1556/311
f 2107/1557/295 1413/1558/295 435/1559/295 1505/1560/295
f 2106/1561/295 1414/1562/295 436/1563/295 1506/1564/295
f 2105/1565/295 1415/1566/295 437/1567/295 1507/1568/295
f 2104/1569/295 1416/1570/295 438/1571/295 1508/1572/295
f 2103/1573/312 1417/1574/312 439/1575/312 1509/1576/312
f 2102/1577/313 1418/1578/313 440/1579/313 1510/1580/313
f 2101/1581/314 1419/1582/314 441/1583/314 1511/1584/314
f 2100/1585/315 1420/1586/315 442/1587/315 1512/1588/315
f 2099/1589/295 1422/1590/295 444/1591/295 1514/1592/295
f 2098/1593/295 1423/1594/295 445/1595/295 1515/1596/295
f 2097/1597/295 1424/1598/295 446/1599/295 1516/1600/295
f 2096/1601/295 1425/1602/295 447/1603/295 1517/1604/295
f 2095/1605/316 1426/1606/316 448/1607/316 1518/1608/316
f 2094/1609/317 1427/1610/317 449/1611/317 1519/1612/317
f 2093/1613/318 1428/1614/318 450/1615/318 1520/1616/318
f 2092/1617/319 1429/1618/319 451/1619/319 1521/1620/319
f 2091/1621/295 1431/1622/295 453/1623/295 1523/1624/295
f 2090/1625/295 1432/1626/295 454/1627/295 1524/1628/295
f 2089/1629/295 1433/1630/295 455/1631/295 1525/1632/295
f 2088/1633/295 1434/1634/295 456/1635/295 1526/1636/295
f 2087/1637/320 1435/1638/320 457/1639/320 1527/1640/320
f 2086/1641/321 1436/1642/321 458/1643/321 1528/1644/321
f 2085/1645/322 1437/1646/322 459/1647/322 1529/1648/322
f 2084/1649/323 1438/1650/323 460/1651/323 1530/1652/323
f 2083/1653/324 1440/1654/324 462/1655/324 1532/1656/324
f 2082/1657/325 1441/1658/325 463/1659/325 1533/1660/325
f 2081/1661/295 1442/1662/295 464/1663/295 1534/1664/295
f 2080/1665/295 1443/1666/295 465/1667/295 1535/1668/295
f 2079/1669/326 1444/1670/326 466/1671/326 1536/1672/326
f 2078/1673/327 1445/1674/327 467/1675/327 1537/1676/327
f 2077/1677/328 1446/1678/328 468/1679/328 1538/1680/328
f 2076/1681/329 1447/1682/329 469/1683/329 1539/1684/329
f 2075/1685/330 1449/1686/330 471/1687/330 1541/1688/330
f 2074/1689/331 1450/1690/331 472/1691/331 1542/1692/331
f 2073/1693/295 1451/1694/295 473/1695/295 1543/1696/295
f 2072/1697/295 1452/1698/295 474/1699/295 1544/1700/295
f 2071/1701/332 1453/1702/332 475/1703/332 1545/1704/332
f 2070/1705/333 1454/1706/333 476/1707/333 1546/1708/333
f 2069/1709/334 1455/1710/334 477/1711/334 1547/1712/334
f 2068/1713/335 1456/1714/335 478/1715/335 1548/1716/335
f 2067/1717/295 1458/1718/295 479/1719/295 1550/1720/295
f 2066/1721/295 1459/1722/295 480/1723/295 1551/1724/295
f 2065/1725/295 1460/1726/295 481/1727/295 1552/1728/295
f 2064/1729/295 1461/1730/295 482/1731/295 1553/1732/295
f 2063/1733/336 1462/1734/336 483/1735/336 1554/1736/336
f 2062/1737/337 1463/1738/337 484/1739/337 1555/1740/337
f 2061/1741/338 1464/1742/338 485/1743/338 1556/1744/338
f 2060/1745/339 1465/1746/339 486/1747/339 1557/1748/339
f 2059/1749/295 711/1750/295 78/1751/295 1559/1752/295
f 2058/1753/295 712/1754/295 79/1755/295 1560/1756/295
f 2057/1757/295 713/1758/295 80/1759/295 1561/1760/295
f 2056/1761/340 714/1762/340 81/1763/340 1562/1764/340
f 2055/1765/341 715/1766/341 82/1767/341 1563/1768/341
f 2054/1769/342 716/1770/342 83/1771/342 1564/1772/342
f 2053/1773/343 717/1774/343 84/1775/343 1565/1776/343
f 2052/1777/344 1566/1778/344 37/1779/344 670/1780/344
f 2051/1781/344 1577/1782/344 38/1783/344 671/1784/344
f 2050/1785/344 1588/1786/344 39/1787/344 672/1788/344
f 2049/1789/344 1599/1790/344 40/1791/344 673/1792/344
f 2048/1793/344 1610/1794/344 41/1795/344 674/1796/344
f 2047/1797/344 1621/1798/344 42/1799/344 675/1800/344
f 2045/1801/344 1567/1802/344 487/1803/344 1642/1804/344
f 2044/1805/344 1568/1806/344 488/1807/344 1643/1808/344
f 2043/1809/344 1569/1810/344 489/1811/344 1644/1812/344
f 2042/1813/344 1570/1814/344 490/1815/344 1645/1816/344
f 2041/1817/345 1571/1818/345 491/1819/345 1646/1820/345
f 2040/1821/346 1572/1822/346 492/1823/346 1647/1824/346
f 2039/1825/347 1573/1826/347 493/1827/347 1648/1828/347
f 2038/1829/344 1574/1830/344 494/1831/344 1649/1832/344
f 2037/1833/344 1575/1834/344 495/1835/344 1650/1836/344
f 2036/1837/344 1576/1838/344 496/1839/344 1651/1840/344
f 2035/1841/344 1578/1842/344 497/1843/344 1652/1844/344
f 2034/1845/344 1579/1846/344 498/1847/344 1653/1848/344
f 2033/1849/344 1580/1850/344 499/1851/344 1654/1852/344
f 2032/1853/348 1581/1854/348 500/1855/348 1655/1856/348
f 2031/1857/349 1582/1858/349 501/1859/349 1656/1860/349
f 2030/1861/350 1583/1862/350 502/1863/350 1657/1864/350
f 2029/1865/351 1584/1866/351 503/1867/351 1658/1868/351
f 2028/1869/352 1585/1870/352 504/1871/352 1659/1872/352
f 2027/1873/344 1586/1874/344 505/1875/344 1660/1876/344
f 2026/1877/344 1587/1878/344 506/1879/344 1661/1880/344
f 2025/1881/344 1589/1882/344 507/1883/344 1662/1884/344
f 2024/1885/344 1590/1886/344 508/1887/344 1663/1888/344
f 2023/1889/353 1591/1890/353 509/1891/353 1664/1892/353
f 2022/1893/354 1592/1894/354 510/1895/354 1665/1896/354
f 2021/1897/355 1593/1898/355 511/1899/355 1666/1900/355
f 2020/1901/356 1594/1902/356 512/1903/356 1667/1904/356
f 2019/1905/357 1595/1906/357 513/1907/357 1668/1908/357
f 2018/1909/358 1596/1910/358 514/1911/358 1669/1912/358
f 2017/1913/344 1597/1914/344 515/1915/344 1670/1916/344
f 2016/1917/344 1598/1918/344 516/1919/344 1671/1920/344
f 2015/1921/344 1600/1922/344 517/1923/344 1672/1924/344
f 2014/1925/344 1601/1926/344 518/1927/344 1673/1928/344
f 2013/1929/359 1602/1930/359 519/1931/359 1674/1932/359
f 2012/1933/360 1603/1934/360 520/1935/360 1675/1936/360
f 2011/1937/361 1604/1938/361 521/1939/361 1676/1940/361
f 2010/1941/362 1605/1942/362 522/1943/362 1677/1944/362
f 2009/1945/363 1606/1946/363 523/1947/363 1678/1948/363
f 2008/1949/364 1607/1950/364 524/1951/364 1679/1952/364
f 2007/1953/344 1608/1954/344 525/1955/344 1680/1956/344
f 2006/1957/344 1609/1958/344 526/1959/344 1681/1960/344
f 2005/1961/344 1611/1962/344 527/1963/344 1682/1964/344
f 2004/1965/344 1612/1966/344 528/1967/344 1683/1968/344
f 2003/1969/365 1613/1970/365 529/1971/365 1684/1972/365
f 2002/1973/366 1614/1974/366 530/1975/366 1685/1976/366
f 2001/1977/367 1615/1978/367 531/1979/367 1686/1980/367
f 2000/1981/368 1616/1982/368 532/1983/368 1687/1984/368
f 1999/1985/369 1617/1986/369 533/1987/369 1688/1988/369
f 1998/1989/370 1618/1990/370 534/1991/370 1689/1992/370
f 1997/1993/344 1619/1994/344 535/1995/344 1690/1996/344
f 1996/1997/344 1620/1998/344 536/1999/344 1691/2000/344
f 1995/2001/344 1622/2002/344 537/2003/344 1692/2004/344
f 1994/2005/344 1623/2006/344 538/2007/344 1693/2008/344
f 1993/2009/344 1624/2010/344 539/2011/344 1694/2012/344
f 1992/2013/371 1625/2014/371 540/2015/371 1695/2016/371
f 1991/2017/372 1626/2018/372 541/2019/372 1696/2020/372
f 1990/2021/373 1627/2022/373 542/2023/373 1697/2024/373
f 1989/2025/374 1628/2026/374 543/2027/374 1698/2028/374
f 1988/2029/344 1629/2030/344 544/2031/344 1699/2032/344
f 1987/2033/344 1630/2034/344 545/2035/344 1700/2036/344
f 1986/2037/344 1631/2038/344 546/2039/344 1701/2040/344
f 1982/2041/344 1632/2042/344 547/2043/344 1705/2044/344
f 1981/2045/344 1633/2046/344 548/2047/344 1706/2048/344
f 1980/2049/344 1634/2050/344 549/2051/344 1707/2052/344
f 1979/2053/344 1635/2054/344 550/2055/344 1708/2056/344
f 1974/2057/344 1637/2058/344 552/2059/344 1713/2060/344
f 1973/2061/344 1638/2062/344 553/2063/344 1714/2064/344
f 1972/2065/344 1639/2066/344 554/2067/344 1715/2068/344
f 1969/2069/344 1640/2070/344 556/2071/344 1718/2072/344
f 1967/2073/344 1641/2074/344 558/2075/344 1721/2076/344
f 1966/2077/375 1722/2078/375 559/2079/375 1802/2080/375
f 1965/2081/376 1723/2082/376 560/2083/376 1803/2084/376
f 1964/2085/377 1724/2086/377 561/2087/377 1804/2088/377
f 1963/2089/378 1725/2090/378 562/2091/378 1805/2092/378
f 1962/2093/379 1726/2094/379 563/2095/379 1806/2096/379
f 1961/2097/380 1727/2098/380 564/2099/380 1807/2100/380
f 1959/2101/381 1728/2102/381 565/2103/381 1808/2104/381
f 1958/2105/382 1729/2106/382 566/2107/382 1809/2108/382
f 1957/2109/383 1730/2110/383 567/2111/383 1810/2112/383
f 1956/2113/384 1731/2114/384 568/2115/384 1811/2116/384
f 1955/2117/385 1732/2118/385 569/2119/385 1812/2120/385
f 1954/2121/386 1733/2122/386 570/2123/386 1813/2124/386
f 1953/2125/387 1735/2126/387 571/2127/387 1814/2128/387
f 1952/2129/388 1736/2130/388 572/2131/388 1815/2132/388
f 1951/2133/389 1737/2134/389 573/2135/389 1816/2136/389
f 1950/2137/390 1738/2138/390 574/2139/390 1817/2140/390
f 1949/2141/391 1739/2142/391 575/2143/391 1818/2144/391
f 1948/2145/392 1740/2146/392 576/2147/392 1819/2148/392
f 1947/2149/393 1741/2150/393 577/2151/393 1820/2152/393
f 1946/2153/394 1743/2154/394 578/2155/394 1821/2156/394
f 1945/2157/395 1744/2158/395 579/2159/395 1822/2160/395
f 1944/2161/396 1745/2162/396 580/2163/396 1823/2164/396
f 1943/2165/397 1746/2166/397 581/2167/397 1824/2168/397
f 1942/2169/398 1747/2170/398 582/2171/398 1825/2172/398
f 1941/2173/399 1748/2174/399 583/2175/399 1826/2176/399
f 1940/2177/400 1749/2178/400 584/2179/400 1827/2180/400
f 1939/2181/401 1750/2182/401 585/2183/401 1828/2184/401
f 1938/2185/402 1752/2186/402 586/2187/402 1829/2188/402
f 1937/2189/403 1753/2190/403 587/2191/403 1830/2192/403
f 1936/2193/404 1754/2194/404 588/2195/404 1831/2196/404
f 1935/2197/405 1755/2198/405 589/2199/405 1832/2200/405
f 1934/2201/406 1756/2202/406 590/2203/406 1833/2204/406
f 1933/2205/407 1757/2206/407 591/2207/407 1834/2208/407
f 1932/2209/408 1758/2210/408 592/2211/408 1835/2212/408
f 1931/2213/401 1759/2214/401 593/2215/401 1836/2216/401
f 1930/2217/409 1760/2218/409 594/2219/409 1837/2220/409
f 1929/2221/410 1762/2222/410 595/2223/410 1838/2224/410
f 1928/2225/411 1763/2226/411 596/2227/411 1839/2228/411
f 1927/2229/412 1764/2230/412 597/2231/412 1840/2232/412
f 1926/2233/413 1765/2234/413 598/2235/413 1841/2236/413
f 1925/2237/414 1766/2238/414 599/2239/414 1842/2240/414
f 1924/2241/407 1767/2242/407 600/2243/407 1843/2244/407
f 1923/2245/415 1768/2246/415 601/2247/415 1844/2248/415
f 1922/2249/401 1769/2250/401 602/2251/401 1845/2252/401
f 1921/2253/416 1770/2254/416 603/2255/416 1846/2256/416
f 1919/2257/417 1772/2258/417 604/2259/417 1847/2260/417
f 1918/2261/418 1773/2262/418 605/2263/418 1848/2264/418
f 1917/2265/419 1774/2266/419 606/2267/419 1849/2268/419
f 1916/2269/420 1775/2270/420 607/2271/420 1850/2272/420
f 1915/2273/421 1776/2274/421 608/2275/421 1851/2276/421
f 1914/2277/407 1777/2278/407 609/2279/407 1852/2280/407
f 1913/2281/422 1778/2282/422 610/2283/422 1853/2284/422
f 1912/2285/401 1779/2286/401 611/2287/401 1854/2288/401
f 1910/2289/423 1781/2290/423 612/2291/423 1856/2292/423
f 1909/2293/424 1782/2294/424 613/2295/424 1857/2296/424
f 1908/2297/425 1783/2298/425 614/2299/425 1858/2300/425
f 1907/2301/426 1784/2302/426 615/2303/426 1859/2304/426
f 1906/2305/427 1785/2306/427 616/2307/427 1860/2308/427
f 1905/2309/428 1786/2310/428 617/2311/428 1861/2312/428
f 1904/2313/429 1787/2314/429 618/2315/429 1862/2316/429
f 1902/2317/430 1789/2318/430 619/2319/430 1864/2320/430
f 1901/2321/431 1790/2322/431 620/2323/431 1865/2324/431
f 1900/2325/432 1791/2326/432 621/2327/432 1866/2328/432
f 1899/2329/433 1792/2330/433 622/2331/433 1867/2332/433
f 1898/2333/434 1793/2334/434 623/2335/434 1868/2336/434
f 1897/2337/435 1794/2338/435 624/2339/435 1869/2340/435
f 1895/2341/436 1796/2342/436 625/2343/436 1871/2344/436
f 1894/2345/437 1797/2346/437 626/2347/437 1872/2348/437
f 1893/2349/438 1798/2350/438 627/2351/438 1873/2352/438
f 1892/2353/439 1799/2354/439 628/2355/439 1874/2356/439
f 1891/2357/440 1800/2358/440 629/2359/440 1875/2360/440
f 1890/2361/380 1801/2362/380 630/2363/380 1876/2364/380
f 1889/2365/441 637/2366/441 84/2367/441 1877/2368/441
f 1888/2369/442 717/2370/442 83/2371/442 1878/2372/442
f 1887/2373/443 716/2374/443 82/2375/443 1879/2376/443
f 1886/2377/444 715/2378/444 81/2379/444 1880/2380/444
f 1885/2381/445 714/2382/445 80/2383/445 1881/2384/445
f 1884/2385/380 713/2386/380 79/2387/380 1882/2388/380
f 1882/2388/380 79/2387/380 712/2389/380 1883/2390/380
f 1801/2362/380 1884/2385/380 1882/2388/380 630/2363/380
f 629/2359/380 1881/2384/380 1884/2385/380 1801/2362/380
f 1881/2384/380 80/2383/380 713/2386/380 1884/2385/380
f 1800/2358/446 1885/2381/446 1881/2384/446 629/2359/446
f 628/2355/447 1880/2380/447 1885/2381/447 1800/2358/447
f 1880/2380/448 81/2379/448 714/2382/448 1885/2381/448
f 1799/2354/449 1886/2377/449 1880/2380/449 628/2355/449
f 627/2351/450 1879/2376/450 1886/2377/450 1799/2354/450
f 1879/2376/451 82/2375/451 715/2378/451 1886/2377/451
f 1798/2350/452 1887/2373/452 1879/2376/452 627/2351/452
f 626/2347/453 1878/2372/453 1887/2373/453 1798/2350/453
f 1878/2372/454 83/2371/454 716/2374/454 1887/2373/454
f 1797/2346/455 1888/2369/455 1878/2372/455 626/2347/455
f 625/2343/456 1877/2368/456 1888/2369/456 1797/2346/456
f 1877/2368/457 84/2367/457 717/2370/457 1888/2369/457
f 1796/2342/458 1889/2365/458 1877/2368/458 625/2343/458
f 85/2391/459 718/2392/459 1889/2365/459 1796/2342/459
f 718/2392/460 4/2393/460 637/2366/460 1889/2365/460
f 1794/2338/461 1890/2361/461 1876/2364/461 624/2339/461
f 623/2335/380 1875/2360/380 1890/2361/380 1794/2338/380
f 1875/2360/380 629/2359/380 1801/2362/380 1890/2361/380
f 1793/2334/462 1891/2357/462 1875/2360/462 623/2335/462
f 622/2331/463 1874/2356/463 1891/2357/463 1793/2334/463
f 1874/2356/464 628/2355/464 1800/2358/464 1891/2357/464
f 1792/2330/465 1892/2353/465 1874/2356/465 622/2331/465
f 621/2327/466 1873/2352/466 1892/2353/466 1792/2330/466
f 1873/2352/467 627/2351/467 1799/2354/467 1892/2353/467
f 1791/2326/468 1893/2349/468 1873/2352/468 621/2327/468
f 620/2323/469 1872/2348/469 1893/2349/469 1791/2326/469
f 1872/2348/470 626/2347/470 1798/2350/470 1893/2349/470
f 1790/2322/471 1894/2345/471 1872/2348/471 620/2323/471
f 619/2319/472 1871/2344/472 1894/2345/472 1790/2322/472
f 1871/2344/473 625/2343/473 1797/2346/473 1894/2345/473
f 1789/2318/474 1895/2341/474 1871/2344/474 619/2319/474
f 86/2394/475 719/2395/475 1895/2341/475 1789/2318/475
f 719/2395/476 85/2391/476 1796/2342/476 1895/2341/476
f 1787/2314/477 1896/2396/477 1870/2397/477 618/2315/477
f 617/2311/478 1869/2340/478 1896/2396/478 1787/2314/478
f 1869/2340/479 624/2339/479 1795/2398/479 1896/2396/479
f 1786/2310/480 1897/2337/480 1869/2340/480 617/2311/480
f 616/2307/380 1868/2336/380 1897/2337/380 1786/2310/380
f 1868/2336/380 623/2335/380 1794/2338/380 1897/2337/380
f 1785/2306/481 1898/2333/481 1868/2336/481 616/2307/481
f 615/2303/482 1867/2332/482 1898/2333/482 1785/2306/482
f 1867/2332/483 622/2331/483 1793/2334/483 1898/2333/483
f 1784/2302/484 1899/2329/484 1867/2332/484 615/2303/484
f 614/2299/485 1866/2328/485 1899/2329/485 1784/2302/485
f 1866/2328/486 621/2327/486 1792/2330/486 1899/2329/486
f 1783/2298/487 1900/2325/487 1866/2328/487 614/2299/487
f 613/2295/488 1865/2324/488 1900/2325/488 1783/2298/488
f 1865/2324/489 620/2323/489 1791/2326/489 1900/2325/489
f 1782/2294/490 1901/2321/490 1865/2324/490 613/2295/490
f 612/2291/491 1864/2320/491 1901/2321/491 1782/2294/491
f 1864/2320/492 619/2319/492 1790/2322/492 1901/2321/492
f 1781/2290/493 1902/2317/493 1864/2320/493 612/2291/493
f 87/2399/494 720/2400/494 1902/2317/494 1781/2290/494
f 720/2400/495 86/2394/495 1789/2318/495 1902/2317/495
f 1779/2286/401 1903/2401/401 1863/2402/401 611/2287/401
f 610/2283/496 1862/2316/496 1903/2401/496 1779/2286/496
f 1862/2316/497 618/2315/497 1788/2403/497 1903/2401/497
f 1778/2282/498 1904/2313/498 1862/2316/498 610/2283/498
f 609/2279/499 1861/2312/499 1904/2313/499 1778/2282/499
f 1861/2312/500 617/2311/500 1787/2314/500 1904/2313/500
f 1777/2278/501 1905/2309/501 1861/2312/501 609/2279/501
f 608/2275/380 1860/2308/380 1905/2309/380 1777/2278/380
f 1860/2308/380 616/2307/380 1786/2310/380 1905/2309/380
f 1776/2274/502 1906/2305/502 1860/2308/502 608/2275/502
f 607/2271/503 1859/2304/503 1906/2305/503 1776/2274/503
f 1859/2304/504 615/2303/504 1785/2306/504 1906/2305/504
f 1775/2270/505 1907/2301/505 1859/2304/505 607/2271/505
f 606/2267/506 1858/2300/506 1907/2301/506 1775/2270/506
f 1858/2300/507 614/2299/507 1784/2302/507 1907/2301/507
f 1774/2266/508 1908/2297/508 1858/2300/508 606/2267/508
f 605/2263/509 1857/2296/509 1908/2297/509 1774/2266/509
f 1857/2296/510 613/2295/510 1783/2298/510 1908/2297/510
f 1773/2262/511 1909/2293/511 1857/2296/511 605/2263/511
f 604/2259/512 1856/2292/512 1909/2293/512 1773/2262/512
f 1856/2292/513 612/2291/513 1782/2294/513 1909/2293/513
f 1772/2258/514 1910/2289/514 1856/2292/514 604/2259/514
f 88/2404/515 721/2405/515 1910/2289/515 1772/2258/515
f 721/2405/516 87/2399/516 1781/2290/516 1910/2289/516
f 1770/2254/517 1911/2406/517 1855/2407/517 603/2255/517
f 602/2251/518 1854/2288/518 1911/2406/518 1770/2254/518
f 1854/2288/519 611/2287/519 1780/2408/519 1911/2406/519
f 1769/2250/401 1912/2285/401 1854/2288/401 602/2251/401
f 601/2247/520 1853/2284/520 1912/2285/520 1769/2250/520
f 1853/2284/520 610/2283/520 1779/2286/520 1912/2285/520
f 1768/2246/521 1913/2281/521 1853/2284/521 601/2247/521
f 600/2243/522 1852/2280/522 1913/2281/522 1768/2246/522
f 1852/2280/523 609/2279/523 1778/2282/523 1913/2281/523
f 1767/2242/407 1914/2277/407 1852/2280/407 600/2243/407
f 599/2239/380 1851/2276/380 1914/2277/380 1767/2242/380
f 1851/2276/380 608/2275/380 1777/2278/380 1914/2277/380
f 1766/2238/524 1915/2273/524 1851/2276/524 599/2239/524
f 598/2235/525 1850/2272/525 1915/2273/525 1766/2238/525
f 1850/2272/526 607/2271/526 1776/2274/526 1915/2273/526
f 1765/2234/527 1916/2269/527 1850/2272/527 598/2235/527
f 597/2231/528 1849/2268/528 1916/2269/528 1765/2234/528
f 1849/2268/529 606/2267/529 1775/2270/529 1916/2269/529
f 1764/2230/530 1917/2265/530 1849/2268/530 597/2231/530
f 596/2227/531 1848/2264/531 1917/2265/531 1764/2230/531
f 1848/2264/532 605/2263/532 1774/2266/532 1917/2265/532
f 1763/2226/533 1918/2261/533 1848/2264/533 596/2227/533
f 595/2223/534 1847/2260/534 1918/2261/534 1763/2226/534
f 1847/2260/535 604/2259/535 1773/2262/535 1918/2261/535
f 1762/2222/536 1919/2257/536 1847/2260/536 595/2223/536
f 89/2409/537 722/2410/537 1919/2257/537 1762/2222/537
f 722/2410/538 88/2404/538 1772/2258/538 1919/2257/538
f 594/2219/539 1846/2256/539 1920/2411/539 1761/2412/539
f 1846/2256/540 603/2255/540 1771/2413/540 1920/2411/540
f 1760/2218/541 1921/2253/541 1846/2256/541 594/2219/541
f 593/2215/542 1845/2252/542 1921/2253/542 1760/2218/542
f 1845/2252/543 602/2251/543 1770/2254/543 1921/2253/543
f 1759/2214/401 1922/2249/401 1845/2252/401 593/2215/401
f 592/2211/520 1844/2248/520 1922/2249/520 1759/2214/520
f 1844/2248/520 601/2247/520 1769/2250/520 1922/2249/520
f 1758/2210/544 1923/2245/544 1844/2248/544 592/2211/544
f 591/2207/545 1843/2244/545 1923/2245/545 1758/2210/545
f 1843/2244/546 600/2243/546 1768/2246/546 1923/2245/546
f 1757/2206/407 1924/2241/407 1843/2244/407 591/2207/407
f 590/2203/380 1842/2240/380 1924/2241/380 1757/2206/380
f 1842/2240/380 599/2239/380 1767/2242/380 1924/2241/380
f 1756/2202/547 1925/2237/547 1842/2240/547 590/2203/547
f 589/2199/548 1841/2236/548 1925/2237/548 1756/2202/548
f 1841/2236/549 598/2235/549 1766/2238/549 1925/2237/549
f 1755/2198/550 1926/2233/550 1841/2236/550 589/2199/550
f 588/2195/551 1840/2232/551 1926/2233/551 1755/2198/551
f 1840/2232/552 597/2231/552 1765/2234/552 1926/2233/552
f 1754/2194/553 1927/2229/553 1840/2232/553 588/2195/553
f 587/2191/554 1839/2228/554 1927/2229/554 1754/2194/554
f 1839/2228/555 596/2227/555 1764/2230/555 1927/2229/555
f 1753/2190/556 1928/2225/556 1839/2228/556 587/2191/556
f 586/2187/557 1838/2224/557 1928/2225/557 1753/2190/557
f 1838/2224/558 595/2223/558 1763/2226/558 1928/2225/558
f 1752/2186/559 1929/2221/559 1838/2224/559 586/2187/559
f 90/2414/560 723/2415/560 1929/2221/560 1752/2186/560
f 723/2415/561 89/2409/561 1762/2222/561 1929/2221/561
f 585/2183/562 1836/2216/562 1930/2217/562 1751/2416/562
f 1836/2216/563 593/2215/563 1760/2218/563 1930/2217/563
f 1750/2182/401 1931/2213/401 1836/2216/401 585/2183/401
f 584/2179/520 1835/2212/520 1931/2213/520 1750/2182/520
f 1835/2212/520 592/2211/520 1759/2214/520 1931/2213/520
f 1749/2178/564 1932/2209/564 1835/2212/564 584/2179/564
f 583/2175/565 1834/2208/565 1932/2209/565 1749/2178/565
f 1834/2208/566 591/2207/566 1758/2210/566 1932/2209/566
f 1748/2174/407 1933/2205/407 1834/2208/407 583/2175/407
f 582/2171/380 1833/2204/380 1933/2205/380 1748/2174/380
f 1833/2204/380 590/2203/380 1757/2206/380 1933/2205/380
f 1747/2170/567 1934/2201/567 1833/2204/567 582/2171/567
f 581/2167/568 1832/2200/568 1934/2201/568 1747/2170/568
f 1832/2200/569 589/2199/569 1756/2202/569 1934/2201/569
f 1746/2166/570 1935/2197/570 1832/2200/570 581/2167/570
f 580/2163/571 1831/2196/571 1935/2197/571 1746/2166/571
f 1831/2196/572 588/2195/572 1755/2198/572 1935/2197/572
f 1745/2162/573 1936/2193/573 1831/2196/573 580/2163/573
f 579/2159/574 1830/2192/574 1936/2193/574 1745/2162/574
f 1830/2192/575 587/2191/575 1754/2194/575 1936/2193/575
f 1744/2158/576 1937/2189/576 1830/2192/576 579/2159/576
f 578/2155/577 1829/2188/577 1937/2189/577 1744/2158/577
f 1829/2188/578 586/2187/578 1753/2190/578 1937/2189/578
f 1743/2154/579 1938/2185/579 1829/2188/579 578/2155/579
f 91/2417/580 724/2418/580 1938/2185/580 1743/2154/580
f 724/2418/581 90/2414/581 1752/2186/581 1938/2185/581
f 577/2151/582 1827/2180/582 1939/2181/582 1742/2419/582
f 1827/2180/583 584/2179/583 1750/2182/583 1939/2181/583
f 1741/2150/584 1940/2177/584 1827/2180/584 577/2151/584
f 576/2147/585 1826/2176/585 1940/2177/585 1741/2150/585
f 1826/2176/586 583/2175/586 1749/2178/586 1940/2177/586
f 1740/2146/587 1941/2173/587 1826/2176/587 576/2147/587
f 575/2143/380 1825/2172/380 1941/2173/380 1740/2146/380
f 1825/2172/380 582/2171/380 1748/2174/380 1941/2173/380
f 1739/2142/588 1942/2169/588 1825/2172/588 575/2143/588
f 574/2139/589 1824/2168/589 1942/2169/589 1739/2142/589
f 1824/2168/590 581/2167/590 1747/2170/590 1942/2169/590
f 1738/2138/591 1943/2165/591 1824/2168/591 574/2139/591
f 573/2135/592 1823/2164/592 1943/2165/592 1738/2138/592
f 1823/2164/593 580/2163/593 1746/2166/593 1943/2165/593
f 1737/2134/594 1944/2161/594 1823/2164/594 573/2135/594
f 572/2131/595 1822/2160/595 1944/2161/595 1737/2134/595
f 1822/2160/596 579/2159/596 1745/2162/596 1944/2161/596
f 1736/2130/597 1945/2157/597 1822/2160/597 572/2131/597
f 571/2127/598 1821/2156/598 1945/2157/598 1736/2130/598
f 1821/2156/599 578/2155/599 1744/2158/599 1945/2157/599
f 1735/2126/600 1946/2153/600 1821/2156/600 571/2127/600
f 92/2420/601 725/2421/601 1946/2153/601 1735/2126/601
f 725/2421/602 91/2417/602 1743/2154/602 1946/2153/602
f 570/2123/603 1819/2148/603 1947/2149/603 1734/2422/603
f 1819/2148/604 576/2147/604 1741/2150/604 1947/2149/604
f 1733/2122/605 1948/2145/605 1819/2148/605 570/2123/605
f 569/2119/380 1818/2144/380 1948/2145/380 1733/2122/380
f 1818/2144/380 575/2143/380 1740/2146/380 1948/2145/380
f 1732/2118/606 1949/2141/606 1818/2144/606 569/2119/606
f 568/2115/607 1817/2140/607 1949/2141/607 1732/2118/607
f 1817/2140/608 574/2139/608 1739/2142/608 1949/2141/608
f 1731/2114/609 1950/2137/609 1817/2140/609 568/2115/609
f 567/2111/610 1816/2136/610 1950/2137/610 1731/2114/610
f 1816/2136/611 573/2135/611 1738/2138/611 1950/2137/611
f 1730/2110/612 1951/2133/612 1816/2136/612 567/2111/612
f 566/2107/613 1815/2132/613 1951/2133/613 1730/2110/613
f 1815/2132/614 572/2131/614 1737/2134/614 1951/2133/614
f 1729/2106/615 1952/2129/615 1815/2132/615 566/2107/615
f 565/2103/616 1814/2128/616 1952/2129/616 1729/2106/616
f 1814/2128/617 571/2127/617 1736/2130/617 1952/2129/617
f 1728/2102/618 1953/2125/618 1814/2128/618 565/2103/618
f 93/2423/619 726/2424/619 1953/2125/619 1728/2102/619
f 726/2424/620 92/2420/620 1735/2126/620 1953/2125/620
f 1727/2098/380 1954/2121/380 1813/2124/380 564/2099/380
f 563/2095/380 1812/2120/380 1954/2121/380 1727/2098/380
f 1812/2120/380 569/2119/380 1733/2122/380 1954/2121/380
f 1726/2094/621 1955/2117/621 1812/2120/621 563/2095/621
f 562/2091/622 1811/2116/622 1955/2117/622 1726/2094/622
f 1811/2116/623 568/2115/623 1732/2118/623 1955/2117/623
f 1725/2090/624 1956/2113/624 1811/2116/624 562/2091/624
f 561/2087/625 1810/2112/625 1956/2113/625 1725/2090/625
f 1810/2112/626 567/2111/626 1731/2114/626 1956/2113/626
f 1724/2086/627 1957/2109/627 1810/2112/627 561/2087/627
f 560/2083/628 1809/2108/628 1957/2109/628 1724/2086/628
f 1809/2108/629 566/2107/629 1730/2110/629 1957/2109/629
f 1723/2082/630 1958/2105/630 1809/2108/630 560/2083/630
f 559/2079/631 1808/2104/631 1958/2105/631 1723/2082/631
f 1808/2104/632 565/2103/632 1729/2106/632 1958/2105/632
f 1722/2078/633 1959/2101/633 1808/2104/633 559/2079/633
f 94/2425/634 727/2426/634 1959/2101/634 1722/2078/634
f 727/2426/635 93/2423/635 1728/2102/635 1959/2101/635
f 64/887/380 1807/2100/380 1960/2427/380 699/890/380
f 698/886/380 1961/2097/380 1807/2100/380 64/887/380
f 63/883/380 1806/2096/380 1961/2097/380 698/886/380
f 1806/2096/380 563/2095/380 1727/2098/380 1961/2097/380
f 697/882/636 1962/2093/636 1806/2096/636 63/883/636
f 62/879/637 1805/2092/637 1962/2093/637 697/882/637
f 1805/2092/638 562/2091/638 1726/2094/638 1962/2093/638
f 696/878/639 1963/2089/639 1805/2092/639 62/879/639
f 61/875/640 1804/2088/640 1963/2089/640 696/878/640
f 1804/2088/641 561/2087/641 1725/2090/641 1963/2089/641
f 695/874/642 1964/2085/642 1804/2088/642 61/875/642
f 60/871/643 1803/2084/643 1964/2085/643 695/874/643
f 1803/2084/644 560/2083/644 1724/2086/644 1964/2085/644
f 694/870/645 1965/2081/645 1803/2084/645 60/871/645
f 59/867/646 1802/2080/646 1965/2081/646 694/870/646
f 1802/2080/647 559/2079/647 1723/2082/647 1965/2081/647
f 693/866/648 1966/2077/648 1802/2080/648 59/867/648
f 1/11/649 638/2428/649 1966/2077/649 693/866/649
f 638/2428/650 94/2425/650 1722/2078/650 1966/2077/650
f 1640/2070/344 1967/2073/344 1721/2076/344 556/2071/344
f 555/2429/344 1720/2430/344 1967/2073/344 1640/2070/344
f 1720/2430/344 557/2431/344 1641/2074/344 1967/2073/344
f 1639/2066/344 1968/2432/344 1719/2433/344 554/2067/344
f 553/2063/344 1718/2072/344 1968/2432/344 1639/2066/344
f 1638/2062/344 1969/2069/344 1718/2072/344 553/2063/344
f 552/2059/344 1717/2434/344 1969/2069/344 1638/2062/344
f 1717/2434/344 555/2429/344 1640/2070/344 1969/2069/344
f 1637/2058/344 1970/2435/344 1717/2434/344 552/2059/344
f 551/2436/344 1716/2437/344 1970/2435/344 1637/2058/344
f 550/2055/344 1715/2068/344 1971/2438/344 1636/2439/344
f 1635/2054/344 1972/2065/344 1715/2068/344 550/2055/344
f 549/2051/344 1714/2064/344 1972/2065/344 1635/2054/344
f 1714/2064/344 553/2063/344 1639/2066/344 1972/2065/344
f 1634/2050/344 1973/2061/344 1714/2064/344 549/2051/344
f 548/2047/344 1713/2060/344 1973/2061/344 1634/2050/344
f 1713/2060/344 552/2059/344 1638/2062/344 1973/2061/344
f 1633/2046/344 1974/2057/344 1713/2060/344 548/2047/344
f 547/2043/344 1712/2440/344 1974/2057/344 1633/2046/344
f 1712/2440/344 551/2436/344 1637/2058/344 1974/2057/344
f 1632/2042/344 1975/2441/344 1712/2440/344 547/2043/344
f 1631/2038/344 1976/2442/344 1711/2443/344 546/2039/344
f 545/2035/344 1710/2444/344 1976/2442/344 1631/2038/344
f 1630/2034/344 1977/2445/344 1710/2444/344 545/2035/344
f 544/2031/344 1709/2446/344 1977/2445/344 1630/2034/344
f 1629/2030/344 1978/2447/344 1709/2446/344 544/2031/344
f 543/2027/344 1708/2056/344 1978/2447/344 1629/2030/344
f 1708/2056/344 550/2055/344 1636/2439/344 1978/2447/344
f 1628/2026/651 1979/2053/651 1708/2056/651 543/2027/651
f 542/2023/652 1707/2052/652 1979/2053/652 1628/2026/652
f 1707/2052/344 549/2051/344 1635/2054/344 1979/2053/344
f 1627/2022/653 1980/2049/653 1707/2052/653 542/2023/653
f 541/2019/654 1706/2048/654 1980/2049/654 1627/2022/654
f 1706/2048/344 548/2047/344 1634/2050/344 1980/2049/344
f 1626/2018/655 1981/2045/655 1706/2048/655 541/2019/655
f 540/2015/365 1705/2044/365 1981/2045/365 1626/2018/365
f 1705/2044/344 547/2043/344 1633/2046/344 1981/2045/344
f 1625/2014/344 1982/2041/344 1705/2044/344 540/2015/344
f 539/2011/344 1704/2448/344 1982/2041/344 1625/2014/344
f 1624/2010/344 1983/2449/344 1704/2448/344 539/2011/344
f 538/2007/344 1703/2450/344 1983/2449/344 1624/2010/344
f 1623/2006/344 1984/2451/344 1703/2450/344 538/2007/344
f 537/2003/344 1702/2452/344 1984/2451/344 1623/2006/344
f 1622/2002/344 1985/2453/344 1702/2452/344 537/2003/344
f 43/2454/344 677/2455/344 1985/2453/344 1622/2002/344
f 1620/1998/344 1986/2037/344 1701/2040/344 536/1999/344
f 535/1995/344 1700/2036/344 1986/2037/344 1620/1998/344
f 1700/2036/344 545/2035/344 1631/2038/344 1986/2037/344
f 1619/1994/344 1987/2033/344 1700/2036/344 535/1995/344
f 534/1991/344 1699/2032/344 1987/2033/344 1619/1994/344
f 1699/2032/344 544/2031/344 1630/2034/344 1987/2033/344
f 1618/1990/656 1988/2029/656 1699/2032/656 534/1991/656
f 533/1987/657 1698/2028/657 1988/2029/657 1618/1990/657
f 1698/2028/656 543/2027/656 1629/2030/656 1988/2029/656
f 1617/1986/658 1989/2025/658 1698/2028/658 533/1987/658
f 532/1983/659 1697/2024/659 1989/2025/659 1617/1986/659
f 1697/2024/660 542/2023/660 1628/2026/660 1989/2025/660
f 1616/1982/661 1990/2021/661 1697/2024/661 532/1983/661
f 531/1979/662 1696/2020/662 1990/2021/662 1616/1982/662
f 1696/2020/663 541/2019/663 1627/2022/663 1990/2021/663
f 1615/1978/664 1991/2017/664 1696/2020/664 531/1979/664
f 530/1975/665 1695/2016/665 1991/2017/665 1615/1978/665
f 1695/2016/666 540/2015/666 1626/2018/666 1991/2017/666
f 1614/1974/667 1992/2013/667 1695/2016/667 530/1975/667
f 529/1971/371 1694/2012/371 1992/2013/371 1614/1974/371
f 1694/2012/344 539/2011/344 1625/2014/344 1992/2013/344
f 1613/1970/344 1993/2009/344 1694/2012/344 529/1971/344
f 528/1967/344 1693/2008/344 1993/2009/344 1613/1970/344
f 1693/2008/344 538/2007/344 1624/2010/344 1993/2009/344
f 1612/1966/344 1994/2005/344 1693/2008/344 528/1967/344
f 527/1963/344 1692/2004/344 1994/2005/344 1612/1966/344
f 1692/2004/344 537/2003/344 1623/2006/344 1994/2005/344
f 1611/1962/344 1995/2001/344 1692/2004/344 527/1963/344
f 44/2456/344 678/2457/344 1995/2001/344 1611/1962/344
f 678/2457/344 43/2454/344 1622/2002/344 1995/2001/344
f 1609/1958/344 1996/1997/344 1691/2000/344 526/1959/344
f 525/1955/344 1690/1996/344 1996/1997/344 1609/1958/344
f 1690/1996/344 535/1995/344 1620/1998/344 1996/1997/344
f 1608/1954/344 1997/1993/344 1690/1996/344 525/1955/344
f 524/1951/668 1689/1992/668 1997/1993/668 1608/1954/668
f 1689/1992/651 534/1991/651 1619/1994/651 1997/1993/651
f 1607/1950/669 1998/1989/669 1689/1992/669 524/1951/669
f 523/1947/670 1688/1988/670 1998/1989/670 1607/1950/670
f 1688/1988/671 533/1987/671 1618/1990/671 1998/1989/671
f 1606/1946/672 1999/1985/672 1688/1988/672 523/1947/672
f 522/1943/673 1687/1984/673 1999/1985/673 1606/1946/673
f 1687/1984/674 532/1983/674 1617/1986/674 1999/1985/674
f 1605/1942/675 2000/1981/675 1687/1984/675 522/1943/675
f 521/1939/676 1686/1980/676 2000/1981/676 1605/1942/676
f 1686/1980/677 531/1979/677 1616/1982/677 2000/1981/677
f 1604/1938/678 2001/1977/678 1686/1980/678 521/1939/678
f 520/1935/679 1685/1976/679 2001/1977/679 1604/1938/679
f 1685/1976/680 530/1975/680 1615/1978/680 2001/1977/680
f 1603/1934/681 2002/1973/681 1685/1976/681 520/1935/681
f 519/1931/682 1684/1972/682 2002/1973/682 1603/1934/682
f 1684/1972/683 529/1971/683 1614/1974/683 2002/1973/683
f 1602/1930/684 2003/1969/684 1684/1972/684 519/1931/684
f 518/1927/344 1683/1968/344 2003/1969/344 1602/1930/344
f 1683/1968/344 528/1967/344 1613/1970/344 2003/1969/344
f 1601/1926/344 2004/1965/344 1683/1968/344 518/1927/344
f 517/1923/344 1682/1964/344 2004/1965/344 1601/1926/344
f 1682/1964/344 527/1963/344 1612/1966/344 2004/1965/344
f 1600/1922/344 2005/1961/344 1682/1964/344 517/1923/344
f 45/2458/344 679/2459/344 2005/1961/344 1600/1922/344
f 679/2459/344 44/2456/344 1611/1962/344 2005/1961/344
f 1598/1918/344 2006/1957/344 1681/1960/344 516/1919/344
f 515/1915/344 1680/1956/344 2006/1957/344 1598/1918/344
f 1680/1956/344 525/1955/344 1609/1958/344 2006/1957/344
f 1597/1914/344 2007/1953/344 1680/1956/344 515/1915/344
f 514/1911/685 1679/1952/685 2007/1953/685 1597/1914/685
f 1679/1952/686 524/1951/686 1608/1954/686 2007/1953/686
f 1596/1910/687 2008/1949/687 1679/1952/687 514/1911/687
f 513/1907/688 1678/1948/688 2008/1949/688 1596/1910/688
f 1678/1948/689 523/1947/689 1607/1950/689 2008/1949/689
f 1595/1906/690 2009/1945/690 1678/1948/690 513/1907/690
f 512/1903/691 1677/1944/691 2009/1945/691 1595/1906/691
f 1677/1944/692 522/1943/692 1606/1946/692 2009/1945/692
f 1594/1902/693 2010/1941/693 1677/1944/693 512/1903/693
f 511/1899/694 1676/1940/694 2010/1941/694 1594/1902/694
f 1676/1940/695 521/1939/695 1605/1942/695 2010/1941/695
f 1593/1898/696 2011/1937/696 1676/1940/696 511/1899/696
f 510/1895/697 1675/1936/697 2011/1937/697 1593/1898/697
f 1675/1936/698 520/1935/698 1604/1938/698 2011/1937/698
f 1592/1894/699 2012/1933/699 1675/1936/699 510/1895/699
f 509/1891/700 1674/1932/700 2012/1933/700 1592/1894/700
f 1674/1932/701 519/1931/701 1603/1934/701 2012/1933/701
f 1591/1890/702 2013/1929/702 1674/1932/702 509/1891/702
f 508/1887/344 1673/1928/344 2013/1929/344 1591/1890/344
f 1673/1928/344 518/1927/344 1602/1930/344 2013/1929/344
f 1590/1886/344 2014/1925/344 1673/1928/344 508/1887/344
f 507/1883/344 1672/1924/344 2014/1925/344 1590/1886/344
f 1672/1924/344 517/1923/344 1601/1926/344 2014/1925/344
f 1589/1882/344 2015/1921/344 1672/1924/344 507/1883/344
f 46/503/344 680/2460/344 2015/1921/344 1589/1882/344
f 680/2460/344 45/2458/344 1600/1922/344 2015/1921/344
f 1587/1878/344 2016/1917/344 1671/1920/344 506/1879/344
f 505/1875/344 1670/1916/344 2016/1917/344 1587/1878/344
f 1670/1916/344 515/1915/344 1598/1918/344 2016/1917/344
f 1586/1874/344 2017/1913/344 1670/1916/344 505/1875/344
f 504/1871/347 1669/1912/347 2017/1913/347 1586/1874/347
f 1669/1912/703 514/1911/703 1597/1914/703 2017/1913/703
f 1585/1870/704 2018/1909/704 1669/1912/704 504/1871/704
f 503/1867/705 1668/1908/705 2018/1909/705 1585/1870/705
f 1668/1908/706 513/1907/706 1596/1910/706 2018/1909/706
f 1584/1866/707 2019/1905/707 1668/1908/707 503/1867/707
f 502/1863/708 1667/1904/708 2019/1905/708 1584/1866/708
f 1667/1904/709 512/1903/709 1595/1906/709 2019/1905/709
f 1583/1862/710 2020/1901/710 1667/1904/710 502/1863/710
f 501/1859/711 1666/1900/711 2020/1901/711 1583/1862/711
f 1666/1900/712 511/1899/712 1594/1902/712 2020/1901/712
f 1582/1858/713 2021/1897/713 1666/1900/713 501/1859/713
f 500/1855/714 1665/1896/714 2021/1897/714 1582/1858/714
f 1665/1896/715 510/1895/715 1593/1898/715 2021/1897/715
f 1581/1854/716 2022/1893/716 1665/1896/716 500/1855/716
f 499/1851/717 1664/1892/717 2022/1893/717 1581/1854/717
f 1664/1892/718 509/1891/718 1592/1894/718 2022/1893/718
f 1580/1850/719 2023/1889/719 1664/1892/719 499/1851/719
f 498/1847/344 1663/1888/344 2023/1889/344 1580/1850/344
f 1663/1888/344 508/1887/344 1591/1890/344 2023/1889/344
f 1579/1846/344 2024/1885/344 1663/1888/344 498/1847/344
f 497/1843/344 1662/1884/344 2024/1885/344 1579/1846/344
f 1662/1884/344 507/1883/344 1590/1886/344 2024/1885/344
f 1578/1842/344 2025/1881/344 1662/1884/344 497/1843/344
f 47/499/344 681/504/344 2025/1881/344 1578/1842/344
f 681/504/344 46/503/344 1589/1882/344 2025/1881/344
f 1576/1838/344 2026/1877/344 1661/1880/344 496/1839/344
f 495/1835/344 1660/1876/344 2026/1877/344 1576/1838/344
f 1660/1876/344 505/1875/344 1587/1878/344 2026/1877/344
f 1575/1834/344 2027/1873/344 1660/1876/344 495/1835/344
f 494/1831/344 1659/1872/344 2027/1873/344 1575/1834/344
f 1659/1872/344 504/1871/344 1586/1874/344 2027/1873/344
f 1574/1830/344 2028/1869/344 1659/1872/344 494/1831/344
f 493/1827/352 1658/1868/352 2028/1869/352 1574/1830/352
f 1658/1868/720 503/1867/720 1585/1870/720 2028/1869/720
f 1573/1826/721 2029/1865/721 1658/1868/721 493/1827/721
f 492/1823/722 1657/1864/722 2029/1865/722 1573/1826/722
f 1657/1864/723 502/1863/723 1584/1866/723 2029/1865/723
f 1572/1822/724 2030/1861/724 1657/1864/724 492/1823/724
f 491/1819/725 1656/1860/725 2030/1861/725 1572/1822/725
f 1656/1860/726 501/1859/726 1583/1862/726 2030/1861/726
f 1571/1818/727 2031/1857/727 1656/1860/727 491/1819/727
f 490/1815/728 1655/1856/728 2031/1857/728 1571/1818/728
f 1655/1856/729 500/1855/729 1582/1858/729 2031/1857/729
f 1570/1814/730 2032/1853/730 1655/1856/730 490/1815/730
f 489/1811/344 1654/1852/344 2032/1853/344 1570/1814/344
f 1654/1852/730 499/1851/730 1581/1854/730 2032/1853/730
f 1569/1810/344 2033/1849/344 1654/1852/344 489/1811/344
f 488/1807/344 1653/1848/344 2033/1849/344 1569/1810/344
f 1653/1848/344 498/1847/344 1580/1850/344 2033/1849/344
f 1568/1806/344 2034/1845/344 1653/1848/344 488/1807/344
f 487/1803/344 1652/1844/344 2034/1845/344 1568/1806/344
f 1652/1844/344 497/1843/344 1579/1846/344 2034/1845/344
f 1567/1802/344 2035/1841/344 1652/1844/344 487/1803/344
f 48/495/344 682/500/344 2035/1841/344 1567/1802/344
f 682/500/344 47/499/344 1578/1842/344 2035/1841/344
f 702/2461/344 2036/1837/344 1651/1840/344 67/2462/344
f 68/2463/344 1650/1836/344 2036/1837/344 702/2461/344
f 1650/1836/344 495/1835/344 1576/1838/344 2036/1837/344
f 703/2464/344 2037/1833/344 1650/1836/344 68/2463/344
f 69/2465/344 1649/1832/344 2037/1833/344 703/2464/344
f 1649/1832/344 494/1831/344 1575/1834/344 2037/1833/344
f 704/2466/344 2038/1829/344 1649/1832/344 69/2465/344
f 70/2467/344 1648/1828/344 2038/1829/344 704/2466/344
f 1648/1828/344 493/1827/344 1574/1830/344 2038/1829/344
f 705/2468/344 2039/1825/344 1648/1828/344 70/2467/344
f 71/2469/344 1647/1824/344 2039/1825/344 705/2468/344
f 1647/1824/731 492/1823/731 1573/1826/731 2039/1825/731
f 706/2470/344 2040/1821/344 1647/1824/344 71/2469/344
f 72/2471/344 1646/1820/344 2040/1821/344 706/2470/344
f 1646/1820/732 491/1819/732 1572/1822/732 2040/1821/732
f 707/2472/344 2041/1817/344 1646/1820/344 72/2471/344
f 73/2473/344 1645/1816/344 2041/1817/344 707/2472/344
f 1645/1816/719 490/1815/719 1571/1818/719 2041/1817/719
f 708/2474/344 2042/1813/344 1645/1816/344 73/2473/344
f 74/2475/344 1644/1812/344 2042/1813/344 708/2474/344
f 1644/1812/344 489/1811/344 1570/1814/344 2042/1813/344
f 709/2476/344 2043/1809/344 1644/1812/344 74/2475/344
f 75/2477/344 1643/1808/344 2043/1809/344 709/2476/344
f 1643/1808/344 488/1807/344 1569/1810/344 2043/1809/344
f 710/2478/344 2044/1805/344 1643/1808/344 75/2477/344
f 76/2479/344 1642/1804/344 2044/1805/344 710/2478/344
f 1642/1804/344 487/1803/344 1568/1806/344 2044/1805/344
f 636/2480/344 2045/1801/344 1642/1804/344 76/2479/344
f 3/7/344 634/496/344 2045/1801/344 636/2480/344
f 634/496/344 48/495/344 1567/1802/344 2045/1801/344
f 1621/1798/344 2046/2481/344 676/2482/344 42/1799/344
f 546/2039/344 1711/2443/344 2046/2481/344 1621/1798/344
f 1610/1794/344 2047/1797/344 675/1800/344 41/1795/344
f 536/1999/344 1701/2040/344 2047/1797/344 1610/1794/344
f 1701/2040/344 546/2039/344 1621/1798/344 2047/1797/344
f 1599/1790/344 2048/1793/344 674/1796/344 40/1791/344
f 526/1959/344 1691/2000/344 2048/1793/344 1599/1790/344
f 1691/2000/344 536/1999/344 1610/1794/344 2048/1793/344
f 1588/1786/344 2049/1789/344 673/1792/344 39/1787/344
f 516/1919/344 1681/1960/344 2049/1789/344 1588/1786/344
f 1681/1960/344 526/1959/344 1599/1790/344 2049/1789/344
f 1577/1782/344 2050/1785/344 672/1788/344 38/1783/344
f 506/1879/344 1671/1920/344 2050/1785/344 1577/1782/344
f 1671/1920/344 516/1919/344 1588/1786/344 2050/1785/344
f 1566/1778/344 2051/1781/344 671/1784/344 37/1779/344
f 496/1839/344 1661/1880/344 2051/1781/344 1566/1778/344
f 1661/1880/344 506/1879/344 1577/1782/344 2051/1781/344
f 701/2483/344 2052/1777/344 670/1780/344 6/2484/344
f 67/2462/344 1651/1840/344 2052/1777/344 701/2483/344
f 1651/1840/344 496/1839/344 1566/1778/344 2052/1777/344
f 1465/1746/733 2053/1773/733 1565/1776/733 486/1747/733
f 485/1743/734 1564/1772/734 2053/1773/734 1465/1746/734
f 1564/1772/735 83/1771/735 717/1774/735 2053/1773/735
f 1464/1742/736 2054/1769/736 1564/1772/736 485/1743/736
f 484/1739/737 1563/1768/737 2054/1769/737 1464/1742/737
f 1563/1768/738 82/1767/738 716/1770/738 2054/1769/738
f 1463/1738/739 2055/1765/739 1563/1768/739 484/1739/739
f 483/1735/740 1562/1764/740 2055/1765/740 1463/1738/740
f 1562/1764/741 81/1763/741 715/1766/741 2055/1765/741
f 1462/1734/742 2056/1761/742 1562/1764/742 483/1735/742
f 482/1731/743 1561/1760/743 2056/1761/743 1462/1734/743
f 1561/1760/744 80/1759/744 714/1762/744 2056/1761/744
f 1461/1730/295 2057/1757/295 1561/1760/295 482/1731/295
f 481/1727/295 1560/1756/295 2057/1757/295 1461/1730/295
f 1560/1756/295 79/1755/295 713/1758/295 2057/1757/295
f 1460/1726/295 2058/1753/295 1560/1756/295 481/1727/295
f 480/1723/295 1559/1752/295 2058/1753/295 1460/1726/295
f 1559/1752/295 78/1751/295 712/1754/295 2058/1753/295
f 1459/1722/295 2059/1749/295 1559/1752/295 480/1723/295
f 479/1719/295 1558/2485/295 2059/1749/295 1459/1722/295
f 1558/2485/295 77/2486/295 711/1750/295 2059/1749/295
f 1456/1714/745 2060/1745/745 1557/1748/745 478/1715/745
f 477/1711/746 1556/1744/746 2060/1745/746 1456/1714/746
f 1556/1744/747 485/1743/747 1465/1746/747 2060/1745/747
f 1455/1710/748 2061/1741/748 1556/1744/748 477/1711/748
f 476/1707/749 1555/1740/749 2061/1741/749 1455/1710/749
f 1555/1740/750 484/1739/750 1464/1742/750 2061/1741/750
f 1454/1706/751 2062/1737/751 1555/1740/751 476/1707/751
f 475/1703/752 1554/1736/752 2062/1737/752 1454/1706/752
f 1554/1736/753 483/1735/753 1463/1738/753 2062/1737/753
f 1453/1702/754 2063/1733/754 1554/1736/754 475/1703/754
f 474/1699/755 1553/1732/755 2063/1733/755 1453/1702/755
f 1553/1732/756 482/1731/756 1462/1734/756 2063/1733/756
f 1452/1698/295 2064/1729/295 1553/1732/295 474/1699/295
f 473/1695/295 1552/1728/295 2064/1729/295 1452/1698/295
f 1552/1728/295 481/1727/295 1461/1730/295 2064/1729/295
f 1451/1694/295 2065/1725/295 1552/1728/295 473/1695/295
f 472/1691/295 1551/1724/295 2065/1725/295 1451/1694/295
f 1551/1724/295 480/1723/295 1460/1726/295 2065/1725/295
f 1450/1690/757 2066/1721/757 1551/1724/757 472/1691/757
f 471/1687/758 1550/1720/758 2066/1721/758 1450/1690/758
f 1550/1720/295 479/1719/295 1459/1722/295 2066/1721/295
f 1449/1686/758 2067/1717/758 1550/1720/758 471/1687/758
f 470/2487/759 1549/2488/759 2067/1717/759 1449/1686/759
f 1447/1682/760 2068/1713/760 1548/1716/760 469/1683/760
f 468/1679/761 1547/1712/761 2068/1713/761 1447/1682/761
f 1547/1712/762 477/1711/762 1456/1714/762 2068/1713/762
f 1446/1678/763 2069/1709/763 1547/1712/763 468/1679/763
f 467/1675/764 1546/1708/764 2069/1709/764 1446/1678/764
f 1546/1708/765 476/1707/765 1455/1710/765 2069/1709/765
f 1445/1674/766 2070/1705/766 1546/1708/766 467/1675/766
f 466/1671/767 1545/1704/767 2070/1705/767 1445/1674/767
f 1545/1704/768 475/1703/768 1454/1706/768 2070/1705/768
f 1444/1670/769 2071/1701/769 1545/1704/769 466/1671/769
f 465/1667/770 1544/1700/770 2071/1701/770 1444/1670/770
f 1544/1700/771 474/1699/771 1453/1702/771 2071/1701/771
f 1443/1666/295 2072/1697/295 1544/1700/295 465/1667/295
f 464/1663/295 1543/1696/295 2072/1697/295 1443/1666/295
f 1543/1696/295 473/1695/295 1452/1698/295 2072/1697/295
f 1442/1662/295 2073/1693/295 1543/1696/295 464/1663/295
f 463/1659/295 1542/1692/295 2073/1693/295 1442/1662/295
f 1542/1692/295 472/1691/295 1451/1694/295 2073/1693/295
f 1441/1658/772 2074/1689/772 1542/1692/772 463/1659/772
f 462/1655/773 1541/1688/773 2074/1689/773 1441/1658/773
f 1541/1688/330 471/1687/330 1450/1690/330 2074/1689/330
f 1440/1654/773 2075/1685/773 1541/1688/773 462/1655/773
f 461/2489/774 1540/2490/774 2075/1685/774 1440/1654/774
f 1540/2490/775 470/2487/775 1449/1686/775 2075/1685/775
f 1438/1650/776 2076/1681/776 1539/1684/776 460/1651/776
f 459/1647/777 1538/1680/777 2076/1681/777 1438/1650/777
f 1538/1680/778 468/1679/778 1447/1682/778 2076/1681/778
f 1437/1646/779 2077/1677/779 1538/1680/779 459/1647/779
f 458/1643/780 1537/1676/780 2077/1677/780 1437/1646/780
f 1537/1676/781 467/1675/781 1446/1678/781 2077/1677/781
f 1436/1642/782 2078/1673/782 1537/1676/782 458/1643/782
f 457/1639/783 1536/1672/783 2078/1673/783 1436/1642/783
f 1536/1672/784 466/1671/784 1445/1674/784 2078/1673/784
f 1435/1638/785 2079/1669/785 1536/1672/785 457/1639/785
f 456/1635/786 1535/1668/786 2079/1669/786 1435/1638/786
f 1535/1668/787 465/1667/787 1444/1670/787 2079/1669/787
f 1434/1634/295 2080/1665/295 1535/1668/295 456/1635/295
f 455/1631/295 1534/1664/295 2080/1665/295 1434/1634/295
f 1534/1664/295 464/1663/295 1443/1666/295 2080/1665/295
f 1433/1630/295 2081/1661/295 1534/1664/295 455/1631/295
f 454/1627/295 1533/1660/295 2081/1661/295 1433/1630/295
f 1533/1660/295 463/1659/295 1442/1662/295 2081/1661/295
f 1432/1626/295 2082/1657/295 1533/1660/295 454/1627/295
f 453/1623/295 1532/1656/295 2082/1657/295 1432/1626/295
f 1532/1656/324 462/1655/324 1441/1658/324 2082/1657/324
f 1431/1622/295 2083/1653/295 1532/1656/295 453/1623/295
f 452/2491/295 1531/2492/295 2083/1653/295 1431/1622/295
f 1531/2492/788 461/2489/788 1440/1654/788 2083/1653/788
f 1429/1618/789 2084/1649/789 1530/1652/789 451/1619/789
f 450/1615/790 1529/1648/790 2084/1649/790 1429/1618/790
f 1529/1648/791 459/1647/791 1438/1650/791 2084/1649/791
f 1428/1614/792 2085/1645/792 1529/1648/792 450/1615/792
f 449/1611/793 1528/1644/793 2085/1645/793 1428/1614/793
f 1528/1644/794 458/1643/794 1437/1646/794 2085/1645/794
f 1427/1610/795 2086/1641/795 1528/1644/795 449/1611/795
f 448/1607/796 1527/1640/796 2086/1641/796 1427/1610/796
f 1527/1640/797 457/1639/797 1436/1642/797 2086/1641/797
f 1426/1606/798 2087/1637/798 1527/1640/798 448/1607/798
f 447/1603/799 1526/1636/799 2087/1637/799 1426/1606/799
f 1526/1636/800 456/1635/800 1435/1638/800 2087/1637/800
f 1425/1602/295 2088/1633/295 1526/1636/295 447/1603/295
f 446/1599/295 1525/1632/295 2088/1633/295 1425/1602/295
f 1525/1632/295 455/1631/295 1434/1634/295 2088/1633/295
f 1424/1598/295 2089/1629/295 1525/1632/295 446/1599/295
f 445/1595/295 1524/1628/295 2089/1629/295 1424/1598/295
f 1524/1628/295 454/1627/295 1433/1630/295 2089/1629/295
f 1423/1594/295 2090/1625/295 1524/1628/295 445/1595/295
f 444/1591/295 1523/1624/295 2090/1625/295 1423/1594/295
f 1523/1624/295 453/1623/295 1432/1626/295 2090/1625/295
f 1422/1590/295 2091/1621/295 1523/1624/295 444/1591/295
f 443/2493/295 1522/2494/295 2091/1621/295 1422/1590/295
f 1522/2494/295 452/2491/295 1431/1622/295 2091/1621/295
f 1420/1586/801 2092/1617/801 1521/1620/801 442/1587/801
f 441/1583/802 1520/1616/802 2092/1617/802 1420/1586/802
f 1520/1616/803 450/1615/803 1429/1618/803 2092/1617/803
f 1419/1582/804 2093/1613/804 1520/1616/804 441/1583/804
f 440/1579/805 1519/1612/805 2093/1613/805 1419/1582/805
f 1519/1612/806 449/1611/806 1428/1614/806 2093/1613/806
f 1418/1578/807 2094/1609/807 1519/1612/807 440/1579/807
f 439/1575/808 1518/1608/808 2094/1609/808 1418/1578/808
f 1518/1608/809 448/1607/809 1427/1610/809 2094/1609/809
f 1417/1574/810 2095/1605/810 1518/1608/810 439/1575/810
f 438/1571/811 1517/1604/811 2095/1605/811 1417/1574/811
f 1517/1604/812 447/1603/812 1426/1606/812 2095/1605/812
f 1416/1570/295 2096/1601/295 1517/1604/295 438/1571/295
f 437/1567/295 1516/1600/295 2096/1601/295 1416/1570/295
f 1516/1600/295 446/1599/295 1425/1602/295 2096/1601/295
f 1415/1566/295 2097/1597/295 1516/1600/295 437/1567/295
f 436/1563/295 1515/1596/295 2097/1597/295 1415/1566/295
f 1515/1596/295 445/1595/295 1424/1598/295 2097/1597/295
f 1414/1562/295 2098/1593/295 1515/1596/295 436/1563/295
f 435/1559/295 1514/1592/295 2098/1593/295 1414/1562/295
f 1514/1592/295 444/1591/295 1423/1594/295 2098/1593/295
f 1413/1558/295 2099/1589/295 1514/1592/295 435/1559/295
f 434/2495/295 1513/2496/295 2099/1589/295 1413/1558/295
f 1513/2496/295 443/2493/295 1422/1590/295 2099/1589/295
f 1411/1554/813 2100/1585/813 1512/1588/813 433/1555/813
f 432/1551/814 1511/1584/814 2100/1585/814 1411/1554/814
f 1511/1584/815 441/1583/815 1420/1586/815 2100/1585/815
f 1410/1550/816 2101/1581/816 1511/1584/816 432/1551/816
f 431/1547/817 1510/1580/817 2101/1581/817 1410/1550/817
f 1510/1580/818 440/1579/818 1419/1582/818 2101/1581/818
f 1409/1546/819 2102/1577/819 1510/1580/819 431/1547/819
f 430/1543/820 1509/1576/820 2102/1577/820 1409/1546/820
f 1509/1576/821 439/1575/821 1418/1578/821 2102/1577/821
f 1408/1542/822 2103/1573/822 1509/1576/822 430/1543/822
f 429/1539/823 1508/1572/823 2103/1573/823 1408/1542/823
f 1508/1572/824 438/1571/824 1417/1574/824 2103/1573/824
f 1407/1538/295 2104/1569/295 1508/1572/295 429/1539/295
f 428/1535/295 1507/1568/295 2104/1569/295 1407/1538/295
f 1507/1568/295 437/1567/295 1416/1570/295 2104/1569/295
f 1406/1534/295 2105/1565/295 1507/1568/295 428/1535/295
f 427/1531/295 1506/1564/295 2105/1565/295 1406/1534/295
f 1506/1564/295 436/1563/295 1415/1566/295 2105/1565/295
f 1405/1530/295 2106/1561/295 1506/1564/295 427/1531/295
f 426/1527/295 1505/1560/295 2106/1561/295 1405/1530/295
f 1505/1560/295 435/1559/295 1414/1562/295 2106/1561/295
f 1404/1526/295 2107/1557/295 1505/1560/295 426/1527/295
f 425/2497/295 1504/2498/295 2107/1557/295 1404/1526/295
f 1504/2498/295 434/2495/295 1413/1558/295 2107/1557/295
f 1402/1522/825 2108/1553/825 1503/1556/825 424/1523/825
f 423/1519/826 1502/1552/826 2108/1553/826 1402/1522/826
f 1502/1552/827 432/1551/827 1411/1554/827 2108/1553/827
f 1401/1518/828 2109/1549/828 1502/1552/828 423/1519/828
f 422/1515/829 1501/1548/829 2109/1549/829 1401/1518/829
f 1501/1548/830 431/1547/830 1410/1550/830 2109/1549/830
f 1400/1514/831 2110/1545/831 1501/1548/831 422/1515/831
f 421/1511/832 1500/1544/832 2110/1545/832 1400/1514/832
f 1500/1544/833 430/1543/833 1409/1546/833 2110/1545/833
f 1399/1510/834 2111/1541/834 1500/1544/834 421/1511/834
f 420/1507/835 1499/1540/835 2111/1541/835 1399/1510/835
f 1499/1540/836 429/1539/836 1408/1542/836 2111/1541/836
f 1398/1506/295 2112/1537/295 1499/1540/295 420/1507/295
f 419/1503/295 1498/1536/295 2112/1537/295 1398/1506/295
f 1498/1536/295 428/1535/295 1407/1538/295 2112/1537/295
f 1397/1502/295 2113/1533/295 1498/1536/295 419/1503/295
f 418/1499/295 1497/1532/295 2113/1533/295 1397/1502/295
f 1497/1532/295 427/1531/295 1406/1534/295 2113/1533/295
f 1396/1498/295 2114/1529/295 1497/1532/295 418/1499/295
f 417/1495/295 1496/1528/295 2114/1529/295 1396/1498/295
f 1496/1528/295 426/1527/295 1405/1530/295 2114/1529/295
f 1395/1494/295 2115/1525/295 1496/1528/295 417/1495/295
f 416/2499/295 1495/2500/295 2115/1525/295 1395/1494/295
f 1495/2500/295 425/2497/295 1404/1526/295 2115/1525/295
f 39/2501/295 673/2502/295 2116/2503/295 1394/2504/295
f 1392/1490/837 2117/1521/837 1494/1524/837 415/1491/837
f 414/1487/838 1493/1520/838 2117/1521/838 1392/1490/838
f 1493/1520/839 423/1519/839 1402/1522/839 2117/1521/839
f 1391/1486/840 2118/1517/840 1493/1520/840 414/1487/840
f 413/1483/841 1492/1516/841 2118/1517/841 1391/1486/841
f 1492/1516/842 422/1515/842 1401/1518/842 2118/1517/842
f 1390/1482/843 2119/1513/843 1492/1516/843 413/1483/843
f 412/1479/844 1491/1512/844 2119/1513/844 1390/1482/844
f 1491/1512/845 421/1511/845 1400/1514/845 2119/1513/845
f 1389/1478/846 2120/1509/846 1491/1512/846 412/1479/846
f 411/1475/847 1490/1508/847 2120/1509/847 1389/1478/847
f 1490/1508/848 420/1507/848 1399/1510/848 2120/1509/848
f 1388/1474/295 2121/1505/295 1490/1508/295 411/1475/295
f 410/1471/295 1489/1504/295 2121/1505/295 1388/1474/295
f 1489/1504/295 419/1503/295 1398/1506/295 2121/1505/295
f 1387/1470/295 2122/1501/295 1489/1504/295 410/1471/295
f 409/1467/295 1488/1500/295 2122/1501/295 1387/1470/295
f 1488/1500/295 418/1499/295 1397/1502/295 2122/1501/295
f 1386/1466/295 2123/1497/295 1488/1500/295 409/1467/295
f 408/1463/295 1487/1496/295 2123/1497/295 1386/1466/295
f 1487/1496/295 417/1495/295 1396/1498/295 2123/1497/295
f 1385/1462/295 2124/1493/295 1487/1496/295 408/1463/295
f 407/2505/295 1486/2506/295 2124/1493/295 1385/1462/295
f 1486/2506/295 416/2499/295 1395/1494/295 2124/1493/295
f 38/2507/295 672/2508/295 2125/2509/295 1384/1458/295
f 672/2508/295 39/2501/295 1394/2504/295 2125/2509/295
f 1382/1454/849 2126/1489/849 1485/1492/849 405/1455/849
f 404/1451/850 1484/1488/850 2126/1489/850 1382/1454/850
f 1484/1488/851 414/1487/851 1392/1490/851 2126/1489/851
f 1381/1450/852 2127/1485/852 1484/1488/852 404/1451/852
f 403/1447/853 1483/1484/853 2127/1485/853 1381/1450/853
f 1483/1484/854 413/1483/854 1391/1486/854 2127/1485/854
f 1380/1446/855 2128/1481/855 1483/1484/855 403/1447/855
f 402/1443/856 1482/1480/856 2128/1481/856 1380/1446/856
f 1482/1480/857 412/1479/857 1390/1482/857 2128/1481/857
f 1379/1442/858 2129/1477/858 1482/1480/858 402/1443/858
f 401/1439/859 1481/1476/859 2129/1477/859 1379/1442/859
f 1481/1476/860 411/1475/860 1389/1478/860 2129/1477/860
f 1378/1438/295 2130/1473/295 1481/1476/295 401/1439/295
f 400/1435/295 1480/1472/295 2130/1473/295 1378/1438/295
f 1480/1472/295 410/1471/295 1388/1474/295 2130/1473/295
f 1377/1434/295 2131/1469/295 1480/1472/295 400/1435/295
f 399/1431/295 1479/1468/295 2131/1469/295 1377/1434/295
f 1479/1468/295 409/1467/295 1387/1470/295 2131/1469/295
f 1376/1430/295 2132/1465/295 1479/1468/295 399/1431/295
f 398/1427/295 1478/1464/295 2132/1465/295 1376/1430/295
f 1478/1464/295 408/1463/295 1386/1466/295 2132/1465/295
f 1375/1426/295 2133/1461/295 1478/1464/295 398/1427/295
f 397/1423/295 1477/2510/295 2133/1461/295 1375/1426/295
f 1477/2510/295 407/2505/295 1385/1462/295 2133/1461/295
f 1374/1422/295 2134/2511/295 1477/2510/295 397/1423/295
f 396/1419/295 1476/1460/295 2134/2511/295 1374/1422/295
f 1373/1418/295 2135/1457/295 1476/1460/295 396/1419/295
f 37/2512/295 671/2513/295 2135/1457/295 1373/1418/295
f 671/2513/295 38/2507/295 1384/1458/295 2135/1457/295
f 641/2514/861 2136/1453/861 1475/1456/861 7/2515/861
f 8/2516/862 1474/1452/862 2136/1453/862 641/2514/862
f 1474/1452/863 404/1451/863 1382/1454/863 2136/1453/863
f 642/2517/864 2137/1449/864 1474/1452/864 8/2516/864
f 9/2518/865 1473/1448/865 2137/1449/865 642/2517/865
f 1473/1448/866 403/1447/866 1381/1450/866 2137/1449/866
f 643/2519/867 2138/1445/867 1473/1448/867 9/2518/867
f 10/2520/868 1472/1444/868 2138/1445/868 643/2519/868
f 1472/1444/869 402/1443/869 1380/1446/869 2138/1445/869
f 644/2521/870 2139/1441/870 1472/1444/870 10/2520/870
f 11/2522/871 1471/1440/871 2139/1441/871 644/2521/871
f 1471/1440/872 401/1439/872 1379/1442/872 2139/1441/872
f 645/2523/295 2140/1437/295 1471/1440/295 11/2522/295
f 12/2524/295 1470/1436/295 2140/1437/295 645/2523/295
f 1470/1436/295 400/1435/295 1378/1438/295 2140/1437/295
f 646/2525/295 2141/1433/295 1470/1436/295 12/2524/295
f 13/2526/295 1469/1432/295 2141/1433/295 646/2525/295
f 1469/1432/295 399/1431/295 1377/1434/295 2141/1433/295
f 647/2527/295 2142/1429/295 1469/1432/295 13/2526/295
f 14/2528/295 1468/1428/295 2142/1429/295 647/2527/295
f 1468/1428/295 398/1427/295 1376/1430/295 2142/1429/295
f 648/2529/295 2143/1425/295 1468/1428/295 14/2528/295
f 15/2530/295 1467/1424/295 2143/1425/295 648/2529/295
f 1467/1424/295 397/1423/295 1375/1426/295 2143/1425/295
f 649/2531/295 2144/1421/295 1467/1424/295 15/2530/295
f 16/2532/295 1466/1420/295 2144/1421/295 649/2531/295
f 1466/1420/295 396/1419/295 1374/1422/295 2144/1421/295
f 631/2533/295 2145/1417/295 1466/1420/295 16/2532/295
f 6/2534/295 670/2535/295 2145/1417/295 631/2533/295
f 670/2535/295 37/2512/295 1373/1418/295 2145/1417/295
f 1448/1410/873 2146/1413/873 684/1416/873 50/1411/873
f 478/1715/874 1557/1748/874 2146/1413/874 1448/1410/874
f 1557/1748/875 486/1747/875 1457/1414/875 2146/1413/875
f 1439/1406/876 2147/1409/876 685/1412/876 51/1407/876
f 469/1683/877 1548/1716/877 2147/1409/877 1439/1406/877
f 1548/1716/878 478/1715/878 1448/1410/878 2147/1409/878
f 1430/1402/879 2148/1405/879 686/1408/879 52/1403/879
f 460/1651/880 1539/1684/880 2148/1405/880 1430/1402/880
f 1539/1684/881 469/1683/881 1439/1406/881 2148/1405/881
f 1421/1398/882 2149/1401/882 687/1404/882 53/1399/882
f 451/1619/883 1530/1652/883 2149/1401/883 1421/1398/883
f 1530/1652/884 460/1651/884 1430/1402/884 2149/1401/884
f 1412/1394/885 2150/1397/885 688/1400/885 54/1395/885
f 442/1587/886 1521/1620/886 2150/1397/886 1412/1394/886
f 1521/1620/887 451/1619/887 1421/1398/887 2150/1397/887
f 1403/1390/888 2151/1393/888 689/1396/888 55/1391/888
f 433/1555/889 1512/1588/889 2151/1393/889 1403/1390/889
f 1512/1588/890 442/1587/890 1412/1394/890 2151/1393/890
f 1393/1386/891 2152/1389/891 690/1392/891 56/1387/891
f 424/1523/892 1503/1556/892 2152/1389/892 1393/1386/892
f 1503/1556/893 433/1555/893 1403/1390/893 2152/1389/893
f 1383/1382/894 2153/1385/894 691/1388/894 57/1383/894
f 415/1491/895 1494/1524/895 2153/1385/895 1383/1382/895
f 1494/1524/896 424/1523/896 1393/1386/896 2153/1385/896
f 1372/1378/897 2154/1381/897 692/1384/897 58/1379/897
f 405/1455/898 1485/1492/898 2154/1381/898 1372/1378/898
f 1485/1492/899 415/1491/899 1383/1382/899 2154/1381/899
f 640/2536/900 2155/1377/900 635/1380/900 5/2537/900
f 7/2515/901 1475/1456/901 2155/1377/901 640/2536/901
f 1475/1456/902 405/1455/902 1372/1378/902 2155/1377/902
f 1261/1334/903 2156/1373/903 1371/1376/903 395/1335/903
f 394/1331/904 1370/1372/904 2156/1373/904 1261/1334/904
f 1370/1372/905 96/1371/905 729/1374/905 2156/1373/905
f 1260/1330/906 2157/1369/906 1370/1372/906 394/1331/906
f 393/1327/907 1369/1368/907 2157/1369/907 1260/1330/907
f 1369/1368/908 97/1367/908 730/1370/908 2157/1369/908
f 1259/1326/909 2158/1365/909 1369/1368/909 393/1327/909
f 392/1323/909 1368/1364/909 2158/1365/909 1259/1326/909
f 1368/1364/283 98/1363/283 731/1366/283 2158/1365/283
f 1258/1322/910 2159/1361/910 1368/1364/910 392/1323/910
f 391/1319/911 1367/1360/911 2159/1361/911 1258/1322/911
f 1367/1360/912 99/1359/912 732/1362/912 2159/1361/912
f 1257/1318/913 2160/1357/913 1367/1360/913 391/1319/913
f 390/1315/914 1366/1356/914 2160/1357/914 1257/1318/914
f 1366/1356/915 100/1355/915 733/1358/915 2160/1357/915
f 1256/1314/916 2161/1353/916 1366/1356/916 390/1315/916
f 389/1311/917 1365/1352/917 2161/1353/917 1256/1314/917
f 1365/1352/918 101/1351/918 734/1354/918 2161/1353/918
f 1255/1310/919 2162/1349/919 1365/1352/919 389/1311/919
f 388/1307/920 1364/1348/920 2162/1349/920 1255/1310/920
f 1364/1348/921 102/1347/921 735/1350/921 2162/1349/921
f 1254/1306/922 2163/1345/922 1364/1348/922 388/1307/922
f 387/1303/923 1363/1344/923 2163/1345/923 1254/1306/923
f 1363/1344/924 103/1343/924 736/1346/924 2163/1345/924
f 1253/1302/925 2164/1341/925 1363/1344/925 387/1303/925
f 386/1299/926 1362/1340/926 2164/1341/926 1253/1302/926
f 1362/1340/927 104/1339/927 737/1342/927 2164/1341/927
f 1252/1298/928 2165/1337/928 1362/1340/928 386/1299/928
f 17/2538/929 650/2539/929 2165/1337/929 1252/1298/929
f 650/2539/930 2/2540/930 639/1338/930 2165/1337/930
f 1250/1294/931 2166/1333/931 1361/1336/931 385/1295/931
f 384/1291/932 1360/1332/932 2166/1333/932 1250/1294/932
f 1360/1332/933 394/1331/933 1261/1334/933 2166/1333/933
f 1249/1290/934 2167/1329/934 1360/1332/934 384/1291/934
f 383/1287/935 1359/1328/935 2167/1329/935 1249/1290/935
f 1359/1328/936 393/1327/936 1260/1330/936 2167/1329/936
f 1248/1286/937 2168/1325/937 1359/1328/937 383/1287/937
f 382/1283/937 1358/1324/937 2168/1325/937 1248/1286/937
f 1358/1324/275 392/1323/275 1259/1326/275 2168/1325/275
f 1247/1282/938 2169/1321/938 1358/1324/938 382/1283/938
f 381/1279/939 1357/1320/939 2169/1321/939 1247/1282/939
f 1357/1320/940 391/1319/940 1258/1322/940 2169/1321/940
f 1246/1278/941 2170/1317/941 1357/1320/941 381/1279/941
f 380/1275/942 1356/1316/942 2170/1317/942 1246/1278/942
f 1356/1316/943 390/1315/943 1257/1318/943 2170/1317/943
f 1245/1274/944 2171/1313/944 1356/1316/944 380/1275/944
f 379/1271/945 1355/1312/945 2171/1313/945 1245/1274/945
f 1355/1312/946 389/1311/946 1256/1314/946 2171/1313/946
f 1244/1270/947 2172/1309/947 1355/1312/947 379/1271/947
f 378/1267/948 1354/1308/948 2172/1309/948 1244/1270/948
f 1354/1308/949 388/1307/949 1255/1310/949 2172/1309/949
f 1243/1266/950 2173/1305/950 1354/1308/950 378/1267/950
f 377/1263/951 1353/1304/951 2173/1305/951 1243/1266/951
f 1353/1304/952 387/1303/952 1254/1306/952 2173/1305/952
f 1242/1262/953 2174/1301/953 1353/1304/953 377/1263/953
f 376/1259/954 1352/1300/954 2174/1301/954 1242/1262/954
f 1352/1300/955 386/1299/955 1253/1302/955 2174/1301/955
f 1241/1258/956 2175/1297/956 1352/1300/956 376/1259/956
f 18/2541/957 651/2542/957 2175/1297/957 1241/1258/957
f 651/2542/958 17/2538/958 1252/1298/958 2175/1297/958
f 1239/1254/959 2176/1293/959 1351/1296/959 375/1255/959
f 374/1251/960 1350/1292/960 2176/1293/960 1239/1254/960
f 1350/1292/961 384/1291/961 1250/1294/961 2176/1293/961
f 1238/1250/962 2177/1289/962 1350/1292/962 374/1251/962
f 373/1247/963 1349/1288/963 2177/1289/963 1238/1250/963
f 1349/1288/964 383/1287/964 1249/1290/964 2177/1289/964
f 1237/1246/965 2178/1285/965 1349/1288/965 373/1247/965
f 372/1243/965 1348/1284/965 2178/1285/965 1237/1246/965
f 1348/1284/267 382/1283/267 1248/1286/267 2178/1285/267
f 1236/1242/966 2179/1281/966 1348/1284/966 372/1243/966
f 371/1239/967 1347/1280/967 2179/1281/967 1236/1242/967
f 1347/1280/968 381/1279/968 1247/1282/968 2179/1281/968
f 1235/1238/969 2180/1277/969 1347/1280/969 371/1239/969
f 370/1235/970 1346/1276/970 2180/1277/970 1235/1238/970
f 1346/1276/971 380/1275/971 1246/1278/971 2180/1277/971
f 1234/1234/972 2181/1273/972 1346/1276/972 370/1235/972
f 369/1231/973 1345/1272/973 2181/1273/973 1234/1234/973
f 1345/1272/974 379/1271/974 1245/1274/974 2181/1273/974
f 1233/1230/975 2182/1269/975 1345/1272/975 369/1231/975
f 368/1227/976 1344/1268/976 2182/1269/976 1233/1230/976
f 1344/1268/977 378/1267/977 1244/1270/977 2182/1269/977
f 1232/1226/978 2183/1265/978 1344/1268/978 368/1227/978
f 367/1223/979 1343/1264/979 2183/1265/979 1232/1226/979
f 1343/1264/980 377/1263/980 1243/1266/980 2183/1265/980
f 1231/1222/981 2184/1261/981 1343/1264/981 367/1223/981
f 366/1219/982 1342/1260/982 2184/1261/982 1231/1222/982
f 1342/1260/983 376/1259/983 1242/1262/983 2184/1261/983
f 1230/1218/984 2185/1257/984 1342/1260/984 366/1219/984
f 19/2543/985 652/2544/985 2185/1257/985 1230/1218/985
f 652/2544/986 18/2541/986 1241/1258/986 2185/1257/986
f 1228/1214/987 2186/1253/987 1341/1256/987 365/1215/987
f 364/1211/988 1340/1252/988 2186/1253/988 1228/1214/988
f 1340/1252/989 374/1251/989 1239/1254/989 2186/1253/989
f 1227/1210/990 2187/1249/990 1340/1252/990 364/1211/990
f 363/1207/991 1339/1248/991 2187/1249/991 1227/1210/991
f 1339/1248/992 373/1247/992 1238/1250/992 2187/1249/992
f 1226/1206/993 2188/1245/993 1339/1248/993 363/1207/993
f 362/1203/993 1338/1244/993 2188/1245/993 1226/1206/993
f 1338/1244/258 372/1243/258 1237/1246/258 2188/1245/258
f 1225/1202/994 2189/1241/994 1338/1244/994 362/1203/994
f 361/1199/995 1337/1240/995 2189/1241/995 1225/1202/995
f 1337/1240/996 371/1239/996 1236/1242/996 2189/1241/996
f 1224/1198/997 2190/1237/997 1337/1240/997 361/1199/997
f 360/1195/998 1336/1236/998 2190/1237/998 1224/1198/998
f 1336/1236/999 370/1235/999 1235/1238/999 2190/1237/999
f 1223/1194/1000 2191/1233/1000 1336/1236/1000 360/1195/1000
f 359/1191/1001 1335/1232/1001 2191/1233/1001 1223/1194/1001
f 1335/1232/1002 369/1231/1002 1234/1234/1002 2191/1233/1002
f 1222/1190/1003 2192/1229/1003 1335/1232/1003 359/1191/1003
f 358/1187/1004 1334/1228/1004 2192/1229/1004 1222/1190/1004
f 1334/1228/1005 368/1227/1005 1233/1230/1005 2192/1229/1005
f 1221/1186/1006 2193/1225/1006 1334/1228/1006 358/1187/1006
f 357/1183/1007 1333/1224/1007 2193/1225/1007 1221/1186/1007
f 1333/1224/1008 367/1223/1008 1232/1226/1008 2193/1225/1008
f 1220/1182/1009 2194/1221/1009 1333/1224/1009 357/1183/1009
f 356/1179/1010 1332/1220/1010 2194/1221/1010 1220/1182/1010
f 1332/1220/1011 366/1219/1011 1231/1222/1011 2194/1221/1011
f 1219/1178/1012 2195/1217/1012 1332/1220/1012 356/1179/1012
f 20/2545/1013 653/2546/1013 2195/1217/1013 1219/1178/1013
f 653/2546/1014 19/2543/1014 1230/1218/1014 2195/1217/1014
f 1217/1174/1015 2196/1213/1015 1331/1216/1015 355/1175/1015
f 354/1171/1016 1330/1212/1016 2196/1213/1016 1217/1174/1016
f 1330/1212/1017 364/1211/1017 1228/1214/1017 2196/1213/1017
f 1216/1170/1018 2197/1209/1018 1330/1212/1018 354/1171/1018
f 353/1167/1019 1329/1208/1019 2197/1209/1019 1216/1170/1019
f 1329/1208/248 363/1207/248 1227/1210/248 2197/1209/248
f 1215/1166/1019 2198/1205/1019 1329/1208/1019 353/1167/1019
f 352/1163/1019 1328/1204/1019 2198/1205/1019 1215/1166/1019
f 1328/1204/248 362/1203/248 1226/1206/248 2198/1205/248
f 1214/1162/1019 2199/1201/1019 1328/1204/1019 352/1163/1019
f 351/1159/1020 1327/1200/1020 2199/1201/1020 1214/1162/1020
f 1327/1200/1021 361/1199/1021 1225/1202/1021 2199/1201/1021
f 1213/1158/1022 2200/1197/1022 1327/1200/1022 351/1159/1022
f 350/1155/1023 1326/1196/1023 2200/1197/1023 1213/1158/1023
f 1326/1196/1024 360/1195/1024 1224/1198/1024 2200/1197/1024
f 1212/1154/1025 2201/1193/1025 1326/1196/1025 350/1155/1025
f 349/1151/1026 1325/1192/1026 2201/1193/1026 1212/1154/1026
f 1325/1192/1027 359/1191/1027 1223/1194/1027 2201/1193/1027
f 1211/1150/1028 2202/1189/1028 1325/1192/1028 349/1151/1028
f 348/1147/1029 1324/1188/1029 2202/1189/1029 1211/1150/1029
f 1324/1188/1030 358/1187/1030 1222/1190/1030 2202/1189/1030
f 1210/1146/1031 2203/1185/1031 1324/1188/1031 348/1147/1031
f 347/1143/1032 1323/1184/1032 2203/1185/1032 1210/1146/1032
f 1323/1184/1033 357/1183/1033 1221/1186/1033 2203/1185/1033
f 1209/1142/1034 2204/1181/1034 1323/1184/1034 347/1143/1034
f 346/1139/1035 1322/1180/1035 2204/1181/1035 1209/1142/1035
f 1322/1180/1036 356/1179/1036 1220/1182/1036 2204/1181/1036
f 1208/1138/1037 2205/1177/1037 1322/1180/1037 346/1139/1037
f 21/2547/1038 654/2548/1038 2205/1177/1038 1208/1138/1038
f 654/2548/1039 20/2545/1039 1219/1178/1039 2205/1177/1039
f 1206/1134/1040 2206/1173/1040 1321/1176/1040 345/1135/1040
f 344/1131/1041 1320/1172/1041 2206/1173/1041 1206/1134/1041
f 1320/1172/1042 354/1171/1042 1217/1174/1042 2206/1173/1042
f 1205/1130/1043 2207/1169/1043 1320/1172/1043 344/1131/1043
f 343/1127/1044 1319/1168/1044 2207/1169/1044 1205/1130/1044
f 1319/1168/239 353/1167/239 1216/1170/239 2207/1169/239
f 1204/1126/1044 2208/1165/1044 1319/1168/1044 343/1127/1044
f 342/1123/1044 1318/1164/1044 2208/1165/1044 1204/1126/1044
f 1318/1164/239 352/1163/239 1215/1166/239 2208/1165/239
f 1203/1122/1044 2209/1161/1044 1318/1164/1044 342/1123/1044
f 341/1119/1045 1317/1160/1045 2209/1161/1045 1203/1122/1045
f 1317/1160/1046 351/1159/1046 1214/1162/1046 2209/1161/1046
f 1202/1118/1047 2210/1157/1047 1317/1160/1047 341/1119/1047
f 340/1115/1048 1316/1156/1048 2210/1157/1048 1202/1118/1048
f 1316/1156/1049 350/1155/1049 1213/1158/1049 2210/1157/1049
f 1201/1114/1050 2211/1153/1050 1316/1156/1050 340/1115/1050
f 339/1111/1051 1315/1152/1051 2211/1153/1051 1201/1114/1051
f 1315/1152/1052 349/1151/1052 1212/1154/1052 2211/1153/1052
f 1200/1110/1053 2212/1149/1053 1315/1152/1053 339/1111/1053
f 338/1107/1054 1314/1148/1054 2212/1149/1054 1200/1110/1054
f 1314/1148/1055 348/1147/1055 1211/1150/1055 2212/1149/1055
f 1199/1106/1056 2213/1145/1056 1314/1148/1056 338/1107/1056
f 337/1103/1057 1313/1144/1057 2213/1145/1057 1199/1106/1057
f 1313/1144/1058 347/1143/1058 1210/1146/1058 2213/1145/1058
f 1198/1102/1059 2214/1141/1059 1313/1144/1059 337/1103/1059
f 336/1099/1060 1312/1140/1060 2214/1141/1060 1198/1102/1060
f 1312/1140/1061 346/1139/1061 1209/1142/1061 2214/1141/1061
f 1197/1098/1062 2215/1137/1062 1312/1140/1062 336/1099/1062
f 22/2549/1063 655/2550/1063 2215/1137/1063 1197/1098/1063
f 655/2550/1064 21/2547/1064 1208/1138/1064 2215/1137/1064
f 1195/1094/1065 2216/1133/1065 1311/1136/1065 335/1095/1065
f 334/1091/1066 1310/1132/1066 2216/1133/1066 1195/1094/1066
f 1310/1132/1067 344/1131/1067 1206/1134/1067 2216/1133/1067
f 1194/1090/1068 2217/1129/1068 1310/1132/1068 334/1091/1068
f 333/1087/1069 1309/1128/1069 2217/1129/1069 1194/1090/1069
f 1309/1128/230 343/1127/230 1205/1130/230 2217/1129/230
f 1193/1086/1069 2218/1125/1069 1309/1128/1069 333/1087/1069
f 332/1083/1069 1308/1124/1069 2218/1125/1069 1193/1086/1069
f 1308/1124/230 342/1123/230 1204/1126/230 2218/1125/230
f 1192/1082/1069 2219/1121/1069 1308/1124/1069 332/1083/1069
f 331/1079/1070 1307/1120/1070 2219/1121/1070 1192/1082/1070
f 1307/1120/1071 341/1119/1071 1203/1122/1071 2219/1121/1071
f 1191/1078/1072 2220/1117/1072 1307/1120/1072 331/1079/1072
f 330/1075/1073 1306/1116/1073 2220/1117/1073 1191/1078/1073
f 1306/1116/1074 340/1115/1074 1202/1118/1074 2220/1117/1074
f 1190/1074/1075 2221/1113/1075 1306/1116/1075 330/1075/1075
f 329/1071/1076 1305/1112/1076 2221/1113/1076 1190/1074/1076
f 1305/1112/1077 339/1111/1077 1201/1114/1077 2221/1113/1077
f 1189/1070/1078 2222/1109/1078 1305/1112/1078 329/1071/1078
f 328/1067/1079 1304/1108/1079 2222/1109/1079 1189/1070/1079
f 1304/1108/1080 338/1107/1080 1200/1110/1080 2222/1109/1080
f 1188/1066/1081 2223/1105/1081 1304/1108/1081 328/1067/1081
f 327/1063/1082 1303/1104/1082 2223/1105/1082 1188/1066/1082
f 1303/1104/1083 337/1103/1083 1199/1106/1083 2223/1105/1083
f 1187/1062/1084 2224/1101/1084 1303/1104/1084 327/1063/1084
f 326/1059/1085 1302/1100/1085 2224/1101/1085 1187/1062/1085
f 1302/1100/1086 336/1099/1086 1198/1102/1086 2224/1101/1086
f 1186/1058/1087 2225/1097/1087 1302/1100/1087 326/1059/1087
f 23/2551/1088 656/2552/1088 2225/1097/1088 1186/1058/1088
f 656/2552/1089 22/2549/1089 1197/1098/1089 2225/1097/1089
f 1184/1054/1090 2226/1093/1090 1301/1096/1090 325/1055/1090
f 324/1051/1091 1300/1092/1091 2226/1093/1091 1184/1054/1091
f 1300/1092/1092 334/1091/1092 1195/1094/1092 2226/1093/1092
f 1183/1050/1093 2227/1089/1093 1300/1092/1093 324/1051/1093
f 323/1047/1094 1299/1088/1094 2227/1089/1094 1183/1050/1094
f 1299/1088/1095 333/1087/1095 1194/1090/1095 2227/1089/1095
f 1182/1046/1096 2228/1085/1096 1299/1088/1096 323/1047/1096
f 322/1043/1096 1298/1084/1096 2228/1085/1096 1182/1046/1096
f 1298/1084/221 332/1083/221 1193/1086/221 2228/1085/221
f 1181/1042/1097 2229/1081/1097 1298/1084/1097 322/1043/1097
f 321/1039/1098 1297/1080/1098 2229/1081/1098 1181/1042/1098
f 1297/1080/1099 331/1079/1099 1192/1082/1099 2229/1081/1099
f 1180/1038/1100 2230/1077/1100 1297/1080/1100 321/1039/1100
f 320/1035/1101 1296/1076/1101 2230/1077/1101 1180/1038/1101
f 1296/1076/1102 330/1075/1102 1191/1078/1102 2230/1077/1102
f 1179/1034/1103 2231/1073/1103 1296/1076/1103 320/1035/1103
f 319/1031/1104 1295/1072/1104 2231/1073/1104 1179/1034/1104
f 1295/1072/1105 329/1071/1105 1190/1074/1105 2231/1073/1105
f 1178/1030/1106 2232/1069/1106 1295/1072/1106 319/1031/1106
f 318/1027/1107 1294/1068/1107 2232/1069/1107 1178/1030/1107
f 1294/1068/1108 328/1067/1108 1189/1070/1108 2232/1069/1108
f 1177/1026/1109 2233/1065/1109 1294/1068/1109 318/1027/1109
f 317/1023/1110 1293/1064/1110 2233/1065/1110 1177/1026/1110
f 1293/1064/1111 327/1063/1111 1188/1066/1111 2233/1065/1111
f 1176/1022/1112 2234/1061/1112 1293/1064/1112 317/1023/1112
f 316/1019/1113 1292/1060/1113 2234/1061/1113 1176/1022/1113
f 1292/1060/1114 326/1059/1114 1187/1062/1114 2234/1061/1114
f 1175/1018/1115 2235/1057/1115 1292/1060/1115 316/1019/1115
f 24/2553/1116 657/2554/1116 2235/1057/1116 1175/1018/1116
f 657/2554/1117 23/2551/1117 1186/1058/1117 2235/1057/1117
f 1173/1014/903 2236/1053/903 1291/1056/903 315/1015/903
f 314/1011/904 1290/1052/904 2236/1053/904 1173/1014/904
f 1290/1052/905 324/1051/905 1184/1054/905 2236/1053/905
f 1172/1010/1118 2237/1049/1118 1290/1052/1118 314/1011/1118
f 313/1007/1119 1289/1048/1119 2237/1049/1119 1172/1010/1119
f 1289/1048/1120 323/1047/1120 1183/1050/1120 2237/1049/1120
f 1171/1006/1121 2238/1045/1121 1289/1048/1121 313/1007/1121
f 312/1003/1121 1288/1044/1121 2238/1045/1121 1171/1006/1121
f 1288/1044/211 322/1043/211 1182/1046/211 2238/1045/211
f 1170/1002/1122 2239/1041/1122 1288/1044/1122 312/1003/1122
f 311/999/1123 1287/1040/1123 2239/1041/1123 1170/1002/1123
f 1287/1040/1124 321/1039/1124 1181/1042/1124 2239/1041/1124
f 1169/998/913 2240/1037/913 1287/1040/913 311/999/913
f 310/995/914 1286/1036/914 2240/1037/914 1169/998/914
f 1286/1036/915 320/1035/915 1180/1038/915 2240/1037/915
f 1168/994/1125 2241/1033/1125 1286/1036/1125 310/995/1125
f 309/991/1126 1285/1032/1126 2241/1033/1126 1168/994/1126
f 1285/1032/1127 319/1031/1127 1179/1034/1127 2241/1033/1127
f 1167/990/1128 2242/1029/1128 1285/1032/1128 309/991/1128
f 308/987/1129 1284/1028/1129 2242/1029/1129 1167/990/1129
f 1284/1028/1130 318/1027/1130 1178/1030/1130 2242/1029/1130
f 1166/986/1131 2243/1025/1131 1284/1028/1131 308/987/1131
f 307/983/1132 1283/1024/1132 2243/1025/1132 1166/986/1132
f 1283/1024/1133 317/1023/1133 1177/1026/1133 2243/1025/1133
f 1165/982/1134 2244/1021/1134 1283/1024/1134 307/983/1134
f 306/979/1135 1282/1020/1135 2244/1021/1135 1165/982/1135
f 1282/1020/1136 316/1019/1136 1176/1022/1136 2244/1021/1136
f 1164/978/1137 2245/1017/1137 1282/1020/1137 306/979/1137
f 25/2555/1138 658/2556/1138 2245/1017/1138 1164/978/1138
f 658/2556/1139 24/2553/1139 1175/1018/1139 2245/1017/1139
f 1162/974/931 2246/1013/931 1281/1016/931 305/975/931
f 304/971/932 1280/1012/932 2246/1013/932 1162/974/932
f 1280/1012/933 314/1011/933 1173/1014/933 2246/1013/933
f 1161/970/1140 2247/1009/1140 1280/1012/1140 304/971/1140
f 303/967/1141 1279/1008/1141 2247/1009/1141 1161/970/1141
f 1279/1008/1142 313/1007/1142 1172/1010/1142 2247/1009/1142
f 1160/966/1143 2248/1005/1143 1279/1008/1143 303/967/1143
f 302/963/1143 1278/1004/1143 2248/1005/1143 1160/966/1143
f 1278/1004/201 312/1003/201 1171/1006/201 2248/1005/201
f 1159/962/1144 2249/1001/1144 1278/1004/1144 302/963/1144
f 301/959/1145 1277/1000/1145 2249/1001/1145 1159/962/1145
f 1277/1000/1146 311/999/1146 1170/1002/1146 2249/1001/1146
f 1158/958/941 2250/997/941 1277/1000/941 301/959/941
f 300/955/942 1276/996/942 2250/997/942 1158/958/942
f 1276/996/943 310/995/943 1169/998/943 2250/997/943
f 1157/954/1147 2251/993/1147 1276/996/1147 300/955/1147
f 299/951/1148 1275/992/1148 2251/993/1148 1157/954/1148
f 1275/992/1149 309/991/1149 1168/994/1149 2251/993/1149
f 1156/950/1150 2252/989/1150 1275/992/1150 299/951/1150
f 298/947/1151 1274/988/1151 2252/989/1151 1156/950/1151
f 1274/988/1152 308/987/1152 1167/990/1152 2252/989/1152
f 1155/946/1153 2253/985/1153 1274/988/1153 298/947/1153
f 297/943/1154 1273/984/1154 2253/985/1154 1155/946/1154
f 1273/984/1155 307/983/1155 1166/986/1155 2253/985/1155
f 1154/942/1156 2254/981/1156 1273/984/1156 297/943/1156
f 296/939/1157 1272/980/1157 2254/981/1157 1154/942/1157
f 1272/980/1158 306/979/1158 1165/982/1158 2254/981/1158
f 1153/938/1159 2255/977/1159 1272/980/1159 296/939/1159
f 26/2557/1160 659/2558/1160 2255/977/1160 1153/938/1160
f 659/2558/1161 25/2555/1161 1164/978/1161 2255/977/1161
f 649/2559/959 2256/973/959 1271/976/959 16/2560/959
f 15/2561/960 1270/972/960 2256/973/960 649/2559/960
f 1270/972/961 304/971/961 1162/974/961 2256/973/961
f 648/2562/1162 2257/969/1162 1270/972/1162 15/2561/1162
f 14/2563/1163 1269/968/1163 2257/969/1163 648/2562/1163
f 1269/968/1164 303/967/1164 1161/970/1164 2257/969/1164
f 647/2564/1165 2258/965/1165 1269/968/1165 14/2563/1165
f 13/2565/1165 1268/964/1165 2258/965/1165 647/2564/1165
f 1268/964/191 302/963/191 1160/966/191 2258/965/191
f 646/2566/1166 2259/961/1166 1268/964/1166 13/2565/1166
f 12/2567/1167 1267/960/1167 2259/961/1167 646/2566/1167
f 1267/960/1168 301/959/1168 1159/962/1168 2259/961/1168
f 645/2568/969 2260/957/969 1267/960/969 12/2567/969
f 11/2569/970 1266/956/970 2260/957/970 645/2568/970
f 1266/956/971 300/955/971 1158/958/971 2260/957/971
f 644/2570/1169 2261/953/1169 1266/956/1169 11/2569/1169
f 10/2571/1170 1265/952/1170 2261/953/1170 644/2570/1170
f 1265/952/1171 299/951/1171 1157/954/1171 2261/953/1171
f 643/2572/1172 2262/949/1172 1265/952/1172 10/2571/1172
f 9/2573/1173 1264/948/1173 2262/949/1173 643/2572/1173
f 1264/948/1174 298/947/1174 1156/950/1174 2262/949/1174
f 642/2574/1175 2263/945/1175 1264/948/1175 9/2573/1175
f 8/2575/1176 1263/944/1176 2263/945/1176 642/2574/1176
f 1263/944/1177 297/943/1177 1155/946/1177 2263/945/1177
f 641/2576/1178 2264/941/1178 1263/944/1178 8/2575/1178
f 7/2577/1179 1262/940/1179 2264/941/1179 641/2576/1179
f 1262/940/1180 296/939/1180 1154/942/1180 2264/941/1180
f 640/2578/1181 2265/937/1181 1262/940/1181 7/2577/1181
f 5/2579/1182 632/2580/1182 2265/937/1182 640/2578/1182
f 632/2580/1183 26/2557/1183 1153/938/1183 2265/937/1183
f 1240/930/2 2266/933/2 710/936/2 75/931/2
f 385/1295/1184 1361/1336/1184 2266/933/1184 1240/930/1184
f 1361/1336/1185 395/1335/1185 1251/934/1185 2266/933/1185
f 1229/926/2 2267/929/2 709/932/2 74/927/2
f 375/1255/1186 1351/1296/1186 2267/929/1186 1229/926/1186
f 1351/1296/1187 385/1295/1187 1240/930/1187 2267/929/1187
f 1218/922/2 2268/925/2 708/928/2 73/923/2
f 365/1215/1188 1341/1256/1188 2268/925/1188 1218/922/1188
f 1341/1256/1189 375/1255/1189 1229/926/1189 2268/925/1189
f 1207/918/2 2269/921/2 707/924/2 72/919/2
f 355/1175/1190 1331/1216/1190 2269/921/1190 1207/918/1190
f 1331/1216/1191 365/1215/1191 1218/922/1191 2269/921/1191
f 1196/914/2 2270/917/2 706/920/2 71/915/2
f 345/1135/2 1321/1176/2 2270/917/2 1196/914/2
f 1321/1176/2 355/1175/2 1207/918/2 2270/917/2
f 1185/910/2 2271/913/2 705/916/2 70/911/2
f 335/1095/1192 1311/1136/1192 2271/913/1192 1185/910/1192
f 1311/1136/1193 345/1135/1193 1196/914/1193 2271/913/1193
f 1174/906/2 2272/909/2 704/912/2 69/907/2
f 325/1055/1194 1301/1096/1194 2272/909/1194 1174/906/1194
f 1301/1096/1195 335/1095/1195 1185/910/1195 2272/909/1195
f 1163/902/2 2273/905/2 703/908/2 68/903/2
f 315/1015/1196 1291/1056/1196 2273/905/1196 1163/902/1196
f 1291/1056/1197 325/1055/1197 1174/906/1197 2273/905/1197
f 1152/898/2 2274/901/2 702/904/2 67/899/2
f 305/975/1184 1281/1016/1184 2274/901/1184 1152/898/1184
f 1281/1016/1185 315/1015/1185 1163/902/1185 2274/901/1185
f 631/2581/2 2275/897/2 701/900/2 6/2582/2
f 16/2560/1186 1271/976/1186 2275/897/1186 631/2581/1186
f 1271/976/1187 305/975/1187 1152/898/1187 2275/897/1187
f 1050/862/124 2276/893/124 1151/896/124 295/863/124
f 294/859/124 1150/892/124 2276/893/124 1050/862/124
f 1150/892/124 65/891/124 700/894/124 2276/893/124
f 1049/858/124 2277/889/124 1150/892/124 294/859/124
f 293/855/124 1149/888/124 2277/889/124 1049/858/124
f 1149/888/124 64/887/124 699/890/124 2277/889/124
f 1048/854/124 2278/885/124 1149/888/124 293/855/124
f 292/851/124 1148/884/124 2278/885/124 1048/854/124
f 1148/884/124 63/883/124 698/886/124 2278/885/124
f 1047/850/1198 2279/881/1198 1148/884/1198 292/851/1198
f 291/847/1199 1147/880/1199 2279/881/1199 1047/850/1199
f 1147/880/1200 62/879/1200 697/882/1200 2279/881/1200
f 1046/846/1201 2280/877/1201 1147/880/1201 291/847/1201
f 290/843/1202 1146/876/1202 2280/877/1202 1046/846/1202
f 1146/876/1203 61/875/1203 696/878/1203 2280/877/1203
f 1045/842/1204 2281/873/1204 1146/876/1204 290/843/1204
f 289/839/1205 1145/872/1205 2281/873/1205 1045/842/1205
f 1145/872/1206 60/871/1206 695/874/1206 2281/873/1206
f 1044/838/1207 2282/869/1207 1145/872/1207 289/839/1207
f 288/835/1208 1144/868/1208 2282/869/1208 1044/838/1208
f 1144/868/1209 59/867/1209 694/870/1209 2282/869/1209
f 1043/834/1210 2283/865/1210 1144/868/1210 288/835/1210
f 27/51/1211 660/12/1211 2283/865/1211 1043/834/1211
f 660/12/1212 1/11/1212 693/866/1212 2283/865/1212
f 1042/830/1213 2284/2583/1213 1143/2584/1213 287/831/1213
f 286/827/1214 1142/864/1214 2284/2583/1214 1042/830/1214
f 1142/864/124 295/863/124 1051/2585/124 2284/2583/124
f 1041/826/1214 2285/861/1214 1142/864/1214 286/827/1214
f 285/823/1215 1141/860/1215 2285/861/1215 1041/826/1215
f 1141/860/124 294/859/124 1050/862/124 2285/861/124
f 1040/822/124 2286/857/124 1141/860/124 285/823/124
f 284/819/124 1140/856/124 2286/857/124 1040/822/124
f 1140/856/124 293/855/124 1049/858/124 2286/857/124
f 1039/818/124 2287/853/124 1140/856/124 284/819/124
f 283/815/124 1139/852/124 2287/853/124 1039/818/124
f 1139/852/124 292/851/124 1048/854/124 2287/853/124
f 1038/814/1216 2288/849/1216 1139/852/1216 283/815/1216
f 282/811/1217 1138/848/1217 2288/849/1217 1038/814/1217
f 1138/848/1218 291/847/1218 1047/850/1218 2288/849/1218
f 1037/810/1219 2289/845/1219 1138/848/1219 282/811/1219
f 281/807/1220 1137/844/1220 2289/845/1220 1037/810/1220
f 1137/844/1221 290/843/1221 1046/846/1221 2289/845/1221
f 1036/806/1222 2290/841/1222 1137/844/1222 281/807/1222
f 280/803/1223 1136/840/1223 2290/841/1223 1036/806/1223
f 1136/840/1224 289/839/1224 1045/842/1224 2290/841/1224
f 1035/802/1225 2291/837/1225 1136/840/1225 280/803/1225
f 279/799/1226 1135/836/1226 2291/837/1226 1035/802/1226
f 1135/836/1227 288/835/1227 1044/838/1227 2291/837/1227
f 1034/798/1228 2292/833/1228 1135/836/1228 279/799/1228
f 28/47/1229 661/52/1229 2292/833/1229 1034/798/1229
f 661/52/1230 27/51/1230 1043/834/1230 2292/833/1230
f 1033/794/1231 2293/829/1231 1134/832/1231 278/795/1231
f 277/791/1232 1133/828/1232 2293/829/1232 1033/794/1232
f 1133/828/172 286/827/172 1042/830/172 2293/829/172
f 1032/790/1232 2294/825/1232 1133/828/1232 277/791/1232
f 276/787/1233 1132/824/1233 2294/825/1233 1032/790/1233
f 1132/824/1234 285/823/1234 1041/826/1234 2294/825/1234
f 1031/786/124 2295/821/124 1132/824/124 276/787/124
f 275/783/124 1131/820/124 2295/821/124 1031/786/124
f 1131/820/124 284/819/124 1040/822/124 2295/821/124
f 1030/782/124 2296/817/124 1131/820/124 275/783/124
f 274/779/124 1130/816/124 2296/817/124 1030/782/124
f 1130/816/124 283/815/124 1039/818/124 2296/817/124
f 1029/778/1235 2297/813/1235 1130/816/1235 274/779/1235
f 273/775/1236 1129/812/1236 2297/813/1236 1029/778/1236
f 1129/812/1237 282/811/1237 1038/814/1237 2297/813/1237
f 1028/774/1238 2298/809/1238 1129/812/1238 273/775/1238
f 272/771/1239 1128/808/1239 2298/809/1239 1028/774/1239
f 1128/808/1240 281/807/1240 1037/810/1240 2298/809/1240
f 1027/770/1241 2299/805/1241 1128/808/1241 272/771/1241
f 271/767/1242 1127/804/1242 2299/805/1242 1027/770/1242
f 1127/804/1243 280/803/1243 1036/806/1243 2299/805/1243
f 1026/766/1244 2300/801/1244 1127/804/1244 271/767/1244
f 270/763/1245 1126/800/1245 2300/801/1245 1026/766/1245
f 1126/800/1246 279/799/1246 1035/802/1246 2300/801/1246
f 1025/762/1247 2301/797/1247 1126/800/1247 270/763/1247
f 29/43/1248 662/48/1248 2301/797/1248 1025/762/1248
f 662/48/1249 28/47/1249 1034/798/1249 2301/797/1249
f 1024/758/124 2302/793/124 1125/796/124 269/759/124
f 268/755/124 1124/792/124 2302/793/124 1024/758/124
f 1124/792/165 277/791/165 1033/794/165 2302/793/165
f 1023/754/124 2303/789/124 1124/792/124 268/755/124
f 267/751/124 1123/788/124 2303/789/124 1023/754/124
f 1123/788/1250 276/787/1250 1032/790/1250 2303/789/1250
f 1022/750/124 2304/785/124 1123/788/124 267/751/124
f 266/747/124 1122/784/124 2304/785/124 1022/750/124
f 1122/784/124 275/783/124 1031/786/124 2304/785/124
f 1021/746/124 2305/781/124 1122/784/124 266/747/124
f 265/743/124 1121/780/124 2305/781/124 1021/746/124
f 1121/780/124 274/779/124 1030/782/124 2305/781/124
f 1020/742/1251 2306/777/1251 1121/780/1251 265/743/1251
f 264/739/1252 1120/776/1252 2306/777/1252 1020/742/1252
f 1120/776/1253 273/775/1253 1029/778/1253 2306/777/1253
f 1019/738/1254 2307/773/1254 1120/776/1254 264/739/1254
f 263/735/1255 1119/772/1255 2307/773/1255 1019/738/1255
f 1119/772/1256 272/771/1256 1028/774/1256 2307/773/1256
f 1018/734/1257 2308/769/1257 1119/772/1257 263/735/1257
f 262/731/1258 1118/768/1258 2308/769/1258 1018/734/1258
f 1118/768/1259 271/767/1259 1027/770/1259 2308/769/1259
f 1017/730/1260 2309/765/1260 1118/768/1260 262/731/1260
f 261/727/1261 1117/764/1261 2309/765/1261 1017/730/1261
f 1117/764/1262 270/763/1262 1026/766/1262 2309/765/1262
f 1016/726/1263 2310/761/1263 1117/764/1263 261/727/1263
f 30/39/1264 663/44/1264 2310/761/1264 1016/726/1264
f 663/44/1265 29/43/1265 1025/762/1265 2310/761/1265
f 1015/722/124 2311/757/124 1116/760/124 260/723/124
f 259/719/124 1115/756/124 2311/757/124 1015/722/124
f 1115/756/124 268/755/124 1024/758/124 2311/757/124
f 1014/718/124 2312/753/124 1115/756/124 259/719/124
f 258/715/124 1114/752/124 2312/753/124 1014/718/124
f 1114/752/124 267/751/124 1023/754/124 2312/753/124
f 1013/714/124 2313/749/124 1114/752/124 258/715/124
f 257/711/124 1113/748/124 2313/749/124 1013/714/124
f 1113/748/124 266/747/124 1022/750/124 2313/749/124
f 1012/710/124 2314/745/124 1113/748/124 257/711/124
f 256/707/124 1112/744/124 2314/745/124 1012/710/124
f 1112/744/124 265/743/124 1021/746/124 2314/745/124
f 1011/706/1266 2315/741/1266 1112/744/1266 256/707/1266
f 255/703/1267 1111/740/1267 2315/741/1267 1011/706/1267
f 1111/740/1268 264/739/1268 1020/742/1268 2315/741/1268
f 1010/702/1269 2316/737/1269 1111/740/1269 255/703/1269
f 254/699/1270 1110/736/1270 2316/737/1270 1010/702/1270
f 1110/736/1271 263/735/1271 1019/738/1271 2316/737/1271
f 1009/698/1272 2317/733/1272 1110/736/1272 254/699/1272
f 253/695/1273 1109/732/1273 2317/733/1273 1009/698/1273
f 1109/732/1274 262/731/1274 1018/734/1274 2317/733/1274
f 1008/694/1275 2318/729/1275 1109/732/1275 253/695/1275
f 252/691/1276 1108/728/1276 2318/729/1276 1008/694/1276
f 1108/728/1277 261/727/1277 1017/730/1277 2318/729/1277
f 1007/690/1278 2319/725/1278 1108/728/1278 252/691/1278
f 31/35/1279 664/40/1279 2319/725/1279 1007/690/1279
f 664/40/1280 30/39/1280 1016/726/1280 2319/725/1280
f 1006/686/124 2320/721/124 1107/724/124 251/687/124
f 250/683/124 1106/720/124 2320/721/124 1006/686/124
f 1106/720/124 259/719/124 1015/722/124 2320/721/124
f 1005/682/124 2321/717/124 1106/720/124 250/683/124
f 249/679/124 1105/716/124 2321/717/124 1005/682/124
f 1105/716/124 258/715/124 1014/718/124 2321/717/124
f 1004/678/124 2322/713/124 1105/716/124 249/679/124
f 248/675/124 1104/712/124 2322/713/124 1004/678/124
f 1104/712/124 257/711/124 1013/714/124 2322/713/124
f 1003/674/124 2323/709/124 1104/712/124 248/675/124
f 247/671/124 1103/708/124 2323/709/124 1003/674/124
f 1103/708/124 256/707/124 1012/710/124 2323/709/124
f 1002/670/1281 2324/705/1281 1103/708/1281 247/671/1281
f 246/667/1282 1102/704/1282 2324/705/1282 1002/670/1282
f 1102/704/1283 255/703/1283 1011/706/1283 2324/705/1283
f 1001/666/1284 2325/701/1284 1102/704/1284 246/667/1284
f 245/663/1285 1101/700/1285 2325/701/1285 1001/666/1285
f 1101/700/1286 254/699/1286 1010/702/1286 2325/701/1286
f 1000/662/1287 2326/697/1287 1101/700/1287 245/663/1287
f 244/659/1288 1100/696/1288 2326/697/1288 1000/662/1288
f 1100/696/1289 253/695/1289 1009/698/1289 2326/697/1289
f 999/658/1290 2327/693/1290 1100/696/1290 244/659/1290
f 243/655/1291 1099/692/1291 2327/693/1291 999/658/1291
f 1099/692/1292 252/691/1292 1008/694/1292 2327/693/1292
f 998/654/1293 2328/689/1293 1099/692/1293 243/655/1293
f 32/31/1294 665/36/1294 2328/689/1294 998/654/1294
f 665/36/1295 31/35/1295 1007/690/1295 2328/689/1295
f 997/650/124 2329/685/124 1098/688/124 242/651/124
f 241/647/124 1097/684/124 2329/685/124 997/650/124
f 1097/684/124 250/683/124 1006/686/124 2329/685/124
f 996/646/124 2330/681/124 1097/684/124 241/647/124
f 240/643/124 1096/680/124 2330/681/124 996/646/124
f 1096/680/124 249/679/124 1005/682/124 2330/681/124
f 995/642/124 2331/677/124 1096/680/124 240/643/124
f 239/639/124 1095/676/124 2331/677/124 995/642/124
f 1095/676/124 248/675/124 1004/678/124 2331/677/124
f 994/638/124 2332/673/124 1095/676/124 239/639/124
f 238/635/124 1094/672/124 2332/673/124 994/638/124
f 1094/672/124 247/671/124 1003/674/124 2332/673/124
f 993/634/1296 2333/669/1296 1094/672/1296 238/635/1296
f 237/631/1297 1093/668/1297 2333/669/1297 993/634/1297
f 1093/668/1298 246/667/1298 1002/670/1298 2333/669/1298
f 992/630/1299 2334/665/1299 1093/668/1299 237/631/1299
f 236/627/1300 1092/664/1300 2334/665/1300 992/630/1300
f 1092/664/1301 245/663/1301 1001/666/1301 2334/665/1301
f 991/626/1302 2335/661/1302 1092/664/1302 236/627/1302
f 235/623/1303 1091/660/1303 2335/661/1303 991/626/1303
f 1091/660/1304 244/659/1304 1000/662/1304 2335/661/1304
f 990/622/1305 2336/657/1305 1091/660/1305 235/623/1305
f 234/619/1306 1090/656/1306 2336/657/1306 990/622/1306
f 1090/656/1307 243/655/1307 999/658/1307 2336/657/1307
f 989/618/1308 2337/653/1308 1090/656/1308 234/619/1308
f 33/27/1309 666/32/1309 2337/653/1309 989/618/1309
f 666/32/1310 32/31/1310 998/654/1310 2337/653/1310
f 988/614/124 2338/649/124 1089/652/124 233/615/124
f 232/611/124 1088/648/124 2338/649/124 988/614/124
f 1088/648/124 241/647/124 997/650/124 2338/649/124
f 987/610/124 2339/645/124 1088/648/124 232/611/124
f 231/607/124 1087/644/124 2339/645/124 987/610/124
f 1087/644/124 240/643/124 996/646/124 2339/645/124
f 986/606/124 2340/641/124 1087/644/124 231/607/124
f 230/603/124 1086/640/124 2340/641/124 986/606/124
f 1086/640/124 239/639/124 995/642/124 2340/641/124
f 985/602/124 2341/637/124 1086/640/124 230/603/124
f 229/599/124 1085/636/124 2341/637/124 985/602/124
f 1085/636/124 238/635/124 994/638/124 2341/637/124
f 984/598/1311 2342/633/1311 1085/636/1311 229/599/1311
f 228/595/1312 1084/632/1312 2342/633/1312 984/598/1312
f 1084/632/1313 237/631/1313 993/634/1313 2342/633/1313
f 983/594/1314 2343/629/1314 1084/632/1314 228/595/1314
f 227/591/1315 1083/628/1315 2343/629/1315 983/594/1315
f 1083/628/1316 236/627/1316 992/630/1316 2343/629/1316
f 982/590/1317 2344/625/1317 1083/628/1317 227/591/1317
f 226/587/1318 1082/624/1318 2344/625/1318 982/590/1318
f 1082/624/1319 235/623/1319 991/626/1319 2344/625/1319
f 981/586/1320 2345/621/1320 1082/624/1320 226/587/1320
f 225/583/1321 1081/620/1321 2345/621/1321 981/586/1321
f 1081/620/1322 234/619/1322 990/622/1322 2345/621/1322
f 980/582/1323 2346/617/1323 1081/620/1323 225/583/1323
f 34/23/1324 667/28/1324 2346/617/1324 980/582/1324
f 667/28/1325 33/27/1325 989/618/1325 2346/617/1325
f 978/578/124 2347/613/124 1080/616/124 223/579/124
f 222/575/124 1079/612/124 2347/613/124 978/578/124
f 1079/612/124 232/611/124 988/614/124 2347/613/124
f 977/574/124 2348/609/124 1079/612/124 222/575/124
f 221/571/124 1078/608/124 2348/609/124 977/574/124
f 1078/608/124 231/607/124 987/610/124 2348/609/124
f 976/570/124 2349/605/124 1078/608/124 221/571/124
f 220/567/124 1077/604/124 2349/605/124 976/570/124
f 1077/604/124 230/603/124 986/606/124 2349/605/124
f 975/566/124 2350/601/124 1077/604/124 220/567/124
f 219/563/124 1076/600/124 2350/601/124 975/566/124
f 1076/600/124 229/599/124 985/602/124 2350/601/124
f 974/562/1326 2351/597/1326 1076/600/1326 219/563/1326
f 218/559/1327 1075/596/1327 2351/597/1327 974/562/1327
f 1075/596/1328 228/595/1328 984/598/1328 2351/597/1328
f 973/558/1329 2352/593/1329 1075/596/1329 218/559/1329
f 217/555/1330 1074/592/1330 2352/593/1330 973/558/1330
f 1074/592/1331 227/591/1331 983/594/1331 2352/593/1331
f 972/554/1332 2353/589/1332 1074/592/1332 217/555/1332
f 216/551/1333 1073/588/1333 2353/589/1333 972/554/1333
f 1073/588/1334 226/587/1334 982/590/1334 2353/589/1334
f 971/550/1335 2354/585/1335 1073/588/1335 216/551/1335
f 215/547/1336 1072/584/1336 2354/585/1336 971/550/1336
f 1072/584/1337 225/583/1337 981/586/1337 2354/585/1337
f 970/546/1338 2355/581/1338 1072/584/1338 215/547/1338
f 35/19/1339 668/24/1339 2355/581/1339 970/546/1339
f 668/24/1340 34/23/1340 980/582/1340 2355/581/1340
f 968/542/124 2356/2586/124 1071/2587/124 214/543/124
f 213/539/124 1070/580/124 2356/2586/124 968/542/124
f 967/538/124 2357/577/124 1070/580/124 213/539/124
f 212/535/124 1069/576/124 2357/577/124 967/538/124
f 1069/576/124 222/575/124 978/578/124 2357/577/124
f 966/534/124 2358/573/124 1069/576/124 212/535/124
f 211/531/124 1068/572/124 2358/573/124 966/534/124
f 1068/572/124 221/571/124 977/574/124 2358/573/124
f 965/530/124 2359/569/124 1068/572/124 211/531/124
f 210/527/124 1067/568/124 2359/569/124 965/530/124
f 1067/568/124 220/567/124 976/570/124 2359/569/124
f 964/526/124 2360/565/124 1067/568/124 210/527/124
f 209/523/124 1066/564/124 2360/565/124 964/526/124
f 1066/564/124 219/563/124 975/566/124 2360/565/124
f 963/522/1341 2361/561/1341 1066/564/1341 209/523/1341
f 208/519/1342 1065/560/1342 2361/561/1342 963/522/1342
f 1065/560/1343 218/559/1343 974/562/1343 2361/561/1343
f 962/518/1344 2362/557/1344 1065/560/1344 208/519/1344
f 207/515/1345 1064/556/1345 2362/557/1345 962/518/1345
f 1064/556/1346 217/555/1346 973/558/1346 2362/557/1346
f 961/514/1347 2363/553/1347 1064/556/1347 207/515/1347
f 206/511/1348 1063/552/1348 2363/553/1348 961/514/1348
f 1063/552/1349 216/551/1349 972/554/1349 2363/553/1349
f 960/510/1350 2364/549/1350 1063/552/1350 206/511/1350
f 205/507/1351 1062/548/1351 2364/549/1351 960/510/1351
f 1062/548/1352 215/547/1352 971/550/1352 2364/549/1352
f 959/506/1353 2365/545/1353 1062/548/1353 205/507/1353
f 36/15/1354 669/20/1354 2365/545/1354 959/506/1354
f 669/20/1355 35/19/1355 970/546/1355 2365/545/1355
f 729/1374/124 2366/541/124 1061/544/124 95/1375/124
f 96/1371/124 1060/540/124 2366/541/124 729/1374/124
f 1060/540/124 213/539/124 968/542/124 2366/541/124
f 730/1370/124 2367/537/124 1060/540/124 96/1371/124
f 97/1367/124 1059/536/124 2367/537/124 730/1370/124
f 1059/536/124 212/535/124 967/538/124 2367/537/124
f 731/1366/124 2368/533/124 1059/536/124 97/1367/124
f 98/1363/124 1058/532/124 2368/533/124 731/1366/124
f 1058/532/124 211/531/124 966/534/124 2368/533/124
f 732/1362/124 2369/529/124 1058/532/124 98/1363/124
f 99/1359/124 1057/528/124 2369/529/124 732/1362/124
f 1057/528/124 210/527/124 965/530/124 2369/529/124
f 733/1358/124 2370/525/124 1057/528/124 99/1359/124
f 100/1355/124 1056/524/124 2370/525/124 733/1358/124
f 1056/524/124 209/523/124 964/526/124 2370/525/124
f 734/1354/1356 2371/521/1356 1056/524/1356 100/1355/1356
f 101/1351/1357 1055/520/1357 2371/521/1357 734/1354/1357
f 1055/520/1358 208/519/1358 963/522/1358 2371/521/1358
f 735/1350/1359 2372/517/1359 1055/520/1359 101/1351/1359
f 102/1347/1360 1054/516/1360 2372/517/1360 735/1350/1360
f 1054/516/1361 207/515/1361 962/518/1361 2372/517/1361
f 736/1346/1362 2373/513/1362 1054/516/1362 102/1347/1362
f 103/1343/1363 1053/512/1363 2373/513/1363 736/1346/1363
f 1053/512/1364 206/511/1364 961/514/1364 2373/513/1364
f 737/1342/1365 2374/509/1365 1053/512/1365 103/1343/1365
f 104/1339/1366 1052/508/1366 2374/509/1366 737/1342/1366
f 1052/508/1367 205/507/1367 960/510/1367 2374/509/1367
f 639/1338/1368 2375/505/1368 1052/508/1368 104/1339/1368
f 2/2540/1369 633/16/1369 2375/505/1369 639/1338/1369
f 633/16/1370 36/15/1370 959/506/1370 2375/505/1370
f 979/502/124 2376/2588/124 680/2460/124 46/503/124
f 969/498/124 2377/501/124 681/504/124 47/499/124
f 958/494/124 2378/497/124 682/500/124 48/495/124
f 214/543/124 1071/2587/124 2378/497/124 958/494/124
f 1071/2587/124 224/2589/124 969/498/124 2378/497/124
f 728/6/124 2379/493/124 634/496/124 3/7/124
f 95/1375/124 1061/544/124 2379/493/124 728/6/124
f 1061/544/124 214/543/124 958/494/124 2379/493/124
f 847/450/1371 2380/489/1371 957/492/1371 204/451/1371
f 203/447/1372 956/488/1372 2380/489/1372 847/450/1372
f 956/488/1373 93/487/1373 727/490/1373 2380/489/1373
f 846/446/1374 2381/485/1374 956/488/1374 203/447/1374
f 202/443/1375 955/484/1375 2381/485/1375 846/446/1375
f 955/484/1376 92/483/1376 726/486/1376 2381/485/1376
f 845/442/1377 2382/481/1377 955/484/1377 202/443/1377
f 201/439/1378 954/480/1378 2382/481/1378 845/442/1378
f 954/480/1379 91/479/1379 725/482/1379 2382/481/1379
f 844/438/1380 2383/477/1380 954/480/1380 201/439/1380
f 200/435/1381 953/476/1381 2383/477/1381 844/438/1381
f 953/476/1382 90/475/1382 724/478/1382 2383/477/1382
f 843/434/1383 2384/473/1383 953/476/1383 200/435/1383
f 199/431/1384 952/472/1384 2384/473/1384 843/434/1384
f 952/472/1385 89/471/1385 723/474/1385 2384/473/1385
f 842/430/1386 2385/469/1386 952/472/1386 199/431/1386
f 198/427/1387 951/468/1387 2385/469/1387 842/430/1387
f 951/468/1388 88/467/1388 722/470/1388 2385/469/1388
f 841/426/1389 2386/465/1389 951/468/1389 198/427/1389
f 197/423/1390 950/464/1390 2386/465/1390 841/426/1390
f 950/464/1391 87/463/1391 721/466/1391 2386/465/1391
f 840/422/1392 2387/461/1392 950/464/1392 197/423/1392
f 196/419/1393 949/460/1393 2387/461/1393 840/422/1393
f 949/460/1394 86/459/1394 720/462/1394 2387/461/1394
f 839/418/1395 2388/457/1395 949/460/1395 196/419/1395
f 195/415/1396 948/456/1396 2388/457/1396 839/418/1396
f 948/456/1397 85/455/1397 719/458/1397 2388/457/1397
f 838/414/1398 2389/453/1398 948/456/1398 195/415/1398
f 49/1415/1399 683/4/1399 2389/453/1399 838/414/1399
f 683/4/1400 4/3/1400 718/454/1400 2389/453/1400
f 836/410/1401 2390/449/1401 947/452/1401 194/411/1401
f 193/407/1402 946/448/1402 2390/449/1402 836/410/1402
f 946/448/1403 203/447/1403 847/450/1403 2390/449/1403
f 835/406/1404 2391/445/1404 946/448/1404 193/407/1404
f 192/403/1405 945/444/1405 2391/445/1405 835/406/1405
f 945/444/1406 202/443/1406 846/446/1406 2391/445/1406
f 834/402/1407 2392/441/1407 945/444/1407 192/403/1407
f 191/399/1408 944/440/1408 2392/441/1408 834/402/1408
f 944/440/1409 201/439/1409 845/442/1409 2392/441/1409
f 833/398/1410 2393/437/1410 944/440/1410 191/399/1410
f 190/395/1411 943/436/1411 2393/437/1411 833/398/1411
f 943/436/1412 200/435/1412 844/438/1412 2393/437/1412
f 832/394/1413 2394/433/1413 943/436/1413 190/395/1413
f 189/391/1414 942/432/1414 2394/433/1414 832/394/1414
f 942/432/1415 199/431/1415 843/434/1415 2394/433/1415
f 831/390/1416 2395/429/1416 942/432/1416 189/391/1416
f 188/387/1417 941/428/1417 2395/429/1417 831/390/1417
f 941/428/1418 198/427/1418 842/430/1418 2395/429/1418
f 830/386/1419 2396/425/1419 941/428/1419 188/387/1419
f 187/383/1420 940/424/1420 2396/425/1420 830/386/1420
f 940/424/1421 197/423/1421 841/426/1421 2396/425/1421
f 829/382/1422 2397/421/1422 940/424/1422 187/383/1422
f 186/379/1423 939/420/1423 2397/421/1423 829/382/1423
f 939/420/1424 196/419/1424 840/422/1424 2397/421/1424
f 828/378/1425 2398/417/1425 939/420/1425 186/379/1425
f 185/375/1426 938/416/1426 2398/417/1426 828/378/1426
f 938/416/1427 195/415/1427 839/418/1427 2398/417/1427
f 827/374/1428 2399/413/1428 938/416/1428 185/375/1428
f 50/1411/1429 684/1416/1429 2399/413/1429 827/374/1429
f 684/1416/1430 49/1415/1430 838/414/1430 2399/413/1430
f 825/370/1431 2400/409/1431 937/412/1431 184/371/1431
f 183/367/1432 936/408/1432 2400/409/1432 825/370/1432
f 936/408/1433 193/407/1433 836/410/1433 2400/409/1433
f 824/366/1434 2401/405/1434 936/408/1434 183/367/1434
f 182/363/1435 935/404/1435 2401/405/1435 824/366/1435
f 935/404/1436 192/403/1436 835/406/1436 2401/405/1436
f 823/362/1437 2402/401/1437 935/404/1437 182/363/1437
f 181/359/1438 934/400/1438 2402/401/1438 823/362/1438
f 934/400/1439 191/399/1439 834/402/1439 2402/401/1439
f 822/358/1440 2403/397/1440 934/400/1440 181/359/1440
f 180/355/1441 933/396/1441 2403/397/1441 822/358/1441
f 933/396/1442 190/395/1442 833/398/1442 2403/397/1442
f 821/354/1443 2404/393/1443 933/396/1443 180/355/1443
f 179/351/1444 932/392/1444 2404/393/1444 821/354/1444
f 932/392/1445 189/391/1445 832/394/1445 2404/393/1445
f 820/350/1446 2405/389/1446 932/392/1446 179/351/1446
f 178/347/1447 931/388/1447 2405/389/1447 820/350/1447
f 931/388/1448 188/387/1448 831/390/1448 2405/389/1448
f 819/346/1449 2406/385/1449 931/388/1449 178/347/1449
f 177/343/1450 930/384/1450 2406/385/1450 819/346/1450
f 930/384/1451 187/383/1451 830/386/1451 2406/385/1451
f 818/342/1452 2407/381/1452 930/384/1452 177/343/1452
f 176/339/1453 929/380/1453 2407/381/1453 818/342/1453
f 929/380/1454 186/379/1454 829/382/1454 2407/381/1454
f 817/338/1455 2408/377/1455 929/380/1455 176/339/1455
f 175/335/1456 928/376/1456 2408/377/1456 817/338/1456
f 928/376/1457 185/375/1457 828/378/1457 2408/377/1457
f 816/334/1458 2409/373/1458 928/376/1458 175/335/1458
f 51/1407/1459 685/1412/1459 2409/373/1459 816/334/1459
f 685/1412/1460 50/1411/1460 827/374/1460 2409/373/1460
f 814/330/1461 2410/369/1461 927/372/1461 174/331/1461
f 173/327/1462 926/368/1462 2410/369/1462 814/330/1462
f 926/368/1463 183/367/1463 825/370/1463 2410/369/1463
f 813/326/1464 2411/365/1464 926/368/1464 173/327/1464
f 172/323/1465 925/364/1465 2411/365/1465 813/326/1465
f 925/364/1466 182/363/1466 824/366/1466 2411/365/1466
f 812/322/1467 2412/361/1467 925/364/1467 172/323/1467
f 171/319/1468 924/360/1468 2412/361/1468 812/322/1468
f 924/360/1469 181/359/1469 823/362/1469 2412/361/1469
f 811/318/1470 2413/357/1470 924/360/1470 171/319/1470
f 170/315/1471 923/356/1471 2413/357/1471 811/318/1471
f 923/356/1472 180/355/1472 822/358/1472 2413/357/1472
f 810/314/1473 2414/353/1473 923/356/1473 170/315/1473
f 169/311/1474 922/352/1474 2414/353/1474 810/314/1474
f 922/352/1475 179/351/1475 821/354/1475 2414/353/1475
f 809/310/1476 2415/349/1476 922/352/1476 169/311/1476
f 168/307/1477 921/348/1477 2415/349/1477 809/310/1477
f 921/348/1478 178/347/1478 820/350/1478 2415/349/1478
f 808/306/1479 2416/345/1479 921/348/1479 168/307/1479
f 167/303/1480 920/344/1480 2416/345/1480 808/306/1480
f 920/344/1481 177/343/1481 819/346/1481 2416/345/1481
f 807/302/1482 2417/341/1482 920/344/1482 167/303/1482
f 166/299/1483 919/340/1483 2417/341/1483 807/302/1483
f 919/340/1484 176/339/1484 818/342/1484 2417/341/1484
f 806/298/1485 2418/337/1485 919/340/1485 166/299/1485
f 165/295/1486 918/336/1486 2418/337/1486 806/298/1486
f 918/336/1487 175/335/1487 817/338/1487 2418/337/1487
f 805/294/1488 2419/333/1488 918/336/1488 165/295/1488
f 52/1403/1489 686/1408/1489 2419/333/1489 805/294/1489
f 686/1408/1490 51/1407/1490 816/334/1490 2419/333/1490
f 803/290/1491 2420/329/1491 917/332/1491 164/291/1491
f 163/287/1492 916/328/1492 2420/329/1492 803/290/1492
f 916/328/1493 173/327/1493 814/330/1493 2420/329/1493
f 802/286/1494 2421/325/1494 916/328/1494 163/287/1494
f 162/283/1495 915/324/1495 2421/325/1495 802/286/1495
f 915/324/1496 172/323/1496 813/326/1496 2421/325/1496
f 801/282/1497 2422/321/1497 915/324/1497 162/283/1497
f 161/279/1498 914/320/1498 2422/321/1498 801/282/1498
f 914/320/1499 171/319/1499 812/322/1499 2422/321/1499
f 800/278/1500 2423/317/1500 914/320/1500 161/279/1500
f 160/275/1501 913/316/1501 2423/317/1501 800/278/1501
f 913/316/1502 170/315/1502 811/318/1502 2423/317/1502
f 799/274/1503 2424/313/1503 913/316/1503 160/275/1503
f 159/271/1504 912/312/1504 2424/313/1504 799/274/1504
f 912/312/1505 169/311/1505 810/314/1505 2424/313/1505
f 798/270/1506 2425/309/1506 912/312/1506 159/271/1506
f 158/267/1507 911/308/1507 2425/309/1507 798/270/1507
f 911/308/1508 168/307/1508 809/310/1508 2425/309/1508
f 797/266/1509 2426/305/1509 911/308/1509 158/267/1509
f 157/263/1510 910/304/1510 2426/305/1510 797/266/1510
f 910/304/1511 167/303/1511 808/306/1511 2426/305/1511
f 796/262/1512 2427/301/1512 910/304/1512 157/263/1512
f 156/259/1513 909/300/1513 2427/301/1513 796/262/1513
f 909/300/1514 166/299/1514 807/302/1514 2427/301/1514
f 795/258/1515 2428/297/1515 909/300/1515 156/259/1515
f 155/255/1516 908/296/1516 2428/297/1516 795/258/1516
f 908/296/1517 165/295/1517 806/298/1517 2428/297/1517
f 794/254/1518 2429/293/1518 908/296/1518 155/255/1518
f 53/1399/1519 687/1404/1519 2429/293/1519 794/254/1519
f 687/1404/1520 52/1403/1520 805/294/1520 2429/293/1520
f 792/250/1521 2430/289/1521 907/292/1521 154/251/1521
f 153/247/1522 906/288/1522 2430/289/1522 792/250/1522
f 906/288/1523 163/287/1523 803/290/1523 2430/289/1523
f 791/246/1524 2431/285/1524 906/288/1524 153/247/1524
f 152/243/1525 905/284/1525 2431/285/1525 791/246/1525
f 905/284/1526 162/283/1526 802/286/1526 2431/285/1526
f 790/242/1527 2432/281/1527 905/284/1527 152/243/1527
f 151/239/1528 904/280/1528 2432/281/1528 790/242/1528
f 904/280/1529 161/279/1529 801/282/1529 2432/281/1529
f 789/238/1530 2433/277/1530 904/280/1530 151/239/1530
f 150/235/1531 903/276/1531 2433/277/1531 789/238/1531
f 903/276/1532 160/275/1532 800/278/1532 2433/277/1532
f 788/234/1533 2434/273/1533 903/276/1533 150/235/1533
f 149/231/1534 902/272/1534 2434/273/1534 788/234/1534
f 902/272/1535 159/271/1535 799/274/1535 2434/273/1535
f 787/230/1536 2435/269/1536 902/272/1536 149/231/1536
f 148/227/1537 901/268/1537 2435/269/1537 787/230/1537
f 901/268/1538 158/267/1538 798/270/1538 2435/269/1538
f 786/226/1539 2436/265/1539 901/268/1539 148/227/1539
f 147/223/1540 900/264/1540 2436/265/1540 786/226/1540
f 900/264/1541 157/263/1541 797/266/1541 2436/265/1541
f 785/222/1542 2437/261/1542 900/264/1542 147/223/1542
f 146/219/1543 899/260/1543 2437/261/1543 785/222/1543
f 899/260/1544 156/259/1544 796/262/1544 2437/261/1544
f 784/218/1545 2438/257/1545 899/260/1545 146/219/1545
f 145/215/1546 898/256/1546 2438/257/1546 784/218/1546
f 898/256/1547 155/255/1547 795/258/1547 2438/257/1547
f 783/214/1548 2439/253/1548 898/256/1548 145/215/1548
f 54/1395/1549 688/1400/1549 2439/253/1549 783/214/1549
f 688/1400/1550 53/1399/1550 794/254/1550 2439/253/1550
f 781/210/1551 2440/249/1551 897/252/1551 144/211/1551
f 143/207/1552 896/248/1552 2440/249/1552 781/210/1552
f 896/248/1553 153/247/1553 792/250/1553 2440/249/1553
f 780/206/1554 2441/245/1554 896/248/1554 143/207/1554
f 142/203/1555 895/244/1555 2441/245/1555 780/206/1555
f 895/244/1556 152/243/1556 791/246/1556 2441/245/1556
f 779/202/1557 2442/241/1557 895/244/1557 142/203/1557
f 141/199/1558 894/240/1558 2442/241/1558 779/202/1558
f 894/240/1559 151/239/1559 790/242/1559 2442/241/1559
f 778/198/1560 2443/237/1560 894/240/1560 141/199/1560
f 140/195/1561 893/236/1561 2443/237/1561 778/198/1561
f 893/236/1562 150/235/1562 789/238/1562 2443/237/1562
f 777/194/1563 2444/233/1563 893/236/1563 140/195/1563
f 139/191/1564 892/232/1564 2444/233/1564 777/194/1564
f 892/232/1565 149/231/1565 788/234/1565 2444/233/1565
f 776/190/1566 2445/229/1566 892/232/1566 139/191/1566
f 138/187/1567 891/228/1567 2445/229/1567 776/190/1567
f 891/228/1568 148/227/1568 787/230/1568 2445/229/1568
f 775/186/1569 2446/225/1569 891/228/1569 138/187/1569
f 137/183/1570 890/224/1570 2446/225/1570 775/186/1570
f 890/224/1571 147/223/1571 786/226/1571 2446/225/1571
f 774/182/1572 2447/221/1572 890/224/1572 137/183/1572
f 136/179/1573 889/220/1573 2447/221/1573 774/182/1573
f 889/220/1574 146/219/1574 785/222/1574 2447/221/1574
f 773/178/1575 2448/217/1575 889/220/1575 136/179/1575
f 135/175/1576 888/216/1576 2448/217/1576 773/178/1576
f 888/216/1577 145/215/1577 784/218/1577 2448/217/1577
f 772/174/1578 2449/213/1578 888/216/1578 135/175/1578
f 55/1391/1579 689/1396/1579 2449/213/1579 772/174/1579
f 689/1396/1580 54/1395/1580 783/214/1580 2449/213/1580
f 770/170/1581 2450/209/1581 887/212/1581 134/171/1581
f 133/167/1582 886/208/1582 2450/209/1582 770/170/1582
f 886/208/1583 143/207/1583 781/210/1583 2450/209/1583
f 769/166/1584 2451/205/1584 886/208/1584 133/167/1584
f 132/163/1585 885/204/1585 2451/205/1585 769/166/1585
f 885/204/1586 142/203/1586 780/206/1586 2451/205/1586
f 768/162/1587 2452/201/1587 885/204/1587 132/163/1587
f 131/159/1588 884/200/1588 2452/201/1588 768/162/1588
f 884/200/1589 141/199/1589 779/202/1589 2452/201/1589
f 767/158/1590 2453/197/1590 884/200/1590 131/159/1590
f 130/155/1591 883/196/1591 2453/197/1591 767/158/1591
f 883/196/1592 140/195/1592 778/198/1592 2453/197/1592
f 766/154/1593 2454/193/1593 883/196/1593 130/155/1593
f 129/151/1594 882/192/1594 2454/193/1594 766/154/1594
f 882/192/1595 139/191/1595 777/194/1595 2454/193/1595
f 765/150/1596 2455/189/1596 882/192/1596 129/151/1596
f 128/147/1597 881/188/1597 2455/189/1597 765/150/1597
f 881/188/1598 138/187/1598 776/190/1598 2455/189/1598
f 764/146/1599 2456/185/1599 881/188/1599 128/147/1599
f 127/143/1600 880/184/1600 2456/185/1600 764/146/1600
f 880/184/1601 137/183/1601 775/186/1601 2456/185/1601
f 763/142/1602 2457/181/1602 880/184/1602 127/143/1602
f 126/139/1603 879/180/1603 2457/181/1603 763/142/1603
f 879/180/1604 136/179/1604 774/182/1604 2457/181/1604
f 762/138/1605 2458/177/1605 879/180/1605 126/139/1605
f 125/135/1606 878/176/1606 2458/177/1606 762/138/1606
f 878/176/1607 135/175/1607 773/178/1607 2458/177/1607
f 761/134/1608 2459/173/1608 878/176/1608 125/135/1608
f 56/1387/1609 690/1392/1609 2459/173/1609 761/134/1609
f 690/1392/1610 55/1391/1610 772/174/1610 2459/173/1610
f 759/130/1611 2460/169/1611 877/172/1611 124/131/1611
f 123/127/1612 876/168/1612 2460/169/1612 759/130/1612
f 876/168/1613 133/167/1613 770/170/1613 2460/169/1613
f 758/126/1614 2461/165/1614 876/168/1614 123/127/1614
f 122/123/1615 875/164/1615 2461/165/1615 758/126/1615
f 875/164/1616 132/163/1616 769/166/1616 2461/165/1616
f 757/122/1617 2462/161/1617 875/164/1617 122/123/1617
f 121/119/1618 874/160/1618 2462/161/1618 757/122/1618
f 874/160/1619 131/159/1619 768/162/1619 2462/161/1619
f 756/118/1620 2463/157/1620 874/160/1620 121/119/1620
f 120/115/1621 873/156/1621 2463/157/1621 756/118/1621
f 873/156/1622 130/155/1622 767/158/1622 2463/157/1622
f 755/114/1623 2464/153/1623 873/156/1623 120/115/1623
f 119/111/1624 872/152/1624 2464/153/1624 755/114/1624
f 872/152/1625 129/151/1625 766/154/1625 2464/153/1625
f 754/110/1626 2465/149/1626 872/152/1626 119/111/1626
f 118/107/1627 871/148/1627 2465/149/1627 754/110/1627
f 871/148/1628 128/147/1628 765/150/1628 2465/149/1628
f 753/106/1629 2466/145/1629 871/148/1629 118/107/1629
f 117/103/1630 870/144/1630 2466/145/1630 753/106/1630
f 870/144/1631 127/143/1631 764/146/1631 2466/145/1631
f 752/102/1632 2467/141/1632 870/144/1632 117/103/1632
f 116/99/1633 869/140/1633 2467/141/1633 752/102/1633
f 869/140/1634 126/139/1634 763/142/1634 2467/141/1634
f 751/98/1635 2468/137/1635 869/140/1635 116/99/1635
f 115/95/1636 868/136/1636 2468/137/1636 751/98/1636
f 868/136/1637 125/135/1637 762/138/1637 2468/137/1637
f 750/94/1638 2469/133/1638 868/136/1638 115/95/1638
f 57/1383/1639 691/1388/1639 2469/133/1639 750/94/1639
f 691/1388/1640 56/1387/1640 761/134/1640 2469/133/1640
f 748/90/1641 2470/129/1641 867/132/1641 114/91/1641
f 113/87/1642 866/128/1642 2470/129/1642 748/90/1642
f 866/128/1643 123/127/1643 759/130/1643 2470/129/1643
f 747/86/1644 2471/125/1644 866/128/1644 113/87/1644
f 112/83/1645 865/124/1645 2471/125/1645 747/86/1645
f 865/124/1646 122/123/1646 758/126/1646 2471/125/1646
f 746/82/1647 2472/121/1647 865/124/1647 112/83/1647
f 111/79/1648 864/120/1648 2472/121/1648 746/82/1648
f 864/120/1649 121/119/1649 757/122/1649 2472/121/1649
f 745/78/1650 2473/117/1650 864/120/1650 111/79/1650
f 110/75/1651 863/116/1651 2473/117/1651 745/78/1651
f 863/116/1652 120/115/1652 756/118/1652 2473/117/1652
f 744/74/1653 2474/113/1653 863/116/1653 110/75/1653
f 109/71/1654 862/112/1654 2474/113/1654 744/74/1654
f 862/112/1655 119/111/1655 755/114/1655 2474/113/1655
f 743/70/1656 2475/109/1656 862/112/1656 109/71/1656
f 108/67/1657 861/108/1657 2475/109/1657 743/70/1657
f 861/108/1658 118/107/1658 754/110/1658 2475/109/1658
f 742/66/1659 2476/105/1659 861/108/1659 108/67/1659
f 107/63/1660 860/104/1660 2476/105/1660 742/66/1660
f 860/104/1661 117/103/1661 753/106/1661 2476/105/1661
f 741/62/1662 2477/101/1662 860/104/1662 107/63/1662
f 106/59/1663 859/100/1663 2477/101/1663 741/62/1663
f 859/100/1664 116/99/1664 752/102/1664 2477/101/1664
f 740/58/1665 2478/97/1665 859/100/1665 106/59/1665
f 105/55/1666 858/96/1666 2478/97/1666 740/58/1666
f 858/96/1667 115/95/1667 751/98/1667 2478/97/1667
f 739/54/1668 2479/93/1668 858/96/1668 105/55/1668
f 58/1379/1669 692/1384/1669 2479/93/1669 739/54/1669
f 692/1384/1670 57/1383/1670 750/94/1670 2479/93/1670
f 651/2590/1671 2480/89/1671 857/92/1671 17/2591/1671
f 18/2592/1672 856/88/1672 2480/89/1672 651/2590/1672
f 856/88/1673 113/87/1673 748/90/1673 2480/89/1673
f 652/2593/1674 2481/85/1674 856/88/1674 18/2592/1674
f 19/2594/1675 855/84/1675 2481/85/1675 652/2593/1675
f 855/84/1676 112/83/1676 747/86/1676 2481/85/1676
f 653/2595/1677 2482/81/1677 855/84/1677 19/2594/1677
f 20/2596/1678 854/80/1678 2482/81/1678 653/2595/1678
f 854/80/1679 111/79/1679 746/82/1679 2482/81/1679
f 654/2597/1680 2483/77/1680 854/80/1680 20/2596/1680
f 21/2598/1681 853/76/1681 2483/77/1681 654/2597/1681
f 853/76/1682 110/75/1682 745/78/1682 2483/77/1682
f 655/2599/1683 2484/73/1683 853/76/1683 21/2598/1683
f 22/2600/1684 852/72/1684 2484/73/1684 655/2599/1684
f 852/72/1685 109/71/1685 744/74/1685 2484/73/1685
f 656/2601/1686 2485/69/1686 852/72/1686 22/2600/1686
f 23/2602/1687 851/68/1687 2485/69/1687 656/2601/1687
f 851/68/1688 108/67/1688 743/70/1688 2485/69/1688
f 657/2603/1689 2486/65/1689 851/68/1689 23/2602/1689
f 24/2604/1690 850/64/1690 2486/65/1690 657/2603/1690
f 850/64/1691 107/63/1691 742/66/1691 2486/65/1691
f 658/2605/1692 2487/61/1692 850/64/1692 24/2604/1692
f 25/2606/1693 849/60/1693 2487/61/1693 658/2605/1693
f 849/60/1694 106/59/1694 741/62/1694 2487/61/1694
f 659/2607/1695 2488/57/1695 849/60/1695 25/2606/1695
f 26/2608/1696 848/56/1696 2488/57/1696 659/2607/1696
f 848/56/1697 105/55/1697 740/58/1697 2488/57/1697
f 632/2609/1698 2489/53/1698 848/56/1698 26/2608/1698
f 5/2537/1699 635/1380/1699 2489/53/1699 632/2609/1699
f 635/1380/1700 58/1379/1700 739/54/1700 2489/53/1700
f 826/46/1701 2490/49/1701 661/52/1701 28/47/1701
f 194/411/1702 947/452/1702 2490/49/1702 826/46/1702
f 947/452/1703 204/451/1703 837/50/1703 2490/49/1703
f 815/42/1704 2491/45/1704 662/48/1704 29/43/1704
f 184/371/1705 937/412/1705 2491/45/1705 815/42/1705
f 937/412/1706 194/411/1706 826/46/1706 2491/45/1706
f 804/38/1707 2492/41/1707 663/44/1707 30/39/1707
f 174/331/1708 927/372/1708 2492/41/1708 804/38/1708
f 927/372/1709 184/371/1709 815/42/1709 2492/41/1709
f 793/34/1710 2493/37/1710 664/40/1710 31/35/1710
f 164/291/1711 917/332/1711 2493/37/1711 793/34/1711
f 917/332/1712 174/331/1712 804/38/1712 2493/37/1712
f 782/30/1713 2494/33/1713 665/36/1713 32/31/1713
f 154/251/1714 907/292/1714 2494/33/1714 782/30/1714
f 907/292/1715 164/291/1715 793/34/1715 2494/33/1715
f 771/26/1716 2495/29/1716 666/32/1716 33/27/1716
f 144/211/1717 897/252/1717 2495/29/1717 771/26/1717
f 897/252/1718 154/251/1718 782/30/1718 2495/29/1718
f 760/22/1719 2496/25/1719 667/28/1719 34/23/1719
f 134/171/1720 887/212/1720 2496/25/1720 760/22/1720
f 887/212/1721 144/211/1721 771/26/1721 2496/25/1721
f 749/18/1722 2497/21/1722 668/24/1722 35/19/1722
f 124/131/1723 877/172/1723 2497/21/1723 749/18/1723
f 877/172/1724 134/171/1724 760/22/1724 2497/21/1724
f 738/14/1725 2498/17/1725 669/20/1725 36/15/1725
f 114/91/1726 867/132/1726 2498/17/1726 738/14/1726
f 867/132/1727 124/131/1727 749/18/1727 2498/17/1727
f 650/2610/1728 2499/13/1728 633/16/1728 2/2540/1728
f 17/2591/1729 857/92/1729 2499/13/1729 650/2610/1729
f 857/92/1730 114/91/1730 738/14/1730 2499/13/1730
f 837/50/1731 2500/9/1731 660/12/1731 27/51/1731
f 204/451/1732 957/492/1732 2500/9/1732 837/50/1732
f 957/492/1733 94/491/1733 638/10/1733 2500/9/1733
f 1251/934/2 2501/5/2 636/8/2 76/935/2
f 395/1335/1196 1371/1376/1196 2501/5/1196 1251/934/1196
f 1371/1376/1197 95/1375/1197 728/6/1197 2501/5/1197
f 1457/1414/1734 2502/1/1734 683/4/1734 49/1415/1734
f 486/1747/1735 1565/1776/1735 2502/1/1735 1457/1414/1735
f 1565/1776/1736 84/1775/1736 637/2/1736 2502/1/1736
f 1921/2611/124 1846/2611/124 1920/2611/124 2206/2611/124 1320/2611/124 2207/2611/124 1319/2611/124 2208/2611/124 1318/2611/124 1844/2611/124 1922/2611/124 1845/2611/124
f 1277/2611/344 311/2611/344 1287/2611/344 1869/2611/344 624/2611/344 1876/2611/344 630/2611/344 301/2611/344
f 1846/2611/1737 1320/2611/1737 344/2611/1737 603/2611/1737
f 1205/2611/124 1770/2611/124 603/2611/124 344/2611/124
f 1911/2611/344 2217/2611/344 1205/2611/344 1770/2611/344
f 1854/2611/295 1309/2611/295 2217/2611/295 1911/2611/295
f 1309/2611/344 1854/2611/344 611/2611/344 333/2611/344
f 1779/2611/295 1193/2611/295 333/2611/295 611/2611/295
f 1903/2611/344 2228/2611/344 1193/2611/344 1779/2611/344
f 1862/2611/295 1298/2611/295 2228/2611/295 1903/2611/295
f 1298/2611/344 1862/2611/344 618/2611/344 322/2611/344
f 1787/2611/295 1181/2611/295 322/2611/295 618/2611/295
f 1896/2611/344 2239/2611/344 1181/2611/344 1787/2611/344
f 1869/2611/295 1287/2611/295 2239/2611/295 1896/2611/295
f 1882/2611/344 1267/2611/344 301/2611/344 630/2611/344
f 1267/2611/124 1882/2611/124 1883/2611/124 2259/2611/124
f 2058/2611/1737 712/2611/1737 1883/2611/1737 2259/2611/1737 646/2611/1737 2141/2611/1737 1377/2611/1737 2131/2611/1737 1387/2611/1737 2122/2611/1737 1397/2611/1737 2113/2611/1737 1406/2611/1737 2105/2611/1737 1415/2611/1737 2097/2611/1737 1424/2611/1737 2089/2611/1737 1433/2611/1737 2081/2611/1737 1442/2611/1737 2073/2611/1737 1451/2611/1737 2065/2611/1737 1460/2611/1737
f 1320/2611/1737 1846/2611/1737 594/2611/1737 354/2611/1737
f 1760/2611/295 1216/2611/295 354/2611/295 594/2611/295
f 1760/2611/344 1216/2611/344 2197/2611/344 1930/2611/344
f 1329/2611/124 1836/2611/124 1930/2611/124 2197/2611/124
f 1836/2611/344 1329/2611/344 363/2611/344 585/2611/344
f 1226/2611/124 1750/2611/124 585/2611/124 363/2611/124
f 1750/2611/344 1226/2611/344 2188/2611/344 1939/2611/344
f 1338/2611/124 1827/2611/124 1939/2611/124 2188/2611/124
f 1827/2611/344 1338/2611/344 372/2611/344 577/2611/344
f 1236/2611/124 1741/2611/124 577/2611/124 372/2611/124
f 1741/2611/344 1236/2611/344 2179/2611/344 1947/2611/344
f 1347/2611/124 1819/2611/124 1947/2611/124 2179/2611/124
f 1819/2611/344 1347/2611/344 381/2611/344 570/2611/344
f 1357/2611/344 391/2611/344 1367/2611/344 1807/2611/344 564/2611/344 1813/2611/344 570/2611/344 381/2611/344
f 1807/2611/295 1367/2611/295 2159/2611/295 1960/2611/295
f 1960/2611/344 2159/2611/344 732/2611/344 2369/2611/344 965/2611/344 2359/2611/344 976/2611/344 2349/2611/344 986/2611/344 2340/2611/344 995/2611/344 2331/2611/344 1004/2611/344 2322/2611/344 1013/2611/344 2313/2611/344 1022/2611/344 2304/2611/344 1031/2611/344 2295/2611/344 1040/2611/344 2286/2611/344 1049/2611/344 2277/2611/344 699/2611/344
f 1047/850/1738 292/851/1738 2519/851/1738 2555/850/1738
f 1048/854/1739 292/851/1739 2519/851/1739 2556/854/1739
f 1256/1314/1740 2161/1353/1740 2616/1353/1740 2567/1314/1740
f 1157/954/1741 2251/993/1741 2625/993/1741 2558/954/1741
f 1048/854/1742 293/855/1742 2520/855/1742 2556/854/1742
f 1049/858/1739 293/855/1739 2520/855/1739 2557/858/1739
f 1453/1702/1743 2063/1733/1743 2606/1733/1743 2576/1702/1743
f 2161/1353/1744 734/1354/1744 2530/1354/1744 2616/1353/1744
f 2251/993/1745 1168/994/1745 2559/994/1745 2625/993/1745
f 2063/1733/1746 1462/1734/1746 2580/1734/1746 2606/1733/1746
f 963/522/1747 2361/561/1747 2636/561/1747 2542/522/1747
f 1776/2274/1748 1906/2305/1748 2597/2305/1748 2590/2274/1748
f 2361/561/1749 974/562/1749 2543/562/1749 2636/561/1749
f 1906/2305/1750 1785/2306/1750 2591/2306/1750 2597/2305/1750
f 1435/1638/1751 2079/1669/1751 2608/1669/1751 2574/1638/1751
f 2079/1669/1752 1444/1670/1752 2575/1670/1752 2608/1669/1752
f 1212/1154/1753 2201/1193/1753 2620/1193/1753 2563/1154/1753
f 2201/1193/1754 1223/1194/1754 2564/1194/1754 2620/1193/1754
f 486/1747/1755 1457/1414/1755 2577/1414/1755 2526/1747/1755
f 1011/706/1756 2315/741/1756 2631/741/1756 2547/706/1756
f 2315/741/1757 1020/742/1757 2548/742/1757 2631/741/1757
f 1047/850/1758 2279/881/1758 2627/881/1758 2555/850/1758
f 1408/1542/1759 2103/1573/1759 2611/1573/1759 2571/1542/1759
f 2279/881/1760 697/882/1760 2528/882/1760 2627/881/1760
f 1461/1730/1761 481/1727/1761 2521/1727/1761 2579/1730/1761
f 1747/2170/1762 1934/2201/1762 2600/2201/1762 2587/2170/1762
f 2103/1573/1763 1417/1574/1763 2572/1574/1763 2611/1573/1763
f 1168/994/1764 2241/1033/1764 2624/1033/1764 2559/994/1764
f 1457/1414/1765 49/1415/1765 2504/1415/1765 2577/1414/1765
f 1462/1734/1766 482/1731/1766 2522/1731/1766 2580/1734/1766
f 1934/2201/1767 1756/2202/1767 2588/2202/1767 2600/2201/1767
f 2241/1033/1768 1179/1034/1768 2560/1034/1768 2624/1033/1768
f 1463/1738/1769 483/1735/1769 2523/1735/1769 2581/1738/1769
f 1464/1742/1770 484/1739/1770 2524/1739/1770 2582/1742/1770
f 974/562/1771 2351/597/1771 2635/597/1771 2543/562/1771
f 1465/1746/1772 485/1743/1772 2525/1743/1772 2583/1746/1772
f 1460/1726/1773 481/1727/1773 2521/1727/1773 2578/1726/1773
f 644/2521/1774 2139/1441/1774 2615/1441/1774 2527/2521/1774
f 2351/597/1775 984/598/1775 2544/598/1775 2635/597/1775
f 1461/1730/1773 482/1731/1773 2522/1731/1773 2579/1730/1773
f 2139/1441/1776 1379/1442/1776 2568/1442/1776 2615/1441/1776
f 1462/1734/1777 483/1735/1777 2523/1735/1777 2580/1734/1777
f 1223/1194/1778 2191/1233/1778 2619/1233/1778 2564/1194/1778
f 1463/1738/1779 484/1739/1779 2524/1739/1779 2581/1738/1779
f 697/882/1780 1962/2093/1780 2604/2093/1780 2528/882/1780
f 2191/1233/1781 1234/1234/1781 2565/1234/1781 2619/1233/1781
f 1464/1742/1782 485/1743/1782 2525/1743/1782 2582/1742/1782
f 204/451/1783 837/50/1783 2531/50/1783 2514/451/1783
f 1962/2093/1784 1726/2094/1784 2584/2094/1784 2604/2093/1784
f 1732/2118/1785 1949/2141/1785 2602/2141/1785 2585/2118/1785
f 1020/742/1786 2306/777/1786 2630/777/1786 2548/742/1786
f 1465/1746/1787 486/1747/1787 2526/1747/1787 2583/1746/1787
f 838/414/1788 49/1415/1788 2504/1415/1788 2532/414/1788
f 1949/2141/1789 1739/2142/1789 2586/2142/1789 2602/2141/1789
f 2306/777/1790 1029/778/1790 2549/778/1790 2630/777/1790
f 839/418/1791 195/415/1791 2505/415/1791 2533/418/1791
f 1800/2358/1792 1885/2381/1792 2594/2381/1792 2593/2358/1792
f 840/422/1793 196/419/1793 2506/419/1793 2534/422/1793
f 1785/2306/1794 1898/2333/1794 2596/2333/1794 2591/2306/1794
f 1885/2381/1795 714/2382/1795 2529/2382/1795 2594/2381/1795
f 841/426/1796 197/423/1796 2507/423/1796 2535/426/1796
f 1179/1034/1797 2231/1073/1797 2623/1073/1797 2560/1034/1797
f 1898/2333/1798 1793/2334/1798 2592/2334/1798 2596/2333/1798
f 1417/1574/1799 2095/1605/1799 2610/1605/1799 2572/1574/1799
f 842/430/1800 198/427/1800 2508/427/1800 2536/430/1800
f 2231/1073/1801 1190/1074/1801 2561/1074/1801 2623/1073/1801
f 1462/1734/1802 2056/1761/1802 2605/1761/1802 2580/1734/1802
f 2095/1605/1803 1426/1606/1803 2573/1606/1803 2610/1605/1803
f 843/434/1804 199/431/1804 2509/431/1804 2537/434/1804
f 2056/1761/1805 714/1762/1805 2529/1762/1805 2605/1761/1805
f 984/598/1806 2342/633/1806 2634/633/1806 2544/598/1806
f 844/438/1807 200/435/1807 2510/435/1807 2538/438/1807
f 1756/2202/1808 1925/2237/1808 2599/2237/1808 2588/2202/1808
f 1379/1442/1809 2129/1477/1809 2614/1477/1809 2568/1442/1809
f 2342/633/1810 993/634/1810 2545/634/1810 2634/633/1810
f 845/442/1811 201/439/1811 2511/439/1811 2539/442/1811
f 1925/2237/1812 1766/2238/1812 2589/2238/1812 2599/2237/1812
f 2129/1477/1813 1389/1478/1813 2569/1478/1813 2614/1477/1813
f 846/446/1814 202/443/1814 2512/443/1814 2540/446/1814
f 1234/1234/1815 2181/1273/1815 2618/1273/1815 2565/1234/1815
f 847/450/1816 203/447/1816 2513/447/1816 2541/450/1816
f 2181/1273/1817 1245/1274/1817 2566/1274/1817 2618/1273/1817
f 1029/778/1818 2297/813/1818 2629/813/1818 2549/778/1818
f 1444/1670/1819 2071/1701/1819 2607/1701/1819 2575/1670/1819
f 2297/813/1820 1038/814/1820 2550/814/1820 2629/813/1820
f 2071/1701/1821 1453/1702/1821 2576/1702/1821 2607/1701/1821
f 1190/1074/1822 2221/1113/1822 2622/1113/1822 2561/1074/1822
f 2221/1113/1823 1201/1114/1823 2562/1114/1823 2622/1113/1823
f 993/634/1824 2333/669/1824 2633/669/1824 2545/634/1824
f 1389/1478/1825 2120/1509/1825 2613/1509/1825 2569/1478/1825
f 2333/669/1826 1002/670/1826 2546/670/1826 2633/669/1826
f 2120/1509/1827 1399/1510/1827 2570/1510/1827 2613/1509/1827
f 1766/2238/1828 1915/2273/1828 2598/2273/1828 2589/2238/1828
f 1426/1606/1829 2087/1637/1829 2609/1637/1829 2573/1606/1829
f 1915/2273/1830 1776/2274/1830 2590/2274/1830 2598/2273/1830
f 2087/1637/1831 1435/1638/1831 2574/1638/1831 2609/1637/1831
f 1245/1274/1832 2171/1313/1832 2617/1313/1832 2566/1274/1832
f 644/2570/1833 2261/953/1833 2626/953/1833 2527/2570/1833
f 837/50/1834 27/51/1834 2503/51/1834 2531/50/1834
f 2171/1313/1835 1256/1314/1835 2567/1314/1835 2617/1313/1835
f 2261/953/1836 1157/954/1836 2558/954/1836 2626/953/1836
f 838/414/1837 195/415/1837 2505/415/1837 2532/414/1837
f 734/1354/1838 2371/521/1838 2637/521/1838 2530/1354/1838
f 839/418/1839 196/419/1839 2506/419/1839 2533/418/1839
f 1739/2142/1840 1942/2169/1840 2601/2169/1840 2586/2142/1840
f 1726/2094/1841 1955/2117/1841 2603/2117/1841 2584/2094/1841
f 2371/521/1842 963/522/1842 2542/522/1842 2637/521/1842
f 840/422/1843 197/423/1843 2507/423/1843 2534/422/1843
f 1942/2169/1844 1747/2170/1844 2587/2170/1844 2601/2169/1844
f 1955/2117/1845 1732/2118/1845 2585/2118/1845 2603/2117/1845
f 841/426/1846 198/427/1846 2508/427/1846 2535/426/1846
f 1038/814/1847 2288/849/1847 2628/849/1847 2550/814/1847
f 1793/2334/1848 1891/2357/1848 2595/2357/1848 2592/2334/1848
f 1201/1114/1849 2211/1153/1849 2621/1153/1849 2562/1114/1849
f 842/430/1850 199/431/1850 2509/431/1850 2536/430/1850
f 1043/834/1851 27/51/1851 2503/51/1851 2551/834/1851
f 2288/849/1852 1047/850/1852 2555/850/1852 2628/849/1852
f 1891/2357/1853 1800/2358/1853 2593/2358/1853 2595/2357/1853
f 2211/1153/1854 1212/1154/1854 2563/1154/1854 2621/1153/1854
f 843/434/1855 200/435/1855 2510/435/1855 2537/434/1855
f 1043/834/1856 288/835/1856 2515/835/1856 2551/834/1856
f 1044/838/1857 288/835/1857 2515/835/1857 2552/838/1857
f 844/438/1858 201/439/1858 2511/439/1858 2538/438/1858
f 1002/670/1859 2324/705/1859 2632/705/1859 2546/670/1859
f 1044/838/1860 289/839/1860 2516/839/1860 2552/838/1860
f 1045/842/1861 289/839/1861 2516/839/1861 2553/842/1861
f 845/442/1862 202/443/1862 2512/443/1862 2539/442/1862
f 1399/1510/1863 2111/1541/1863 2612/1541/1863 2570/1510/1863
f 2324/705/1864 1011/706/1864 2547/706/1864 2632/705/1864
f 1045/842/1865 290/843/1865 2517/843/1865 2553/842/1865
f 1046/846/1866 290/843/1866 2517/843/1866 2554/846/1866
f 846/446/1867 203/447/1867 2513/447/1867 2540/446/1867
f 2111/1541/1868 1408/1542/1868 2571/1542/1868 2612/1541/1868
f 1046/846/1869 291/847/1869 2518/847/1869 2554/846/1869
f 1047/850/1870 291/847/1870 2518/847/1870 2555/850/1870
f 847/450/1871 204/451/1871 2514/451/1871 2541/450/1871
f 1838/2224/124 1929/2221/124 2648/2221/124 2640/2224/124
f 1838/2224/295 1928/2225/295 2647/2225/295 2640/2224/295
f 723/2415/295 1929/2221/295 2648/2221/295 2638/2415/295
f 843/434/295 2384/473/295 2649/473/295 2639/434/295
f 1841/2236/124 1926/2233/124 2645/2233/124 2643/2236/124
f 1841/2236/295 1925/2237/295 2644/2237/295 2643/2236/295
f 1840/2232/124 1927/2229/124 2646/2229/124 2642/2232/124
f 2384/473/295 723/474/295 2638/474/295 2649/473/295
f 1840/2232/295 1926/2233/295 2645/2233/295 2642/2232/295
f 1839/2228/124 1928/2225/124 2647/2225/124 2641/2228/124
f 1839/2228/295 1927/2229/295 2646/2229/295 2641/2228/295
f 1209/1142/1872 2204/1181/1872 2696/1181/1872 2667/1142/1872
f 2204/1181/1873 1220/1182/1873 2668/1182/1873 2696/1181/1873
f 1402/1522/1874 2108/1553/1874 2688/1553/1874 2674/1522/1874
f 1187/1062/1875 2224/1101/1875 2698/1101/1875 2665/1062/1875
f 2108/1553/1876 1411/1554/1876 2675/1554/1876 2688/1553/1876
f 2224/1101/1877 1198/1102/1877 2666/1102/1877 2698/1101/1877
f 1382/1454/1878 2126/1489/1878 2690/1489/1878 2672/1454/1878
f 1420/1586/1879 2092/1617/1879 2686/1617/1879 2676/1586/1879
f 1165/982/1880 2244/1021/1880 2700/1021/1880 2663/982/1880
f 2126/1489/1881 1392/1490/1881 2673/1490/1881 2690/1489/1881
f 2092/1617/1882 1429/1618/1882 2677/1618/1882 2686/1617/1882
f 2244/1021/1883 1176/1022/1883 2664/1022/1883 2700/1021/1883
f 641/2576/1884 2264/941/1884 2702/941/1884 2650/2576/1884
f 2643/2236/124 2644/2237/124 2719/2237/124 2718/2236/124
f 2264/941/1885 1154/942/1885 2662/942/1885 2702/941/1885
f 1017/730/1876 2309/765/1876 2705/765/1876 2658/730/1876
f 2643/2236/295 2645/2233/295 2720/2233/295 2718/2236/295
f 2309/765/1874 1026/766/1874 2659/766/1874 2705/765/1874
f 2642/2232/124 2645/2233/124 2720/2233/124 2717/2232/124
f 999/658/1882 2327/693/1882 2707/693/1882 2656/658/1882
f 1035/802/1881 2291/837/1881 2703/837/1881 2660/802/1881
f 2642/2232/295 2646/2229/295 2721/2229/295 2717/2232/295
f 2327/693/1879 1008/694/1879 2657/694/1879 2707/693/1879
f 2291/837/1878 1044/838/1878 2661/838/1878 2703/837/1878
f 981/586/1886 2345/621/1886 2709/621/1886 2654/586/1886
f 2641/2228/124 2646/2229/124 2721/2229/124 2716/2228/124
f 2345/621/1887 990/622/1887 2655/622/1887 2709/621/1887
f 2641/2228/295 2647/2225/295 2722/2225/295 2716/2228/295
f 960/510/1888 2364/549/1888 2711/549/1888 2652/510/1888
f 1438/1650/1887 2076/1681/1887 2684/1681/1887 2678/1650/1887
f 2640/2224/295 2647/2225/295 2722/2225/295 2715/2224/295
f 2364/549/1889 971/550/1889 2653/550/1889 2711/549/1889
f 1242/1262/1890 2174/1301/1890 2693/1301/1890 2670/1262/1890
f 2076/1681/1886 1447/1682/1886 2679/1682/1886 2684/1681/1886
f 2640/2224/124 2648/2221/124 2723/2221/124 2715/2224/124
f 2174/1301/1891 1253/1302/1891 2671/1302/1891 2693/1301/1891
f 1220/1182/1892 2194/1221/1892 2695/1221/1892 2668/1182/1892
f 2638/2415/295 2648/2221/295 2723/2221/295 2713/2415/295
f 2194/1221/1893 1231/1222/1893 2669/1222/1893 2695/1221/1893
f 1198/1102/1894 2214/1141/1894 2697/1141/1894 2666/1102/1894
f 2639/434/295 2649/473/295 2724/473/295 2714/434/295
f 1411/1554/1895 2100/1585/1895 2687/1585/1895 2675/1554/1895
f 2214/1141/1896 1209/1142/1896 2667/1142/1896 2697/1141/1896
f 1392/1490/1897 2117/1521/1897 2689/1521/1897 2673/1490/1897
f 2649/473/295 2638/474/295 2713/474/295 2724/473/295
f 1176/1022/1898 2234/1061/1898 2699/1061/1898 2664/1022/1898
f 2100/1585/1899 1420/1586/1899 2676/1586/1899 2687/1585/1899
f 2117/1521/1900 1402/1522/1900 2674/1522/1900 2689/1521/1900
f 2234/1061/1901 1187/1062/1901 2665/1062/1901 2699/1061/1901
f 641/2514/1902 2136/1453/1902 2691/1453/1902 2650/2514/1902
f 1154/942/1903 2254/981/1903 2701/981/1903 2662/942/1903
f 2136/1453/1904 1382/1454/1904 2672/1454/1904 2691/1453/1904
f 2254/981/1905 1165/982/1905 2663/982/1905 2701/981/1905
f 1456/1714/1889 2060/1745/1889 2682/1745/1889 2680/1714/1889
f 2060/1745/1888 1465/1746/1888 2681/1746/1888 2682/1745/1888
f 1429/1618/1906 2084/1649/1906 2685/1649/1906 2677/1618/1906
f 1026/766/1900 2300/801/1900 2704/801/1900 2659/766/1900
f 1008/694/1899 2318/729/1899 2706/729/1899 2657/694/1899
f 2084/1649/1907 1438/1650/1907 2678/1650/1907 2685/1649/1907
f 2300/801/1897 1035/802/1897 2660/802/1897 2704/801/1897
f 2318/729/1895 1017/730/1895 2658/730/1895 2706/729/1895
f 990/622/1907 2336/657/1907 2708/657/1907 2655/622/1907
f 2336/657/1906 999/658/1906 2656/658/1906 2708/657/1906
f 971/550/1908 2354/585/1908 2710/585/1908 2653/550/1908
f 2354/585/1909 981/586/1909 2654/586/1909 2710/585/1909
f 1253/1302/1910 2164/1341/1910 2692/1341/1910 2671/1302/1910
f 1447/1682/1909 2068/1713/1909 2683/1713/1909 2679/1682/1909
f 737/1342/1911 2374/509/1911 2712/509/1911 2651/1342/1911
f 2164/1341/1912 737/1342/1912 2651/1342/1912 2692/1341/1912
f 2068/1713/1908 1456/1714/1908 2680/1714/1908 2683/1713/1908
f 2374/509/1913 960/510/1913 2652/510/1913 2712/509/1913
f 1231/1222/1914 2184/1261/1914 2694/1261/1914 2669/1222/1914
f 2184/1261/1915 1242/1262/1915 2670/1262/1915 2694/1261/1915
