# Blender 4.3.2
# www.blender.org
mtllib WasaDiminds-02.mtl
o Plane
v -0.433001 -0.386730 0.684927
v -0.451628 1.020039 -0.141809
v 0.315382 -1.578060 -0.141809
v 0.326865 -0.162402 -0.953363
v -0.209039 -0.810621 0.241433
v -0.475165 0.090832 0.241433
v -0.083179 0.206554 -0.603699
v 0.182948 -0.694899 -0.603699
v 0.031405 -0.249628 -0.091624
v -0.232391 -0.746334 0.292857
v -0.253742 -0.688255 0.348799
v -0.276217 -0.633874 0.407183
v -0.300616 -0.581392 0.466753
v -0.327992 -0.530112 0.526290
v -0.357871 -0.479455 0.585670
v -0.394289 -0.430405 0.642359
v -0.470614 0.174423 0.205625
v -0.465114 0.271931 0.173148
v -0.462934 0.382966 0.138152
v -0.460933 0.507613 0.098652
v -0.454635 0.644098 0.053837
v -0.448865 0.785184 -0.000862
v -0.444956 0.921902 -0.066799
v -0.027687 0.151755 -0.638917
v 0.029452 0.104242 -0.676813
v 0.086248 0.059993 -0.717891
v 0.142154 0.016813 -0.761573
v 0.196045 -0.026640 -0.807741
v 0.248316 -0.070686 -0.855831
v 0.294644 -0.116810 -0.907521
v 0.195055 -0.773571 -0.559491
v 0.216258 -0.863196 -0.513549
v 0.239892 -0.966611 -0.465537
v 0.266043 -1.082947 -0.411841
v 0.295518 -1.208871 -0.348988
v 0.319329 -1.341225 -0.279373
v 0.331854 -1.473091 -0.205150
v 0.267685 -1.492035 -0.066799
v 0.190151 -1.379360 -0.000862
v 0.108682 -1.264029 0.053837
v 0.029268 -1.152848 0.098652
v -0.040109 -1.049273 0.138152
v -0.102244 -0.957224 0.173148
v -0.159819 -0.878337 0.205625
v -0.424216 -0.329032 0.642359
v -0.420277 -0.268068 0.585670
v -0.422700 -0.209306 0.526290
v -0.427564 -0.151379 0.466753
v -0.435580 -0.094060 0.407183
v -0.446244 -0.036193 0.348799
v -0.459859 0.024170 0.292857
v -0.380787 0.940846 -0.205150
v -0.319687 0.823320 -0.279373
v -0.267798 0.699256 -0.348988
v -0.224157 0.577514 -0.411841
v -0.182933 0.465628 -0.465537
v -0.146612 0.365958 -0.513549
v -0.115740 0.279188 -0.559491
v 0.324572 -0.218184 -0.907521
v 0.310721 -0.282074 -0.855831
v 0.290754 -0.347446 -0.807741
v 0.269103 -0.413200 -0.761573
v 0.245612 -0.479820 -0.717891
v 0.221954 -0.547821 -0.676813
v 0.199781 -0.618748 -0.638917
v 0.032335 -0.327965 -0.185175
v 0.043945 -0.397534 -0.267063
v 0.072091 -0.455717 -0.332809
v 0.098411 -0.508235 -0.392026
v 0.120348 -0.557079 -0.447486
v 0.140626 -0.603513 -0.500298
v 0.161234 -0.649885 -0.552981
v -0.427882 0.053367 0.203608
v -0.377982 0.015643 0.165696
v -0.327795 -0.021962 0.127965
v -0.275371 -0.061805 0.087877
v -0.220657 -0.105941 0.042978
v -0.159437 -0.154361 -0.006091
v -0.072952 -0.201825 -0.050224
v -0.030258 -0.346444 -0.050224
v -0.077098 -0.433268 -0.006091
v -0.102205 -0.507173 0.042978
v -0.124177 -0.573947 0.087877
v -0.146556 -0.635874 0.127965
v -0.168273 -0.694706 0.165696
v -0.189684 -0.753483 0.203608
v -0.076963 0.156965 -0.552981
v -0.069082 0.106836 -0.500298
v -0.060891 0.056833 -0.447486
v -0.052784 0.003907 -0.392026
v -0.046361 -0.054485 -0.332809
v -0.038394 -0.118626 -0.267063
v -0.010360 -0.183346 -0.185175
v -0.418741 0.136712 0.166696
v -0.365588 0.099254 0.126010
v -0.314089 0.062153 0.084016
v -0.258644 0.023795 0.040107
v -0.202203 -0.019057 -0.009528
v -0.146657 -0.068435 -0.067042
v -0.082123 -0.123065 -0.126949
v -0.410547 0.232207 0.130974
v -0.354812 0.193199 0.085693
v -0.297596 0.156303 0.040250
v -0.242146 0.117076 -0.010172
v -0.187999 0.073016 -0.067409
v -0.132892 0.020485 -0.130841
v -0.084739 -0.050155 -0.200539
v -0.404649 0.340543 0.092441
v -0.342787 0.299574 0.043428
v -0.285606 0.259513 -0.009252
v -0.230607 0.217577 -0.067100
v -0.176098 0.167295 -0.130779
v -0.126503 0.091171 -0.199997
v -0.082760 0.016205 -0.267050
v -0.397062 0.462301 0.049898
v -0.335088 0.416346 -0.006297
v -0.277028 0.371803 -0.066051
v -0.221213 0.320186 -0.130768
v -0.168902 0.235794 -0.200137
v -0.123273 0.152170 -0.266466
v -0.086615 0.074581 -0.330791
v -0.391914 0.593512 -0.001371
v -0.329112 0.541815 -0.064243
v -0.269994 0.485001 -0.130826
v -0.214224 0.390344 -0.201458
v -0.165549 0.294957 -0.268096
v -0.125518 0.207103 -0.330754
v -0.093664 0.127227 -0.391225
v -0.387131 0.729429 -0.061929
v -0.323422 0.665060 -0.130952
v -0.264289 0.560952 -0.204003
v -0.211700 0.452772 -0.272324
v -0.167310 0.351378 -0.334903
v -0.132417 0.258854 -0.393797
v -0.099454 0.177822 -0.447782
v -0.380603 0.857533 -0.131118
v -0.319650 0.749351 -0.207419
v -0.263246 0.631498 -0.278783
v -0.214547 0.516183 -0.343608
v -0.174970 0.408348 -0.402752
v -0.138690 0.312464 -0.455156
v -0.107340 0.228644 -0.504691
v -0.384287 -0.372348 0.599796
v -0.347017 -0.421629 0.545502
v -0.312575 -0.471649 0.489084
v -0.283371 -0.523201 0.430880
v -0.257182 -0.575995 0.372285
v -0.233620 -0.630791 0.314097
v -0.212334 -0.689300 0.257191
v -0.379758 -0.310727 0.545502
v -0.339543 -0.359139 0.503543
v -0.302654 -0.409461 0.450587
v -0.268698 -0.460985 0.394839
v -0.239918 -0.514572 0.337300
v -0.214416 -0.570441 0.279358
v -0.191689 -0.630000 0.221653
v -0.378004 -0.250022 0.489084
v -0.335899 -0.296851 0.450587
v -0.296807 -0.346522 0.411389
v -0.259860 -0.398635 0.358824
v -0.225896 -0.452610 0.303072
v -0.197431 -0.509682 0.245211
v -0.171931 -0.570393 0.186557
v -0.381480 -0.190874 0.430880
v -0.335370 -0.235146 0.394839
v -0.294086 -0.282699 0.358824
v -0.254330 -0.333982 0.319567
v -0.216741 -0.388668 0.266104
v -0.182069 -0.446092 0.209159
v -0.153410 -0.507987 0.148903
v -0.388163 -0.132322 0.372285
v -0.340308 -0.174521 0.337300
v -0.294882 -0.218933 0.303072
v -0.252468 -0.267651 0.266104
v -0.210123 -0.320932 0.223754
v -0.171109 -0.378909 0.167557
v -0.134613 -0.440519 0.107342
v -0.398139 -0.073515 0.314097
v -0.349237 -0.113759 0.279358
v -0.301978 -0.155551 0.245211
v -0.254542 -0.200602 0.209159
v -0.208852 -0.251062 0.167557
v -0.161953 -0.306711 0.119126
v -0.120059 -0.368288 0.058149
v -0.412042 -0.012826 0.257191
v -0.362501 -0.051407 0.221653
v -0.313538 -0.090725 0.186557
v -0.264094 -0.133067 0.148903
v -0.211668 -0.179509 0.107342
v -0.160219 -0.232254 0.058149
v -0.097659 -0.287730 0.006399
v -0.136743 -0.818500 0.166696
v -0.078000 -0.894234 0.130974
v -0.014210 -0.981996 0.092441
v 0.058288 -1.080112 0.049898
v 0.133872 -1.187490 -0.001371
v 0.211706 -1.299017 -0.061929
v 0.286761 -1.403036 -0.131118
v -0.112457 -0.758180 0.126010
v -0.052387 -0.831210 0.085693
v 0.015484 -0.913999 0.043428
v 0.085367 -1.007867 -0.006297
v 0.158528 -1.109973 -0.064243
v 0.230241 -1.210367 -0.130952
v 0.279187 -1.279095 -0.207419
v -0.089364 -0.699059 0.084016
v -0.024382 -0.769155 0.040250
v 0.041739 -0.849306 -0.009252
v 0.109927 -0.938933 -0.066051
v 0.177312 -1.030161 -0.130826
v 0.223351 -1.090837 -0.204003
v 0.262541 -1.149504 -0.278783
v -0.063641 -0.636738 0.040107
v 0.000872 -0.706103 -0.010172
v 0.065144 -0.784223 -0.067100
v 0.128759 -0.865278 -0.130768
v 0.172731 -0.920392 -0.201458
v 0.208755 -0.971440 -0.272324
v 0.240803 -1.026231 -0.343608
v -0.039523 -0.570104 -0.009528
v 0.022408 -0.639700 -0.067409
v 0.083604 -0.712399 -0.130779
v 0.126849 -0.766007 -0.200137
v 0.161796 -0.813863 -0.268096
v 0.190960 -0.862195 -0.334904
v 0.215469 -0.914191 -0.402752
v -0.019700 -0.498476 -0.067042
v 0.040150 -0.565663 -0.130841
v 0.083905 -0.621545 -0.199997
v 0.119745 -0.671010 -0.266465
v 0.147695 -0.718355 -0.330754
v 0.170009 -0.765555 -0.393797
v 0.193857 -0.813976 -0.455156
v 0.004817 -0.417556 -0.126949
v 0.042218 -0.480196 -0.200539
v 0.079919 -0.534842 -0.267050
v 0.108387 -0.585952 -0.330791
v 0.131061 -0.633985 -0.391225
v 0.153677 -0.679612 -0.447782
v 0.174657 -0.726569 -0.504691
v 0.024962 -0.251530 -0.257974
v 0.057571 -0.315848 -0.324826
v 0.092511 -0.373467 -0.382344
v 0.118460 -0.427726 -0.437256
v 0.141130 -0.477971 -0.488411
v 0.160783 -0.525943 -0.538286
v 0.180159 -0.573429 -0.589034
v 0.017411 -0.179814 -0.324826
v 0.069789 -0.238296 -0.380517
v 0.107669 -0.296608 -0.433495
v 0.138724 -0.351388 -0.482478
v 0.162368 -0.403462 -0.530526
v 0.183233 -0.453047 -0.577982
v 0.203055 -0.501876 -0.627385
v 0.015456 -0.112457 -0.382344
v 0.069926 -0.168761 -0.433495
v 0.118540 -0.223904 -0.484852
v 0.153042 -0.279500 -0.531157
v 0.181454 -0.332352 -0.575185
v 0.204433 -0.383390 -0.620731
v 0.225814 -0.433405 -0.669067
v 0.007776 -0.052805 -0.437256
v 0.066250 -0.105898 -0.482478
v 0.117315 -0.158484 -0.531157
v 0.163124 -0.210742 -0.580475
v 0.195692 -0.264148 -0.623357
v 0.223431 -0.315699 -0.666201
v 0.247374 -0.366515 -0.713420
v -0.000477 0.001696 -0.488411
v 0.057822 -0.049332 -0.530526
v 0.112469 -0.098675 -0.575185
v 0.161466 -0.148211 -0.623357
v 0.205783 -0.198148 -0.672206
v 0.237922 -0.249872 -0.714909
v 0.266805 -0.300605 -0.760073
v -0.010029 0.052650 -0.538286
v 0.048412 0.003635 -0.577982
v 0.104043 -0.043340 -0.620731
v 0.156759 -0.089860 -0.666201
v 0.204678 -0.137262 -0.714909
v 0.248529 -0.185529 -0.764355
v 0.281639 -0.236038 -0.809896
v -0.019549 0.103045 -0.589034
v 0.038536 0.055400 -0.627385
v 0.094833 0.010268 -0.669067
v 0.149265 -0.034188 -0.713420
v 0.201376 -0.078977 -0.760073
v 0.248898 -0.125136 -0.809896
v 0.293111 -0.172367 -0.860689
vn -0.8752 -0.2584 -0.4089
vn -0.8677 -0.3082 -0.3900
vn -0.8966 -0.2647 -0.3550
vn -0.8960 -0.2124 -0.3900
vn -0.9532 -0.2672 -0.1412
vn -0.9535 -0.1130 -0.2793
vn -0.9539 -0.1349 -0.2681
vn -0.9531 -0.2697 -0.1373
vn -0.7184 -0.2121 -0.6626
vn -0.6582 -0.4315 -0.6170
vn -0.8634 -0.2549 -0.4354
vn -0.7870 0.0048 -0.6170
vn -0.9455 -0.2933 -0.1412
vn -0.9468 -0.2912 -0.1372
vn -0.8742 -0.4048 -0.2681
vn -0.8620 -0.4230 -0.2793
vn -0.7643 -0.4882 -0.4213
vn -0.8481 -0.4875 -0.2075
vn -0.8805 -0.3449 -0.3252
vn -0.8623 -0.4197 -0.2833
vn -0.9238 -0.2836 -0.2574
vn -0.8667 -0.3834 -0.3192
vn -0.9377 -0.2883 -0.1939
vn -0.8645 -0.4062 -0.2959
vn -0.9434 -0.2923 -0.1567
vn -0.8614 -0.4221 -0.2825
vn -0.9456 -0.2920 -0.1438
vn -0.8614 -0.4256 -0.2773
vn -0.7293 -0.3620 -0.5806
vn -0.6898 -0.2154 -0.6912
vn -0.6918 -0.2184 -0.6883
vn -0.7278 -0.3834 -0.5685
vn -0.6939 -0.2177 -0.6864
vn -0.7257 -0.3856 -0.5698
vn -0.7022 -0.2211 -0.6768
vn -0.7300 -0.3833 -0.5659
vn -0.7268 -0.2260 -0.6485
vn -0.7438 -0.3705 -0.5564
vn -0.7659 -0.2370 -0.5976
vn -0.7650 -0.3534 -0.5385
vn -0.7824 -0.3160 -0.5366
vn -0.7314 -0.3810 -0.5656
vn -0.6869 -0.2042 -0.6975
vn -0.6890 -0.2041 -0.6955
vn -0.6989 -0.2073 -0.6845
vn -0.7225 -0.2143 -0.6574
vn -0.7631 -0.2257 -0.6056
vn -0.8128 -0.2395 -0.5310
vn -0.8596 -0.2675 -0.4353
vn -0.6882 -0.2060 -0.6956
vn -0.6972 -0.2071 -0.6863
vn -0.7218 -0.2138 -0.6582
vn -0.7613 -0.2267 -0.6075
vn -0.8115 -0.2403 -0.5326
vn -0.8637 -0.2539 -0.4354
vn -0.9040 -0.2664 -0.3345
vn -0.7011 -0.2085 -0.6819
vn -0.7192 -0.2141 -0.6610
vn -0.7595 -0.2267 -0.6097
vn -0.8095 -0.2412 -0.5352
vn -0.8632 -0.2555 -0.4354
vn -0.9042 -0.2677 -0.3328
vn -0.9290 -0.2747 -0.2478
vn -0.7407 -0.2189 -0.6351
vn -0.7574 -0.2255 -0.6128
vn -0.8078 -0.2413 -0.5378
vn -0.8628 -0.2570 -0.4354
vn -0.9048 -0.2693 -0.3298
vn -0.9292 -0.2763 -0.2455
vn -0.9427 -0.2793 -0.1826
vn -0.7795 -0.2406 -0.5783
vn -0.8066 -0.2436 -0.5386
vn -0.8625 -0.2579 -0.4354
vn -0.9056 -0.2701 -0.3270
vn -0.9297 -0.2770 -0.2427
vn -0.9430 -0.2791 -0.1814
vn -0.9485 -0.2810 -0.1465
vn -0.8091 -0.3287 -0.4871
vn -0.8501 -0.2970 -0.4349
vn -0.9052 -0.2727 -0.3260
vn -0.9308 -0.2767 -0.2390
vn -0.9433 -0.2803 -0.1778
vn -0.9487 -0.2814 -0.1440
vn -0.9506 -0.2813 -0.1315
vn -0.8160 -0.3850 -0.4312
vn -0.8594 -0.3435 -0.3788
vn -0.9177 -0.2814 -0.2804
vn -0.9374 -0.2769 -0.2111
vn -0.9478 -0.2813 -0.1499
vn -0.9500 -0.2833 -0.1312
vn -0.9507 -0.2821 -0.1287
vn -0.9045 0.0469 -0.4239
vn -0.9044 0.0526 -0.4234
vn -0.8194 -0.0734 -0.5685
vn -0.8090 -0.0921 -0.5806
vn -0.9039 0.0492 -0.4248
vn -0.8187 -0.0704 -0.5698
vn -0.9043 0.0276 -0.4260
vn -0.8211 -0.0746 -0.5659
vn -0.9038 -0.0105 -0.4279
vn -0.8257 -0.0928 -0.5564
vn -0.8968 -0.0695 -0.4369
vn -0.8342 -0.1187 -0.5385
vn -0.8477 -0.1256 -0.5155
vn -0.8211 -0.0773 -0.5656
vn -0.8236 -0.2431 -0.5124
vn -0.8266 -0.2961 -0.4786
vn -0.8509 -0.2512 -0.4615
vn -0.8549 -0.2003 -0.4786
vn -0.8847 -0.1626 -0.4369
vn -0.8916 -0.1196 -0.4368
vn -0.8994 -0.0820 -0.4294
vn -0.9033 -0.0459 -0.4266
vn -0.9060 -0.0165 -0.4229
vn -0.9074 0.0100 -0.4201
vn -0.9084 0.0290 -0.4170
vn -0.9087 0.0454 -0.4149
vn -0.9089 0.0553 -0.4133
vn -0.9087 0.0627 -0.4126
vn -0.8136 -0.3838 -0.4368
vn -0.8311 -0.3440 -0.4369
vn -0.8630 -0.2548 -0.4363
vn -0.8867 -0.1609 -0.4335
vn -0.9003 -0.0792 -0.4279
vn -0.9068 -0.0128 -0.4213
vn -0.9088 0.0325 -0.4159
vn -0.7834 -0.4520 -0.4267
vn -0.7997 -0.4196 -0.4294
vn -0.8319 -0.3464 -0.4335
vn -0.8636 -0.2550 -0.4349
vn -0.8877 -0.1596 -0.4319
vn -0.9014 -0.0758 -0.4262
vn -0.9078 -0.0081 -0.4192
vn -0.7565 -0.5012 -0.4201
vn -0.7697 -0.4782 -0.4229
vn -0.7990 -0.4225 -0.4279
vn -0.8320 -0.3481 -0.4319
vn -0.8643 -0.2552 -0.4334
vn -0.8890 -0.1571 -0.4301
vn -0.9028 -0.0705 -0.4242
vn -0.7383 -0.5317 -0.4149
vn -0.7470 -0.5177 -0.4170
vn -0.7684 -0.4818 -0.4213
vn -0.7981 -0.4259 -0.4262
vn -0.8318 -0.3509 -0.4301
vn -0.8650 -0.2554 -0.4318
vn -0.8899 -0.1531 -0.4296
vn -0.7290 -0.5462 -0.4126
vn -0.7331 -0.5401 -0.4133
vn -0.7455 -0.5209 -0.4159
vn -0.7667 -0.4863 -0.4192
vn -0.7963 -0.4312 -0.4242
vn -0.8304 -0.3547 -0.4296
vn -0.8546 -0.2523 -0.4539
vn -0.7340 -0.5306 -0.4239
vn -0.7308 -0.5354 -0.4234
vn -0.7323 -0.5323 -0.4248
vn -0.7443 -0.5143 -0.4260
vn -0.7646 -0.4820 -0.4279
vn -0.7908 -0.4287 -0.4369
vn -0.7800 -0.3549 -0.5155
vn -0.8579 -0.1635 -0.4871
vn -0.8751 -0.2123 -0.4349
vn -0.9081 -0.1783 -0.3788
vn -0.8943 -0.1199 -0.4312
vn -0.9082 -0.2626 -0.3260
vn -0.9234 -0.2621 -0.2804
vn -0.9318 -0.2732 -0.2390
vn -0.9375 -0.2766 -0.2111
vn -0.9443 -0.2770 -0.1778
vn -0.9487 -0.2785 -0.1499
vn -0.9494 -0.2790 -0.1440
vn -0.9516 -0.2781 -0.1312
vn -0.9509 -0.2801 -0.1315
vn -0.9515 -0.2795 -0.1287
vn -0.6995 -0.1923 -0.6883
vn -0.6962 -0.1938 -0.6912
vn -0.6893 -0.2028 -0.6955
vn -0.6877 -0.2016 -0.6975
vn -0.6979 -0.2047 -0.6863
vn -0.6898 -0.2008 -0.6956
vn -0.7202 -0.2108 -0.6610
vn -0.7019 -0.2057 -0.6819
vn -0.7584 -0.2220 -0.6128
vn -0.7408 -0.2185 -0.6351
vn -0.8096 -0.2335 -0.5386
vn -0.7852 -0.2214 -0.5783
vn -0.7008 -0.1941 -0.6864
vn -0.6995 -0.2055 -0.6845
vn -0.7222 -0.2125 -0.6582
vn -0.7609 -0.2221 -0.6097
vn -0.8093 -0.2361 -0.5378
vn -0.8643 -0.2519 -0.4354
vn -0.7097 -0.1957 -0.6768
vn -0.7230 -0.2124 -0.6574
vn -0.7624 -0.2231 -0.6075
vn -0.8107 -0.2371 -0.5352
vn -0.8640 -0.2528 -0.4354
vn -0.9071 -0.2650 -0.3270
vn -0.7331 -0.2049 -0.6485
vn -0.7634 -0.2249 -0.6056
vn -0.8119 -0.2390 -0.5326
vn -0.8636 -0.2543 -0.4354
vn -0.9060 -0.2652 -0.3298
vn -0.9311 -0.2723 -0.2427
vn -0.7719 -0.2169 -0.5976
vn -0.8126 -0.2404 -0.5310
vn -0.8631 -0.2559 -0.4354
vn -0.9046 -0.2663 -0.3328
vn -0.9303 -0.2727 -0.2455
vn -0.9434 -0.2778 -0.1814
vn -0.8286 -0.1596 -0.5366
vn -0.8671 -0.2423 -0.4353
vn -0.9037 -0.2673 -0.3345
vn -0.9293 -0.2739 -0.2478
vn -0.9432 -0.2775 -0.1826
vn -0.9490 -0.2792 -0.1465
vn -0.9069 -0.0051 -0.4213
vn -0.9267 -0.1886 -0.3252
vn -0.9297 -0.2635 -0.2574
vn -0.9439 -0.2672 -0.1939
vn -0.9509 -0.2669 -0.1567
vn -0.9525 -0.2684 -0.1438
vn -0.9769 -0.0512 -0.2075
vn -0.9520 -0.1160 -0.2833
vn -0.9359 -0.1488 -0.3192
vn -0.9465 -0.1285 -0.2959
vn -0.9525 -0.1134 -0.2825
vn -0.9544 -0.1104 -0.2773
vn -0.9128 0.0502 -0.4054
vn -0.9126 0.0445 -0.4063
vn -0.9084 0.0554 -0.4144
vn -0.9085 0.0627 -0.4131
vn -0.9082 0.0291 -0.4176
vn -0.9085 0.0455 -0.4155
vn -0.9063 -0.0166 -0.4223
vn -0.9079 0.0099 -0.4191
vn -0.9001 -0.0822 -0.4278
vn -0.9043 -0.0462 -0.4244
vn -0.8879 -0.1635 -0.4299
vn -0.8967 -0.1212 -0.4256
vn -0.9442 -0.2787 -0.1757
vn -0.9267 -0.1490 -0.3451
vn -0.9054 -0.0721 -0.4184
vn -0.9092 -0.0121 -0.4161
vn -0.9121 0.0253 -0.4092
vn -0.9132 0.0465 -0.4049
vn -0.8590 -0.3782 -0.3451
vn -0.8718 -0.2574 -0.4167
vn -0.8868 -0.1522 -0.4363
vn -0.8997 -0.0695 -0.4310
vn -0.9056 -0.0074 -0.4240
vn -0.9079 0.0328 -0.4178
vn -0.7994 -0.4312 -0.4184
vn -0.8273 -0.3538 -0.4363
vn -0.8618 -0.2544 -0.4389
vn -0.8862 -0.1563 -0.4362
vn -0.8997 -0.0753 -0.4299
vn -0.9060 -0.0125 -0.4230
vn -0.7700 -0.4836 -0.4161
vn -0.7932 -0.4302 -0.4310
vn -0.8290 -0.3500 -0.4362
vn -0.8625 -0.2546 -0.4374
vn -0.8864 -0.1592 -0.4346
vn -0.9000 -0.0790 -0.4288
vn -0.7521 -0.5166 -0.4092
vn -0.7645 -0.4856 -0.4240
vn -0.7964 -0.4254 -0.4299
vn -0.8308 -0.3478 -0.4346
vn -0.8632 -0.2548 -0.4359
vn -0.8868 -0.1610 -0.4331
vn -0.7415 -0.5350 -0.4049
vn -0.7446 -0.5206 -0.4178
vn -0.7676 -0.4816 -0.4230
vn -0.7986 -0.4224 -0.4288
vn -0.8321 -0.3465 -0.4331
vn -0.8638 -0.2550 -0.4345
vn -0.7392 -0.5379 -0.4054
vn -0.7326 -0.5399 -0.4144
vn -0.7467 -0.5177 -0.4176
vn -0.7700 -0.4783 -0.4223
vn -0.8005 -0.4199 -0.4278
vn -0.8344 -0.3449 -0.4299
vn -0.7421 -0.5330 -0.4063
vn -0.7288 -0.5461 -0.4131
vn -0.7381 -0.5316 -0.4155
vn -0.7570 -0.5014 -0.4191
vn -0.7844 -0.4523 -0.4243
vn -0.8188 -0.3853 -0.4256
vt 0.937500 0.937500
vt 1.000000 0.937500
vt 1.000000 1.000000
vt 0.937500 1.000000
vt 0.437500 0.937500
vt 0.500000 0.937500
vt 0.500000 1.000000
vt 0.437500 1.000000
vt 0.437500 0.437500
vt 0.500000 0.437500
vt 0.500000 0.500000
vt 0.437500 0.500000
vt 0.937500 0.437500
vt 1.000000 0.437500
vt 1.000000 0.500000
vt 0.937500 0.500000
vt 0.562500 0.437500
vt 0.562500 0.500000
vt 0.625000 0.437500
vt 0.625000 0.500000
vt 0.687500 0.437500
vt 0.687500 0.500000
vt 0.750000 0.437500
vt 0.750000 0.500000
vt 0.812500 0.437500
vt 0.812500 0.500000
vt 0.875000 0.437500
vt 0.875000 0.500000
vt 0.500000 0.000000
vt 0.562500 0.000000
vt 0.562500 0.062500
vt 0.500000 0.062500
vt 0.562500 0.125000
vt 0.500000 0.125000
vt 0.562500 0.187500
vt 0.500000 0.187500
vt 0.562500 0.250000
vt 0.500000 0.250000
vt 0.562500 0.312500
vt 0.500000 0.312500
vt 0.562500 0.375000
vt 0.500000 0.375000
vt 0.625000 0.000000
vt 0.625000 0.062500
vt 0.625000 0.125000
vt 0.625000 0.187500
vt 0.625000 0.250000
vt 0.625000 0.312500
vt 0.625000 0.375000
vt 0.687500 0.000000
vt 0.687500 0.062500
vt 0.687500 0.125000
vt 0.687500 0.187500
vt 0.687500 0.250000
vt 0.687500 0.312500
vt 0.687500 0.375000
vt 0.750000 0.000000
vt 0.750000 0.062500
vt 0.750000 0.125000
vt 0.750000 0.187500
vt 0.750000 0.250000
vt 0.750000 0.312500
vt 0.750000 0.375000
vt 0.812500 0.000000
vt 0.812500 0.062500
vt 0.812500 0.125000
vt 0.812500 0.187500
vt 0.812500 0.250000
vt 0.812500 0.312500
vt 0.812500 0.375000
vt 0.875000 0.000000
vt 0.875000 0.062500
vt 0.875000 0.125000
vt 0.875000 0.187500
vt 0.875000 0.250000
vt 0.875000 0.312500
vt 0.875000 0.375000
vt 0.937500 0.000000
vt 0.937500 0.062500
vt 0.937500 0.125000
vt 0.937500 0.187500
vt 0.937500 0.250000
vt 0.937500 0.312500
vt 0.937500 0.375000
vt 1.000000 0.000000
vt 1.000000 0.062500
vt 1.000000 0.125000
vt 1.000000 0.187500
vt 1.000000 0.250000
vt 1.000000 0.312500
vt 1.000000 0.375000
vt 0.000000 0.437500
vt 0.062500 0.437500
vt 0.062500 0.500000
vt 0.000000 0.500000
vt 0.125000 0.437500
vt 0.125000 0.500000
vt 0.187500 0.437500
vt 0.187500 0.500000
vt 0.250000 0.437500
vt 0.250000 0.500000
vt 0.312500 0.437500
vt 0.312500 0.500000
vt 0.375000 0.437500
vt 0.375000 0.500000
vt 0.000000 0.000000
vt 0.062500 0.000000
vt 0.062500 0.062500
vt 0.000000 0.062500
vt 0.062500 0.125000
vt 0.000000 0.125000
vt 0.062500 0.187500
vt 0.000000 0.187500
vt 0.062500 0.250000
vt 0.000000 0.250000
vt 0.062500 0.312500
vt 0.000000 0.312500
vt 0.062500 0.375000
vt 0.000000 0.375000
vt 0.125000 0.000000
vt 0.125000 0.062500
vt 0.125000 0.125000
vt 0.125000 0.187500
vt 0.125000 0.250000
vt 0.125000 0.312500
vt 0.125000 0.375000
vt 0.187500 0.000000
vt 0.187500 0.062500
vt 0.187500 0.125000
vt 0.187500 0.187500
vt 0.187500 0.250000
vt 0.187500 0.312500
vt 0.187500 0.375000
vt 0.250000 0.000000
vt 0.250000 0.062500
vt 0.250000 0.125000
vt 0.250000 0.187500
vt 0.250000 0.250000
vt 0.250000 0.312500
vt 0.250000 0.375000
vt 0.312500 0.000000
vt 0.312500 0.062500
vt 0.312500 0.125000
vt 0.312500 0.187500
vt 0.312500 0.250000
vt 0.312500 0.312500
vt 0.312500 0.375000
vt 0.375000 0.000000
vt 0.375000 0.062500
vt 0.375000 0.125000
vt 0.375000 0.187500
vt 0.375000 0.250000
vt 0.375000 0.312500
vt 0.375000 0.375000
vt 0.437500 0.000000
vt 0.437500 0.062500
vt 0.437500 0.125000
vt 0.437500 0.187500
vt 0.437500 0.250000
vt 0.437500 0.312500
vt 0.437500 0.375000
vt 0.000000 0.937500
vt 0.062500 0.937500
vt 0.062500 1.000000
vt 0.000000 1.000000
vt 0.125000 0.937500
vt 0.125000 1.000000
vt 0.187500 0.937500
vt 0.187500 1.000000
vt 0.250000 0.937500
vt 0.250000 1.000000
vt 0.312500 0.937500
vt 0.312500 1.000000
vt 0.375000 0.937500
vt 0.375000 1.000000
vt 0.062500 0.562500
vt 0.000000 0.562500
vt 0.062500 0.625000
vt 0.000000 0.625000
vt 0.062500 0.687500
vt 0.000000 0.687500
vt 0.062500 0.750000
vt 0.000000 0.750000
vt 0.062500 0.812500
vt 0.000000 0.812500
vt 0.062500 0.875000
vt 0.000000 0.875000
vt 0.125000 0.562500
vt 0.125000 0.625000
vt 0.125000 0.687500
vt 0.125000 0.750000
vt 0.125000 0.812500
vt 0.125000 0.875000
vt 0.187500 0.562500
vt 0.187500 0.625000
vt 0.187500 0.687500
vt 0.187500 0.750000
vt 0.187500 0.812500
vt 0.187500 0.875000
vt 0.250000 0.562500
vt 0.250000 0.625000
vt 0.250000 0.687500
vt 0.250000 0.750000
vt 0.250000 0.812500
vt 0.250000 0.875000
vt 0.312500 0.562500
vt 0.312500 0.625000
vt 0.312500 0.687500
vt 0.312500 0.750000
vt 0.312500 0.812500
vt 0.312500 0.875000
vt 0.375000 0.562500
vt 0.375000 0.625000
vt 0.375000 0.687500
vt 0.375000 0.750000
vt 0.375000 0.812500
vt 0.375000 0.875000
vt 0.437500 0.562500
vt 0.437500 0.625000
vt 0.437500 0.687500
vt 0.437500 0.750000
vt 0.437500 0.812500
vt 0.437500 0.875000
vt 0.500000 0.562500
vt 0.500000 0.625000
vt 0.500000 0.687500
vt 0.500000 0.750000
vt 0.500000 0.812500
vt 0.500000 0.875000
vt 0.562500 0.937500
vt 0.562500 1.000000
vt 0.625000 0.937500
vt 0.625000 1.000000
vt 0.687500 0.937500
vt 0.687500 1.000000
vt 0.750000 0.937500
vt 0.750000 1.000000
vt 0.812500 0.937500
vt 0.812500 1.000000
vt 0.875000 0.937500
vt 0.875000 1.000000
vt 0.562500 0.562500
vt 0.562500 0.625000
vt 0.562500 0.687500
vt 0.562500 0.750000
vt 0.562500 0.812500
vt 0.562500 0.875000
vt 0.625000 0.562500
vt 0.625000 0.625000
vt 0.625000 0.687500
vt 0.625000 0.750000
vt 0.625000 0.812500
vt 0.625000 0.875000
vt 0.687500 0.562500
vt 0.687500 0.625000
vt 0.687500 0.687500
vt 0.687500 0.750000
vt 0.687500 0.812500
vt 0.687500 0.875000
vt 0.750000 0.562500
vt 0.750000 0.625000
vt 0.750000 0.687500
vt 0.750000 0.750000
vt 0.750000 0.812500
vt 0.750000 0.875000
vt 0.812500 0.562500
vt 0.812500 0.625000
vt 0.812500 0.687500
vt 0.812500 0.750000
vt 0.812500 0.812500
vt 0.812500 0.875000
vt 0.875000 0.562500
vt 0.875000 0.625000
vt 0.875000 0.687500
vt 0.875000 0.750000
vt 0.875000 0.812500
vt 0.875000 0.875000
vt 0.937500 0.562500
vt 0.937500 0.625000
vt 0.937500 0.687500
vt 0.937500 0.750000
vt 0.937500 0.812500
vt 0.937500 0.875000
vt 1.000000 0.562500
vt 1.000000 0.625000
vt 1.000000 0.687500
vt 1.000000 0.750000
vt 1.000000 0.812500
vt 1.000000 0.875000
s 1
usemtl Poliigon_MetalSteelBrushed_7174_2K
f 289/1/1 30/2/2 4/3/3 59/4/4
f 240/5/5 72/6/6 8/7/7 31/8/8
f 191/9/9 79/10/10 9/11/11 80/12/12
f 142/13/13 58/14/14 7/15/15 87/16/16
f 79/10/10 100/17/17 93/18/18 9/11/11
f 100/17/17 107/19/19 92/20/20 93/18/18
f 107/19/19 114/21/21 91/22/22 92/20/20
f 114/21/21 121/23/23 90/24/24 91/22/22
f 121/23/23 128/25/25 89/26/26 90/24/24
f 128/25/25 135/27/27 88/28/28 89/26/26
f 135/27/27 142/13/13 87/16/16 88/28/28
f 6/29/29 17/30/30 94/31/31 73/32/32
f 73/32/32 94/31/31 95/33/33 74/34/34
f 74/34/34 95/33/33 96/35/35 75/36/36
f 75/36/36 96/35/35 97/37/37 76/38/38
f 76/38/38 97/37/37 98/39/39 77/40/40
f 77/40/40 98/39/39 99/41/41 78/42/42
f 78/42/42 99/41/41 100/17/17 79/10/10
f 17/30/30 18/43/43 101/44/44 94/31/31
f 94/31/31 101/44/44 102/45/45 95/33/33
f 95/33/33 102/45/45 103/46/46 96/35/35
f 96/35/35 103/46/46 104/47/47 97/37/37
f 97/37/37 104/47/47 105/48/48 98/39/39
f 98/39/39 105/48/48 106/49/49 99/41/41
f 99/41/41 106/49/49 107/19/19 100/17/17
f 18/43/43 19/50/50 108/51/51 101/44/44
f 101/44/44 108/51/51 109/52/52 102/45/45
f 102/45/45 109/52/52 110/53/53 103/46/46
f 103/46/46 110/53/53 111/54/54 104/47/47
f 104/47/47 111/54/54 112/55/55 105/48/48
f 105/48/48 112/55/55 113/56/56 106/49/49
f 106/49/49 113/56/56 114/21/21 107/19/19
f 19/50/50 20/57/57 115/58/58 108/51/51
f 108/51/51 115/58/58 116/59/59 109/52/52
f 109/52/52 116/59/59 117/60/60 110/53/53
f 110/53/53 117/60/60 118/61/61 111/54/54
f 111/54/54 118/61/61 119/62/62 112/55/55
f 112/55/55 119/62/62 120/63/63 113/56/56
f 113/56/56 120/63/63 121/23/23 114/21/21
f 20/57/57 21/64/64 122/65/65 115/58/58
f 115/58/58 122/65/65 123/66/66 116/59/59
f 116/59/59 123/66/66 124/67/67 117/60/60
f 117/60/60 124/67/67 125/68/68 118/61/61
f 118/61/61 125/68/68 126/69/69 119/62/62
f 119/62/62 126/69/69 127/70/70 120/63/63
f 120/63/63 127/70/70 128/25/25 121/23/23
f 21/64/64 22/71/71 129/72/72 122/65/65
f 122/65/65 129/72/72 130/73/73 123/66/66
f 123/66/66 130/73/73 131/74/74 124/67/67
f 124/67/67 131/74/74 132/75/75 125/68/68
f 125/68/68 132/75/75 133/76/76 126/69/69
f 126/69/69 133/76/76 134/77/77 127/70/70
f 127/70/70 134/77/77 135/27/27 128/25/25
f 22/71/71 23/78/78 136/79/79 129/72/72
f 129/72/72 136/79/79 137/80/80 130/73/73
f 130/73/73 137/80/80 138/81/81 131/74/74
f 131/74/74 138/81/81 139/82/82 132/75/75
f 132/75/75 139/82/82 140/83/83 133/76/76
f 133/76/76 140/83/83 141/84/84 134/77/77
f 134/77/77 141/84/84 142/13/13 135/27/27
f 23/78/78 2/85/85 52/86/86 136/79/79
f 136/79/79 52/86/86 53/87/87 137/80/80
f 137/80/80 53/87/87 54/88/88 138/81/81
f 138/81/81 54/88/88 55/89/89 139/82/82
f 139/82/82 55/89/89 56/90/90 140/83/83
f 140/83/83 56/90/90 57/91/91 141/84/84
f 141/84/84 57/91/91 58/14/14 142/13/13
f 10/92/92 149/93/93 86/94/94 5/95/95
f 149/93/93 156/96/96 85/97/97 86/94/94
f 156/96/96 163/98/98 84/99/99 85/97/97
f 163/98/98 170/100/100 83/101/101 84/99/99
f 170/100/100 177/102/102 82/103/103 83/101/101
f 177/102/102 184/104/104 81/105/105 82/103/103
f 184/104/104 191/9/9 80/12/12 81/105/105
f 1/106/106 45/107/107 143/108/108 16/109/109
f 16/109/109 143/108/108 144/110/110 15/111/111
f 15/111/111 144/110/110 145/112/112 14/113/113
f 14/113/113 145/112/112 146/114/114 13/115/115
f 13/115/115 146/114/114 147/116/116 12/117/117
f 12/117/117 147/116/116 148/118/118 11/119/119
f 11/119/119 148/118/118 149/93/93 10/92/92
f 45/107/107 46/120/120 150/121/121 143/108/108
f 143/108/108 150/121/121 151/122/122 144/110/110
f 144/110/110 151/122/122 152/123/123 145/112/112
f 145/112/112 152/123/123 153/124/124 146/114/114
f 146/114/114 153/124/124 154/125/125 147/116/116
f 147/116/116 154/125/125 155/126/126 148/118/118
f 148/118/118 155/126/126 156/96/96 149/93/93
f 46/120/120 47/127/127 157/128/128 150/121/121
f 150/121/121 157/128/128 158/129/129 151/122/122
f 151/122/122 158/129/129 159/130/130 152/123/123
f 152/123/123 159/130/130 160/131/131 153/124/124
f 153/124/124 160/131/131 161/132/132 154/125/125
f 154/125/125 161/132/132 162/133/133 155/126/126
f 155/126/126 162/133/133 163/98/98 156/96/96
f 47/127/127 48/134/134 164/135/135 157/128/128
f 157/128/128 164/135/135 165/136/136 158/129/129
f 158/129/129 165/136/136 166/137/137 159/130/130
f 159/130/130 166/137/137 167/138/138 160/131/131
f 160/131/131 167/138/138 168/139/139 161/132/132
f 161/132/132 168/139/139 169/140/140 162/133/133
f 162/133/133 169/140/140 170/100/100 163/98/98
f 48/134/134 49/141/141 171/142/142 164/135/135
f 164/135/135 171/142/142 172/143/143 165/136/136
f 165/136/136 172/143/143 173/144/144 166/137/137
f 166/137/137 173/144/144 174/145/145 167/138/138
f 167/138/138 174/145/145 175/146/146 168/139/139
f 168/139/139 175/146/146 176/147/147 169/140/140
f 169/140/140 176/147/147 177/102/102 170/100/100
f 49/141/141 50/148/148 178/149/149 171/142/142
f 171/142/142 178/149/149 179/150/150 172/143/143
f 172/143/143 179/150/150 180/151/151 173/144/144
f 173/144/144 180/151/151 181/152/152 174/145/145
f 174/145/145 181/152/152 182/153/153 175/146/146
f 175/146/146 182/153/153 183/154/154 176/147/147
f 176/147/147 183/154/154 184/104/104 177/102/102
f 50/148/148 51/155/155 185/156/156 178/149/149
f 178/149/149 185/156/156 186/157/157 179/150/150
f 179/150/150 186/157/157 187/158/158 180/151/151
f 180/151/151 187/158/158 188/159/159 181/152/152
f 181/152/152 188/159/159 189/160/160 182/153/153
f 182/153/153 189/160/160 190/161/161 183/154/154
f 183/154/154 190/161/161 191/9/9 184/104/104
f 51/155/155 6/29/29 73/32/32 185/156/156
f 185/156/156 73/32/32 74/34/34 186/157/157
f 186/157/157 74/34/34 75/36/36 187/158/158
f 187/158/158 75/36/36 76/38/38 188/159/159
f 188/159/159 76/38/38 77/40/40 189/160/160
f 189/160/160 77/40/40 78/42/42 190/161/161
f 190/161/161 78/42/42 79/10/10 191/9/9
f 38/162/162 198/163/163 37/164/164 3/165/165
f 198/163/163 205/166/166 36/167/167 37/164/164
f 205/166/166 212/168/168 35/169/169 36/167/167
f 212/168/168 219/170/170 34/171/171 35/169/169
f 219/170/170 226/172/172 33/173/173 34/171/171
f 226/172/172 233/174/174 32/175/175 33/173/173
f 233/174/174 240/5/5 31/8/8 32/175/175
f 5/95/95 86/94/94 192/176/176 44/177/177
f 44/177/177 192/176/176 193/178/178 43/179/179
f 43/179/179 193/178/178 194/180/180 42/181/181
f 42/181/181 194/180/180 195/182/182 41/183/183
f 41/183/183 195/182/182 196/184/184 40/185/185
f 40/185/185 196/184/184 197/186/186 39/187/187
f 39/187/187 197/186/186 198/163/163 38/162/162
f 86/94/94 85/97/97 199/188/188 192/176/176
f 192/176/176 199/188/188 200/189/189 193/178/178
f 193/178/178 200/189/189 201/190/190 194/180/180
f 194/180/180 201/190/190 202/191/191 195/182/182
f 195/182/182 202/191/191 203/192/192 196/184/184
f 196/184/184 203/192/192 204/193/193 197/186/186
f 197/186/186 204/193/193 205/166/166 198/163/163
f 85/97/97 84/99/99 206/194/194 199/188/188
f 199/188/188 206/194/194 207/195/195 200/189/189
f 200/189/189 207/195/195 208/196/196 201/190/190
f 201/190/190 208/196/196 209/197/197 202/191/191
f 202/191/191 209/197/197 210/198/198 203/192/192
f 203/192/192 210/198/198 211/199/199 204/193/193
f 204/193/193 211/199/199 212/168/168 205/166/166
f 84/99/99 83/101/101 213/200/200 206/194/194
f 206/194/194 213/200/200 214/201/201 207/195/195
f 207/195/195 214/201/201 215/202/202 208/196/196
f 208/196/196 215/202/202 216/203/203 209/197/197
f 209/197/197 216/203/203 217/204/204 210/198/198
f 210/198/198 217/204/204 218/205/205 211/199/199
f 211/199/199 218/205/205 219/170/170 212/168/168
f 83/101/101 82/103/103 220/206/206 213/200/200
f 213/200/200 220/206/206 221/207/207 214/201/201
f 214/201/201 221/207/207 222/208/208 215/202/202
f 215/202/202 222/208/208 223/209/209 216/203/203
f 216/203/203 223/209/209 224/210/210 217/204/204
f 217/204/204 224/210/210 225/211/211 218/205/205
f 218/205/205 225/211/211 226/172/172 219/170/170
f 82/103/103 81/105/105 227/212/212 220/206/206
f 220/206/206 227/212/212 228/213/213 221/207/207
f 221/207/207 228/213/213 229/214/214 222/208/208
f 222/208/208 229/214/214 230/215/215 223/209/209
f 223/209/209 230/215/215 231/216/216 224/210/210
f 224/210/210 231/216/216 232/217/217 225/211/211
f 225/211/211 232/217/217 233/174/174 226/172/172
f 81/105/105 80/12/12 234/218/218 227/212/212
f 227/212/212 234/218/218 235/219/219 228/213/213
f 228/213/213 235/219/219 236/220/220 229/214/214
f 229/214/214 236/220/220 237/221/221 230/215/215
f 230/215/215 237/221/221 238/222/222 231/216/216
f 231/216/216 238/222/222 239/223/223 232/217/217
f 232/217/217 239/223/223 240/5/5 233/174/174
f 80/12/12 9/11/11 66/224/224 234/218/218
f 234/218/218 66/224/224 67/225/225 235/219/219
f 235/219/219 67/225/225 68/226/226 236/220/220
f 236/220/220 68/226/226 69/227/227 237/221/221
f 237/221/221 69/227/227 70/228/228 238/222/222
f 238/222/222 70/228/228 71/229/229 239/223/223
f 239/223/223 71/229/229 72/6/6 240/5/5
f 72/6/6 247/230/230 65/231/231 8/7/7
f 247/230/230 254/232/232 64/233/233 65/231/231
f 254/232/232 261/234/234 63/235/235 64/233/233
f 261/234/234 268/236/236 62/237/237 63/235/235
f 268/236/236 275/238/238 61/239/239 62/237/237
f 275/238/238 282/240/240 60/241/241 61/239/239
f 282/240/240 289/1/1 59/4/4 60/241/241
f 9/11/11 93/18/18 241/242/242 66/224/224
f 66/224/224 241/242/242 242/243/243 67/225/225
f 67/225/225 242/243/243 243/244/244 68/226/226
f 68/226/226 243/244/244 244/245/245 69/227/227
f 69/227/227 244/245/245 245/246/246 70/228/228
f 70/228/228 245/246/246 246/247/247 71/229/229
f 71/229/229 246/247/247 247/230/230 72/6/6
f 93/18/18 92/20/20 248/248/248 241/242/242
f 241/242/242 248/248/248 249/249/249 242/243/243
f 242/243/243 249/249/249 250/250/250 243/244/244
f 243/244/244 250/250/250 251/251/251 244/245/245
f 244/245/245 251/251/251 252/252/252 245/246/246
f 245/246/246 252/252/252 253/253/253 246/247/247
f 246/247/247 253/253/253 254/232/232 247/230/230
f 92/20/20 91/22/22 255/254/254 248/248/248
f 248/248/248 255/254/254 256/255/255 249/249/249
f 249/249/249 256/255/255 257/256/256 250/250/250
f 250/250/250 257/256/256 258/257/257 251/251/251
f 251/251/251 258/257/257 259/258/258 252/252/252
f 252/252/252 259/258/258 260/259/259 253/253/253
f 253/253/253 260/259/259 261/234/234 254/232/232
f 91/22/22 90/24/24 262/260/260 255/254/254
f 255/254/254 262/260/260 263/261/261 256/255/255
f 256/255/255 263/261/261 264/262/262 257/256/256
f 257/256/256 264/262/262 265/263/263 258/257/257
f 258/257/257 265/263/263 266/264/264 259/258/258
f 259/258/258 266/264/264 267/265/265 260/259/259
f 260/259/259 267/265/265 268/236/236 261/234/234
f 90/24/24 89/26/26 269/266/266 262/260/260
f 262/260/260 269/266/266 270/267/267 263/261/261
f 263/261/261 270/267/267 271/268/268 264/262/262
f 264/262/262 271/268/268 272/269/269 265/263/263
f 265/263/263 272/269/269 273/270/270 266/264/264
f 266/264/264 273/270/270 274/271/271 267/265/265
f 267/265/265 274/271/271 275/238/238 268/236/236
f 89/26/26 88/28/28 276/272/272 269/266/266
f 269/266/266 276/272/272 277/273/273 270/267/267
f 270/267/267 277/273/273 278/274/274 271/268/268
f 271/268/268 278/274/274 279/275/275 272/269/269
f 272/269/269 279/275/275 280/276/276 273/270/270
f 273/270/270 280/276/276 281/277/277 274/271/271
f 274/271/271 281/277/277 282/240/240 275/238/238
f 88/28/28 87/16/16 283/278/278 276/272/272
f 276/272/272 283/278/278 284/279/279 277/273/273
f 277/273/273 284/279/279 285/280/280 278/274/274
f 278/274/274 285/280/280 286/281/281 279/275/275
f 279/275/275 286/281/281 287/282/282 280/276/276
f 280/276/276 287/282/282 288/283/283 281/277/277
f 281/277/277 288/283/283 289/1/1 282/240/240
f 87/16/16 7/15/15 24/284/284 283/278/278
f 283/278/278 24/284/284 25/285/285 284/279/279
f 284/279/279 25/285/285 26/286/286 285/280/280
f 285/280/280 26/286/286 27/287/287 286/281/281
f 286/281/281 27/287/287 28/288/288 287/282/282
f 287/282/282 28/288/288 29/289/289 288/283/283
f 288/283/283 29/289/289 30/2/2 289/1/1
o Plane.001
v -1.545369 0.521379 1.264291
v -1.140111 1.531847 0.048743
v -0.383220 -0.585442 1.559579
v 0.036271 0.446733 0.367321
v -1.075174 0.068922 1.237302
v -1.337790 0.803550 0.713092
v -0.521881 0.765043 0.250379
v -0.259265 0.030415 0.774589
v -0.714621 0.544953 0.881144
v -1.128475 0.135838 1.235375
v -1.182567 0.199137 1.240467
v -1.238817 0.259512 1.248331
v -1.297205 0.317961 1.256856
v -1.357871 0.374425 1.264294
v -1.420395 0.429529 1.270560
v -1.486392 0.480398 1.272074
v -1.317268 0.869384 0.653637
v -1.298797 0.949098 0.591209
v -1.282209 1.039262 0.519420
v -1.263813 1.140280 0.438437
v -1.239461 1.251638 0.350787
v -1.209813 1.363950 0.253640
v -1.174599 1.468301 0.149114
v -0.453388 0.721296 0.277165
v -0.382381 0.683797 0.299755
v -0.309907 0.648165 0.318438
v -0.236626 0.612429 0.334283
v -0.163428 0.575079 0.347353
v -0.090320 0.536118 0.358407
v -0.019638 0.492394 0.364559
v -0.271913 -0.023410 0.846929
v -0.277761 -0.083874 0.930012
v -0.282148 -0.155429 1.021767
v -0.287238 -0.236152 1.124525
v -0.294681 -0.321720 1.239846
v -0.310347 -0.412708 1.359872
v -0.337793 -0.505211 1.477109
v -0.471359 -0.498907 1.552857
v -0.579227 -0.400018 1.512358
v -0.683576 -0.303366 1.460393
v -0.780079 -0.212892 1.404022
v -0.864962 -0.127923 1.352289
v -0.940714 -0.052586 1.305982
v -1.010573 0.011451 1.265833
v -1.515925 0.563011 1.213124
v -1.481977 0.601797 1.147635
v -1.451329 0.635862 1.077740
v -1.422479 0.668395 1.006796
v -1.396078 0.699426 0.934421
v -1.372529 0.730527 0.861282
v -1.352942 0.763750 0.787315
v -1.041032 1.461997 0.073366
v -0.940932 1.351261 0.101154
v -0.850565 1.233284 0.130239
v -0.770971 1.117021 0.158940
v -0.699395 1.011756 0.188898
v -0.635845 0.917810 0.215239
v -0.578608 0.834523 0.234733
v 0.009895 0.409781 0.423509
v -0.028738 0.363850 0.481332
v -0.069969 0.313643 0.533907
v -0.111353 0.261995 0.584343
v -0.152646 0.208250 0.632348
v -0.192419 0.152406 0.678940
v -0.228921 0.093383 0.725225
v -0.652857 0.445670 0.846251
v -0.590160 0.361092 0.821840
v -0.524737 0.296711 0.813186
v -0.465033 0.238912 0.805950
v -0.411293 0.184278 0.797593
v -0.360608 0.132140 0.789280
v -0.309743 0.080196 0.781210
v -1.275226 0.772201 0.726249
v -1.210515 0.741375 0.740835
v -1.145693 0.710797 0.755656
v -1.077542 0.678142 0.770880
v -1.004418 0.640813 0.785607
v -0.923361 0.600275 0.802534
v -0.825273 0.569675 0.836039
v -0.783142 0.451819 0.920137
v -0.842108 0.372983 0.964723
v -0.887529 0.313833 1.018930
v -0.928343 0.260778 1.068699
v -0.966846 0.210498 1.112655
v -1.003573 0.162485 1.153915
v -1.040170 0.114669 1.195445
v -0.544798 0.737729 0.312013
v -0.567550 0.711030 0.376201
v -0.590140 0.684578 0.440594
v -0.614233 0.656276 0.508131
v -0.641625 0.623690 0.579863
v -0.671413 0.588384 0.659651
v -0.694988 0.563526 0.762152
v -1.250376 0.838847 0.668513
v -1.181420 0.808378 0.682669
v -1.113006 0.777337 0.694838
v -1.040228 0.745749 0.708221
v -0.962941 0.708637 0.719836
v -0.881230 0.662937 0.727969
v -0.790632 0.614444 0.741330
v -1.227689 0.916548 0.605983
v -1.153814 0.884038 0.618788
v -1.078784 0.853828 0.631359
v -1.002015 0.819452 0.640330
v -0.921884 0.778222 0.645664
v -0.836763 0.727721 0.650559
v -0.752348 0.656855 0.654879
v -1.205855 1.004297 0.534710
v -1.124744 0.970699 0.548848
v -1.045187 0.935392 0.557432
v -0.964131 0.896146 0.561864
v -0.879463 0.847421 0.565304
v -0.793881 0.772181 0.573071
v -0.714324 0.696903 0.578842
v -1.181017 1.103439 0.455675
v -1.095191 1.063159 0.466719
v -1.010402 1.021888 0.472478
v -0.923993 0.972028 0.476414
v -0.835693 0.890085 0.489025
v -0.754584 0.807774 0.500009
v -0.682155 0.728850 0.505153
v -1.153376 1.207702 0.364921
v -1.062528 1.160428 0.373940
v -0.972072 1.106287 0.380464
v -0.879677 1.015718 0.398342
v -0.795292 0.923598 0.415713
v -0.720610 0.836924 0.428233
v -0.654198 0.755683 0.434642
v -1.120675 1.313247 0.265148
v -1.024667 1.252904 0.275521
v -0.927600 1.154060 0.297421
v -0.838363 1.051038 0.321068
v -0.759495 0.953461 0.341710
v -0.690904 0.862191 0.356265
v -0.627468 0.782235 0.368516
v -1.080924 1.409599 0.163282
v -0.980215 1.306618 0.185491
v -0.885556 1.195063 0.213036
v -0.801117 1.085510 0.240229
v -0.727785 0.981734 0.263590
v -0.661826 0.889843 0.285074
v -0.602205 0.808256 0.300927
v -1.456006 0.522720 1.221402
v -1.390765 0.472635 1.222195
v -1.326445 0.420382 1.220247
v -1.265118 0.364630 1.214870
v -1.205880 0.306734 1.208140
v -1.148860 0.246370 1.201171
v -1.094213 0.182366 1.195520
v -1.423074 0.563013 1.157703
v -1.363003 0.518391 1.168744
v -1.298816 0.467664 1.170761
v -1.235200 0.414114 1.169688
v -1.174497 0.356602 1.165440
v -1.116024 0.295924 1.160135
v -1.059690 0.231157 1.155106
v -1.391010 0.600995 1.091367
v -1.331622 0.559434 1.105276
v -1.274041 0.514189 1.118286
v -1.209941 0.461982 1.121384
v -1.146179 0.406220 1.121354
v -1.085333 0.345366 1.118186
v -1.026157 0.280095 1.114417
v -1.361933 0.635456 1.021616
v -1.300992 0.598159 1.038359
v -1.243716 0.556463 1.053964
v -1.185481 0.509942 1.067968
v -1.120183 0.455327 1.071839
v -1.054940 0.396293 1.072776
v -0.992217 0.330404 1.070004
v -1.335133 0.668300 0.950137
v -1.273562 0.633722 0.967695
v -1.214255 0.596652 0.985467
v -1.155438 0.553948 1.001466
v -1.093161 0.505445 1.015416
v -1.024890 0.447441 1.019433
v -0.955984 0.384165 1.020713
v -1.311209 0.700515 0.877106
v -1.249067 0.668092 0.894567
v -1.188500 0.633960 0.912253
v -1.126457 0.596352 0.930020
v -1.062135 0.551628 0.945088
v -0.992430 0.500475 0.957988
v -0.918776 0.438608 0.961548
v -1.291287 0.733650 0.802139
v -1.228249 0.702674 0.818644
v -1.165896 0.670994 0.835482
v -1.101441 0.635941 0.851981
v -1.032022 0.596872 0.868932
v -0.958406 0.549468 0.882442
v -0.874262 0.502132 0.901111
v -0.972099 0.060408 1.223985
v -0.899529 -0.001430 1.261026
v -0.820567 -0.073490 1.303788
v -0.731673 -0.153532 1.352613
v -0.634526 -0.243703 1.400602
v -0.529738 -0.339810 1.444722
v -0.422364 -0.432624 1.477839
v -0.931628 0.109623 1.181281
v -0.855379 0.049209 1.214499
v -0.771201 -0.018288 1.254561
v -0.680282 -0.097486 1.294922
v -0.581321 -0.185677 1.334482
v -0.478308 -0.275452 1.366112
v -0.389279 -0.346439 1.365065
v -0.891246 0.156996 1.137495
v -0.809175 0.099638 1.169528
v -0.722160 0.031773 1.202228
v -0.628552 -0.046280 1.234692
v -0.530667 -0.128476 1.261555
v -0.446393 -0.192045 1.257962
v -0.366706 -0.256343 1.248717
v -0.847798 0.207455 1.092332
v -0.762203 0.148612 1.119022
v -0.672281 0.079742 1.144427
v -0.578638 0.005948 1.165781
v -0.497828 -0.052450 1.160557
v -0.423454 -0.109607 1.149271
v -0.351774 -0.171462 1.137167
v -0.802407 0.259567 1.040279
v -0.714252 0.197403 1.060120
v -0.623187 0.130526 1.076860
v -0.543844 0.073680 1.071588
v -0.472266 0.019979 1.060510
v -0.405951 -0.035526 1.047423
v -0.342497 -0.096052 1.032668
v -0.755948 0.312480 0.978045
v -0.666004 0.250047 0.991413
v -0.586249 0.191361 0.987527
v -0.514772 0.136934 0.978701
v -0.451001 0.082734 0.966402
v -0.392468 0.027361 0.951976
v -0.333666 -0.028136 0.940117
v -0.704839 0.374452 0.912581
v -0.627067 0.306398 0.904955
v -0.553790 0.247834 0.899285
v -0.489726 0.190556 0.889264
v -0.432438 0.135343 0.877299
v -0.377676 0.083479 0.867127
v -0.323927 0.029817 0.856398
v -0.619031 0.490086 0.756366
v -0.549044 0.421159 0.751868
v -0.483231 0.361853 0.752609
v -0.426327 0.303697 0.749080
v -0.374528 0.249341 0.744869
v -0.326029 0.196532 0.739036
v -0.277250 0.143809 0.732209
v -0.588674 0.532018 0.672762
v -0.510064 0.477710 0.684431
v -0.444622 0.420055 0.690355
v -0.387218 0.364780 0.694102
v -0.336420 0.310021 0.693467
v -0.288330 0.256861 0.690738
v -0.239934 0.203473 0.685706
v -0.559270 0.574560 0.600827
v -0.481867 0.524242 0.616010
v -0.409058 0.473159 0.627452
v -0.350489 0.419001 0.635336
v -0.298290 0.366204 0.640505
v -0.249593 0.312951 0.640914
v -0.200536 0.259287 0.637995
v -0.535551 0.609234 0.531057
v -0.458736 0.564839 0.551346
v -0.385745 0.517622 0.564962
v -0.316561 0.468933 0.575192
v -0.261723 0.417230 0.583636
v -0.210849 0.365770 0.588764
v -0.160386 0.312492 0.588361
v -0.514267 0.640241 0.465935
v -0.439588 0.598615 0.487535
v -0.366366 0.556636 0.504618
v -0.295498 0.511712 0.516217
v -0.227915 0.464817 0.525014
v -0.173620 0.414560 0.532647
v -0.120482 0.363467 0.536329
v -0.494588 0.668049 0.402575
v -0.421372 0.629028 0.425170
v -0.348658 0.590071 0.443169
v -0.276641 0.549814 0.457435
v -0.206426 0.506330 0.467162
v -0.138947 0.460622 0.474564
v -0.082235 0.410878 0.480109
v -0.474323 0.695094 0.338828
v -0.402282 0.657618 0.361641
v -0.329789 0.620853 0.379992
v -0.257201 0.583318 0.395108
v -0.185047 0.544080 0.407449
v -0.114544 0.501257 0.415618
v -0.046021 0.456176 0.421781
vn -0.4333 -0.6210 -0.6532
vn -0.4359 -0.6579 -0.6141
vn -0.4825 -0.6165 -0.6222
vn -0.4638 -0.5799 -0.6698
vn -0.6567 -0.5699 -0.4940
vn -0.5822 -0.4731 -0.6612
vn -0.5880 -0.4896 -0.6439
vn -0.6588 -0.5708 -0.4900
vn -0.1579 -0.6103 -0.7762
vn -0.1252 -0.7765 -0.6176
vn -0.4081 -0.6224 -0.6678
vn -0.2523 -0.4209 -0.8713
vn -0.6491 -0.5911 -0.4788
vn -0.6525 -0.5884 -0.4775
vn -0.5093 -0.7096 -0.4869
vn -0.4918 -0.7258 -0.4809
vn -0.3246 -0.7992 -0.5058
vn -0.5205 -0.7578 -0.3934
vn -0.4832 -0.6750 -0.5576
vn -0.4899 -0.7241 -0.4855
vn -0.5621 -0.6116 -0.5568
vn -0.4737 -0.7037 -0.5296
vn -0.6112 -0.6005 -0.5156
vn -0.4847 -0.7165 -0.5017
vn -0.6380 -0.5944 -0.4895
vn -0.4894 -0.7258 -0.4834
vn -0.6476 -0.5907 -0.4813
vn -0.4924 -0.7274 -0.4781
vn -0.2076 -0.7238 -0.6580
vn -0.1178 -0.6136 -0.7808
vn -0.1209 -0.6160 -0.7784
vn -0.2126 -0.7390 -0.6393
vn -0.1238 -0.6154 -0.7784
vn -0.2100 -0.7407 -0.6382
vn -0.1359 -0.6181 -0.7743
vn -0.2159 -0.7387 -0.6385
vn -0.1724 -0.6212 -0.7645
vn -0.2333 -0.7284 -0.6442
vn -0.2336 -0.6271 -0.7431
vn -0.2619 -0.7137 -0.6496
vn -0.2791 -0.6846 -0.6734
vn -0.2173 -0.7370 -0.6400
vn -0.1123 -0.6046 -0.7886
vn -0.1152 -0.6045 -0.7883
vn -0.1295 -0.6070 -0.7841
vn -0.1642 -0.6120 -0.7736
vn -0.2272 -0.6185 -0.7522
vn -0.3110 -0.6228 -0.7179
vn -0.4044 -0.6327 -0.6605
vn -0.1144 -0.6061 -0.7872
vn -0.1271 -0.6069 -0.7846
vn -0.1632 -0.6116 -0.7742
vn -0.2245 -0.6194 -0.7523
vn -0.3090 -0.6237 -0.7180
vn -0.4084 -0.6217 -0.6684
vn -0.5007 -0.6139 -0.6103
vn -0.1327 -0.6079 -0.7828
vn -0.1594 -0.6120 -0.7746
vn -0.2217 -0.6196 -0.7529
vn -0.3057 -0.6247 -0.7185
vn -0.4079 -0.6229 -0.6675
vn -0.5018 -0.6146 -0.6086
vn -0.5726 -0.6022 -0.5564
vn -0.1919 -0.6147 -0.7650
vn -0.2183 -0.6188 -0.7546
vn -0.3028 -0.6251 -0.7195
vn -0.4075 -0.6241 -0.6666
vn -0.5040 -0.6154 -0.6061
vn -0.5740 -0.6029 -0.5541
vn -0.6226 -0.5903 -0.5137
vn -0.2559 -0.6285 -0.7346
vn -0.3012 -0.6270 -0.7184
vn -0.4072 -0.6249 -0.6661
vn -0.5063 -0.6154 -0.6040
vn -0.5760 -0.6029 -0.5520
vn -0.6235 -0.5899 -0.5131
vn -0.6489 -0.5825 -0.4895
vn -0.3295 -0.6888 -0.6458
vn -0.3954 -0.6564 -0.6425
vn -0.5064 -0.6174 -0.6020
vn -0.5792 -0.6018 -0.5499
vn -0.6259 -0.5900 -0.5101
vn -0.6506 -0.5822 -0.4877
vn -0.6597 -0.5788 -0.4795
vn -0.3656 -0.7245 -0.5843
vn -0.4341 -0.6838 -0.5865
vn -0.5435 -0.6149 -0.5715
vn -0.6013 -0.5954 -0.5329
vn -0.6463 -0.5837 -0.4916
vn -0.6592 -0.5803 -0.4782
vn -0.6614 -0.5787 -0.4772
vn -0.4648 -0.3586 -0.8095
vn -0.4654 -0.3532 -0.8115
vn -0.3029 -0.4863 -0.8196
vn -0.2863 -0.5038 -0.8150
vn -0.4639 -0.3566 -0.8109
vn -0.3018 -0.4838 -0.8215
vn -0.4623 -0.3767 -0.8028
vn -0.3059 -0.4871 -0.8180
vn -0.4586 -0.4115 -0.7876
vn -0.3142 -0.5020 -0.8057
vn -0.4443 -0.4655 -0.7655
vn -0.3303 -0.5225 -0.7861
vn -0.3545 -0.5256 -0.7733
vn -0.3058 -0.4895 -0.8166
vn -0.3306 -0.6236 -0.7084
vn -0.3504 -0.6620 -0.6626
vn -0.3826 -0.6234 -0.6819
vn -0.3783 -0.5839 -0.7183
vn -0.4293 -0.5459 -0.7195
vn -0.4373 -0.5091 -0.7413
vn -0.4501 -0.4752 -0.7560
vn -0.4569 -0.4429 -0.7714
vn -0.4631 -0.4160 -0.7826
vn -0.4673 -0.3916 -0.7926
vn -0.4711 -0.3738 -0.7989
vn -0.4735 -0.3584 -0.8045
vn -0.4752 -0.3491 -0.8077
vn -0.4759 -0.3422 -0.8102
vn -0.3604 -0.7244 -0.5877
vn -0.3765 -0.6937 -0.6140
vn -0.4073 -0.6225 -0.6683
vn -0.4331 -0.5439 -0.7188
vn -0.4519 -0.4725 -0.7567
vn -0.4649 -0.4124 -0.7835
vn -0.4723 -0.3705 -0.7998
vn -0.3386 -0.7739 -0.5353
vn -0.3518 -0.7503 -0.5597
vn -0.3790 -0.6951 -0.6109
vn -0.4086 -0.6224 -0.6676
vn -0.4349 -0.5425 -0.7187
vn -0.4540 -0.4693 -0.7574
vn -0.4672 -0.4079 -0.7845
vn -0.3184 -0.8083 -0.4953
vn -0.3286 -0.7923 -0.5141
vn -0.3519 -0.7523 -0.5570
vn -0.3800 -0.6962 -0.6090
vn -0.4100 -0.6224 -0.6667
vn -0.4372 -0.5402 -0.7191
vn -0.4567 -0.4642 -0.7589
vn -0.3054 -0.8288 -0.4689
vn -0.3118 -0.8194 -0.4810
vn -0.3283 -0.7946 -0.5107
vn -0.3520 -0.7545 -0.5538
vn -0.3807 -0.6981 -0.6064
vn -0.4115 -0.6223 -0.6659
vn -0.4384 -0.5367 -0.7209
vn -0.2986 -0.8383 -0.4561
vn -0.3018 -0.8343 -0.4615
vn -0.3111 -0.8214 -0.4780
vn -0.3279 -0.7975 -0.5064
vn -0.3516 -0.7582 -0.5492
vn -0.3797 -0.7010 -0.6037
vn -0.3901 -0.6232 -0.6779
vn -0.2965 -0.8292 -0.4737
vn -0.2941 -0.8325 -0.4696
vn -0.2945 -0.8305 -0.4728
vn -0.3044 -0.8182 -0.4877
vn -0.3212 -0.7957 -0.5134
vn -0.3397 -0.7582 -0.5566
vn -0.2877 -0.7125 -0.6400
vn -0.3776 -0.5542 -0.7418
vn -0.4201 -0.5873 -0.6918
vn -0.4822 -0.5492 -0.6825
vn -0.4428 -0.5084 -0.7385
vn -0.5093 -0.6091 -0.6079
vn -0.5491 -0.5992 -0.5826
vn -0.5802 -0.5989 -0.5520
vn -0.6014 -0.5951 -0.5331
vn -0.6269 -0.5872 -0.5120
vn -0.6471 -0.5814 -0.4932
vn -0.6513 -0.5802 -0.4891
vn -0.6607 -0.5761 -0.4812
vn -0.6600 -0.5778 -0.4802
vn -0.6621 -0.5766 -0.4787
vn -0.1285 -0.5948 -0.7935
vn -0.1240 -0.5960 -0.7933
vn -0.1155 -0.6035 -0.7890
vn -0.1131 -0.6025 -0.7901
vn -0.1278 -0.6049 -0.7860
vn -0.1159 -0.6018 -0.7902
vn -0.1604 -0.6093 -0.7766
vn -0.1335 -0.6056 -0.7845
vn -0.2193 -0.6160 -0.7566
vn -0.1920 -0.6144 -0.7652
vn -0.3041 -0.6188 -0.7243
vn -0.2615 -0.6128 -0.7457
vn -0.1306 -0.5962 -0.7921
vn -0.1300 -0.6055 -0.7851
vn -0.1636 -0.6106 -0.7749
vn -0.2231 -0.6158 -0.7556
vn -0.3043 -0.6209 -0.7224
vn -0.4090 -0.6200 -0.6696
vn -0.1433 -0.5973 -0.7891
vn -0.1648 -0.6105 -0.7747
vn -0.2256 -0.6165 -0.7543
vn -0.3069 -0.6214 -0.7209
vn -0.4087 -0.6208 -0.6690
vn -0.5078 -0.6113 -0.6070
vn -0.1785 -0.6040 -0.7767
vn -0.2274 -0.6179 -0.7527
vn -0.3094 -0.6226 -0.7188
vn -0.4083 -0.6219 -0.6682
vn -0.5052 -0.6120 -0.6084
vn -0.5774 -0.5991 -0.5547
vn -0.2394 -0.6108 -0.7548
vn -0.3107 -0.6236 -0.7174
vn -0.4078 -0.6232 -0.6673
vn -0.5022 -0.6135 -0.6094
vn -0.5750 -0.6000 -0.5561
vn -0.6239 -0.5888 -0.5138
vn -0.3246 -0.5571 -0.7643
vn -0.4118 -0.6121 -0.6751
vn -0.5004 -0.6146 -0.6098
vn -0.5728 -0.6016 -0.5568
vn -0.6231 -0.5888 -0.5148
vn -0.6494 -0.5810 -0.4906
vn -0.4653 -0.4055 -0.7868
vn -0.5288 -0.5475 -0.6486
vn -0.5679 -0.5953 -0.5685
vn -0.6174 -0.5833 -0.5279
vn -0.6454 -0.5736 -0.5043
vn -0.6545 -0.5715 -0.4950
vn -0.6476 -0.4022 -0.6471
vn -0.5784 -0.4766 -0.6621
vn -0.5420 -0.5125 -0.6660
vn -0.5656 -0.4902 -0.6632
vn -0.5794 -0.4742 -0.6629
vn -0.5842 -0.4705 -0.6613
vn -0.4828 -0.3524 -0.8017
vn -0.4818 -0.3578 -0.7999
vn -0.4742 -0.3491 -0.8082
vn -0.4755 -0.3422 -0.8105
vn -0.4705 -0.3738 -0.7993
vn -0.4730 -0.3584 -0.8049
vn -0.4637 -0.4160 -0.7823
vn -0.4683 -0.3916 -0.7920
vn -0.4517 -0.4751 -0.7551
vn -0.4591 -0.4428 -0.7701
vn -0.4361 -0.5456 -0.7157
vn -0.4481 -0.5086 -0.7352
vn -0.6279 -0.5882 -0.5097
vn -0.5190 -0.5179 -0.6801
vn -0.4621 -0.4646 -0.7554
vn -0.4699 -0.4109 -0.7812
vn -0.4785 -0.3759 -0.7935
vn -0.4832 -0.3557 -0.8000
vn -0.4522 -0.7047 -0.5468
vn -0.4260 -0.6215 -0.6575
vn -0.4320 -0.5370 -0.7246
vn -0.4501 -0.4645 -0.7627
vn -0.4626 -0.4081 -0.7871
vn -0.4705 -0.3705 -0.8009
vn -0.3574 -0.7573 -0.5465
vn -0.3733 -0.7013 -0.6073
vn -0.4047 -0.6226 -0.6698
vn -0.4313 -0.5405 -0.7224
vn -0.4505 -0.4694 -0.7594
vn -0.4632 -0.4125 -0.7844
vn -0.3326 -0.7952 -0.5070
vn -0.3450 -0.7585 -0.5529
vn -0.3749 -0.6983 -0.6097
vn -0.4062 -0.6225 -0.6689
vn -0.4323 -0.5427 -0.7202
vn -0.4511 -0.4725 -0.7571
vn -0.3207 -0.8175 -0.4785
vn -0.3233 -0.7977 -0.5090
vn -0.3485 -0.7547 -0.5558
vn -0.3774 -0.6963 -0.6105
vn -0.4076 -0.6225 -0.6681
vn -0.4334 -0.5439 -0.7186
vn -0.3138 -0.8296 -0.4618
vn -0.3093 -0.8215 -0.4791
vn -0.3266 -0.7947 -0.5117
vn -0.3511 -0.7523 -0.5574
vn -0.3793 -0.6951 -0.6107
vn -0.4090 -0.6224 -0.6673
vn -0.3115 -0.8316 -0.4597
vn -0.3007 -0.8343 -0.4620
vn -0.3112 -0.8194 -0.4813
vn -0.3291 -0.7923 -0.5138
vn -0.3533 -0.7503 -0.5588
vn -0.3832 -0.6934 -0.6102
vn -0.3135 -0.8284 -0.4641
vn -0.2981 -0.8384 -0.4564
vn -0.3049 -0.8288 -0.4692
vn -0.3194 -0.8082 -0.4947
vn -0.3408 -0.7737 -0.5340
vn -0.3711 -0.7239 -0.5816
vt 0.937500 0.937500
vt 1.000000 0.937500
vt 1.000000 1.000000
vt 0.937500 1.000000
vt 0.437500 0.937500
vt 0.500000 0.937500
vt 0.500000 1.000000
vt 0.437500 1.000000
vt 0.437500 0.437500
vt 0.500000 0.437500
vt 0.500000 0.500000
vt 0.437500 0.500000
vt 0.937500 0.437500
vt 1.000000 0.437500
vt 1.000000 0.500000
vt 0.937500 0.500000
vt 0.562500 0.437500
vt 0.562500 0.500000
vt 0.625000 0.437500
vt 0.625000 0.500000
vt 0.687500 0.437500
vt 0.687500 0.500000
vt 0.750000 0.437500
vt 0.750000 0.500000
vt 0.812500 0.437500
vt 0.812500 0.500000
vt 0.875000 0.437500
vt 0.875000 0.500000
vt 0.500000 0.000000
vt 0.562500 0.000000
vt 0.562500 0.062500
vt 0.500000 0.062500
vt 0.562500 0.125000
vt 0.500000 0.125000
vt 0.562500 0.187500
vt 0.500000 0.187500
vt 0.562500 0.250000
vt 0.500000 0.250000
vt 0.562500 0.312500
vt 0.500000 0.312500
vt 0.562500 0.375000
vt 0.500000 0.375000
vt 0.625000 0.000000
vt 0.625000 0.062500
vt 0.625000 0.125000
vt 0.625000 0.187500
vt 0.625000 0.250000
vt 0.625000 0.312500
vt 0.625000 0.375000
vt 0.687500 0.000000
vt 0.687500 0.062500
vt 0.687500 0.125000
vt 0.687500 0.187500
vt 0.687500 0.250000
vt 0.687500 0.312500
vt 0.687500 0.375000
vt 0.750000 0.000000
vt 0.750000 0.062500
vt 0.750000 0.125000
vt 0.750000 0.187500
vt 0.750000 0.250000
vt 0.750000 0.312500
vt 0.750000 0.375000
vt 0.812500 0.000000
vt 0.812500 0.062500
vt 0.812500 0.125000
vt 0.812500 0.187500
vt 0.812500 0.250000
vt 0.812500 0.312500
vt 0.812500 0.375000
vt 0.875000 0.000000
vt 0.875000 0.062500
vt 0.875000 0.125000
vt 0.875000 0.187500
vt 0.875000 0.250000
vt 0.875000 0.312500
vt 0.875000 0.375000
vt 0.937500 0.000000
vt 0.937500 0.062500
vt 0.937500 0.125000
vt 0.937500 0.187500
vt 0.937500 0.250000
vt 0.937500 0.312500
vt 0.937500 0.375000
vt 1.000000 0.000000
vt 1.000000 0.062500
vt 1.000000 0.125000
vt 1.000000 0.187500
vt 1.000000 0.250000
vt 1.000000 0.312500
vt 1.000000 0.375000
vt 0.000000 0.437500
vt 0.062500 0.437500
vt 0.062500 0.500000
vt 0.000000 0.500000
vt 0.125000 0.437500
vt 0.125000 0.500000
vt 0.187500 0.437500
vt 0.187500 0.500000
vt 0.250000 0.437500
vt 0.250000 0.500000
vt 0.312500 0.437500
vt 0.312500 0.500000
vt 0.375000 0.437500
vt 0.375000 0.500000
vt 0.000000 0.000000
vt 0.062500 0.000000
vt 0.062500 0.062500
vt 0.000000 0.062500
vt 0.062500 0.125000
vt 0.000000 0.125000
vt 0.062500 0.187500
vt 0.000000 0.187500
vt 0.062500 0.250000
vt 0.000000 0.250000
vt 0.062500 0.312500
vt 0.000000 0.312500
vt 0.062500 0.375000
vt 0.000000 0.375000
vt 0.125000 0.000000
vt 0.125000 0.062500
vt 0.125000 0.125000
vt 0.125000 0.187500
vt 0.125000 0.250000
vt 0.125000 0.312500
vt 0.125000 0.375000
vt 0.187500 0.000000
vt 0.187500 0.062500
vt 0.187500 0.125000
vt 0.187500 0.187500
vt 0.187500 0.250000
vt 0.187500 0.312500
vt 0.187500 0.375000
vt 0.250000 0.000000
vt 0.250000 0.062500
vt 0.250000 0.125000
vt 0.250000 0.187500
vt 0.250000 0.250000
vt 0.250000 0.312500
vt 0.250000 0.375000
vt 0.312500 0.000000
vt 0.312500 0.062500
vt 0.312500 0.125000
vt 0.312500 0.187500
vt 0.312500 0.250000
vt 0.312500 0.312500
vt 0.312500 0.375000
vt 0.375000 0.000000
vt 0.375000 0.062500
vt 0.375000 0.125000
vt 0.375000 0.187500
vt 0.375000 0.250000
vt 0.375000 0.312500
vt 0.375000 0.375000
vt 0.437500 0.000000
vt 0.437500 0.062500
vt 0.437500 0.125000
vt 0.437500 0.187500
vt 0.437500 0.250000
vt 0.437500 0.312500
vt 0.437500 0.375000
vt 0.000000 0.937500
vt 0.062500 0.937500
vt 0.062500 1.000000
vt 0.000000 1.000000
vt 0.125000 0.937500
vt 0.125000 1.000000
vt 0.187500 0.937500
vt 0.187500 1.000000
vt 0.250000 0.937500
vt 0.250000 1.000000
vt 0.312500 0.937500
vt 0.312500 1.000000
vt 0.375000 0.937500
vt 0.375000 1.000000
vt 0.062500 0.562500
vt 0.000000 0.562500
vt 0.062500 0.625000
vt 0.000000 0.625000
vt 0.062500 0.687500
vt 0.000000 0.687500
vt 0.062500 0.750000
vt 0.000000 0.750000
vt 0.062500 0.812500
vt 0.000000 0.812500
vt 0.062500 0.875000
vt 0.000000 0.875000
vt 0.125000 0.562500
vt 0.125000 0.625000
vt 0.125000 0.687500
vt 0.125000 0.750000
vt 0.125000 0.812500
vt 0.125000 0.875000
vt 0.187500 0.562500
vt 0.187500 0.625000
vt 0.187500 0.687500
vt 0.187500 0.750000
vt 0.187500 0.812500
vt 0.187500 0.875000
vt 0.250000 0.562500
vt 0.250000 0.625000
vt 0.250000 0.687500
vt 0.250000 0.750000
vt 0.250000 0.812500
vt 0.250000 0.875000
vt 0.312500 0.562500
vt 0.312500 0.625000
vt 0.312500 0.687500
vt 0.312500 0.750000
vt 0.312500 0.812500
vt 0.312500 0.875000
vt 0.375000 0.562500
vt 0.375000 0.625000
vt 0.375000 0.687500
vt 0.375000 0.750000
vt 0.375000 0.812500
vt 0.375000 0.875000
vt 0.437500 0.562500
vt 0.437500 0.625000
vt 0.437500 0.687500
vt 0.437500 0.750000
vt 0.437500 0.812500
vt 0.437500 0.875000
vt 0.500000 0.562500
vt 0.500000 0.625000
vt 0.500000 0.687500
vt 0.500000 0.750000
vt 0.500000 0.812500
vt 0.500000 0.875000
vt 0.562500 0.937500
vt 0.562500 1.000000
vt 0.625000 0.937500
vt 0.625000 1.000000
vt 0.687500 0.937500
vt 0.687500 1.000000
vt 0.750000 0.937500
vt 0.750000 1.000000
vt 0.812500 0.937500
vt 0.812500 1.000000
vt 0.875000 0.937500
vt 0.875000 1.000000
vt 0.562500 0.562500
vt 0.562500 0.625000
vt 0.562500 0.687500
vt 0.562500 0.750000
vt 0.562500 0.812500
vt 0.562500 0.875000
vt 0.625000 0.562500
vt 0.625000 0.625000
vt 0.625000 0.687500
vt 0.625000 0.750000
vt 0.625000 0.812500
vt 0.625000 0.875000
vt 0.687500 0.562500
vt 0.687500 0.625000
vt 0.687500 0.687500
vt 0.687500 0.750000
vt 0.687500 0.812500
vt 0.687500 0.875000
vt 0.750000 0.562500
vt 0.750000 0.625000
vt 0.750000 0.687500
vt 0.750000 0.750000
vt 0.750000 0.812500
vt 0.750000 0.875000
vt 0.812500 0.562500
vt 0.812500 0.625000
vt 0.812500 0.687500
vt 0.812500 0.750000
vt 0.812500 0.812500
vt 0.812500 0.875000
vt 0.875000 0.562500
vt 0.875000 0.625000
vt 0.875000 0.687500
vt 0.875000 0.750000
vt 0.875000 0.812500
vt 0.875000 0.875000
vt 0.937500 0.562500
vt 0.937500 0.625000
vt 0.937500 0.687500
vt 0.937500 0.750000
vt 0.937500 0.812500
vt 0.937500 0.875000
vt 1.000000 0.562500
vt 1.000000 0.625000
vt 1.000000 0.687500
vt 1.000000 0.750000
vt 1.000000 0.812500
vt 1.000000 0.875000
s 1
usemtl Poliigon_MetalSteelBrushed_7174_2K
f 578/290/290 319/291/291 293/292/292 348/293/293
f 529/294/294 361/295/295 297/296/296 320/297/297
f 480/298/298 368/299/299 298/300/300 369/301/301
f 431/302/302 347/303/303 296/304/304 376/305/305
f 368/299/299 389/306/306 382/307/307 298/300/300
f 389/306/306 396/308/308 381/309/309 382/307/307
f 396/308/308 403/310/310 380/311/311 381/309/309
f 403/310/310 410/312/312 379/313/313 380/311/311
f 410/312/312 417/314/314 378/315/315 379/313/313
f 417/314/314 424/316/316 377/317/317 378/315/315
f 424/316/316 431/302/302 376/305/305 377/317/317
f 295/318/318 306/319/319 383/320/320 362/321/321
f 362/321/321 383/320/320 384/322/322 363/323/323
f 363/323/323 384/322/322 385/324/324 364/325/325
f 364/325/325 385/324/324 386/326/326 365/327/327
f 365/327/327 386/326/326 387/328/328 366/329/329
f 366/329/329 387/328/328 388/330/330 367/331/331
f 367/331/331 388/330/330 389/306/306 368/299/299
f 306/319/319 307/332/332 390/333/333 383/320/320
f 383/320/320 390/333/333 391/334/334 384/322/322
f 384/322/322 391/334/334 392/335/335 385/324/324
f 385/324/324 392/335/335 393/336/336 386/326/326
f 386/326/326 393/336/336 394/337/337 387/328/328
f 387/328/328 394/337/337 395/338/338 388/330/330
f 388/330/330 395/338/338 396/308/308 389/306/306
f 307/332/332 308/339/339 397/340/340 390/333/333
f 390/333/333 397/340/340 398/341/341 391/334/334
f 391/334/334 398/341/341 399/342/342 392/335/335
f 392/335/335 399/342/342 400/343/343 393/336/336
f 393/336/336 400/343/343 401/344/344 394/337/337
f 394/337/337 401/344/344 402/345/345 395/338/338
f 395/338/338 402/345/345 403/310/310 396/308/308
f 308/339/339 309/346/346 404/347/347 397/340/340
f 397/340/340 404/347/347 405/348/348 398/341/341
f 398/341/341 405/348/348 406/349/349 399/342/342
f 399/342/342 406/349/349 407/350/350 400/343/343
f 400/343/343 407/350/350 408/351/351 401/344/344
f 401/344/344 408/351/351 409/352/352 402/345/345
f 402/345/345 409/352/352 410/312/312 403/310/310
f 309/346/346 310/353/353 411/354/354 404/347/347
f 404/347/347 411/354/354 412/355/355 405/348/348
f 405/348/348 412/355/355 413/356/356 406/349/349
f 406/349/349 413/356/356 414/357/357 407/350/350
f 407/350/350 414/357/357 415/358/358 408/351/351
f 408/351/351 415/358/358 416/359/359 409/352/352
f 409/352/352 416/359/359 417/314/314 410/312/312
f 310/353/353 311/360/360 418/361/361 411/354/354
f 411/354/354 418/361/361 419/362/362 412/355/355
f 412/355/355 419/362/362 420/363/363 413/356/356
f 413/356/356 420/363/363 421/364/364 414/357/357
f 414/357/357 421/364/364 422/365/365 415/358/358
f 415/358/358 422/365/365 423/366/366 416/359/359
f 416/359/359 423/366/366 424/316/316 417/314/314
f 311/360/360 312/367/367 425/368/368 418/361/361
f 418/361/361 425/368/368 426/369/369 419/362/362
f 419/362/362 426/369/369 427/370/370 420/363/363
f 420/363/363 427/370/370 428/371/371 421/364/364
f 421/364/364 428/371/371 429/372/372 422/365/365
f 422/365/365 429/372/372 430/373/373 423/366/366
f 423/366/366 430/373/373 431/302/302 424/316/316
f 312/367/367 291/374/374 341/375/375 425/368/368
f 425/368/368 341/375/375 342/376/376 426/369/369
f 426/369/369 342/376/376 343/377/377 427/370/370
f 427/370/370 343/377/377 344/378/378 428/371/371
f 428/371/371 344/378/378 345/379/379 429/372/372
f 429/372/372 345/379/379 346/380/380 430/373/373
f 430/373/373 346/380/380 347/303/303 431/302/302
f 299/381/381 438/382/382 375/383/383 294/384/384
f 438/382/382 445/385/385 374/386/386 375/383/383
f 445/385/385 452/387/387 373/388/388 374/386/386
f 452/387/387 459/389/389 372/390/390 373/388/388
f 459/389/389 466/391/391 371/392/392 372/390/390
f 466/391/391 473/393/393 370/394/394 371/392/392
f 473/393/393 480/298/298 369/301/301 370/394/394
f 290/395/395 334/396/396 432/397/397 305/398/398
f 305/398/398 432/397/397 433/399/399 304/400/400
f 304/400/400 433/399/399 434/401/401 303/402/402
f 303/402/402 434/401/401 435/403/403 302/404/404
f 302/404/404 435/403/403 436/405/405 301/406/406
f 301/406/406 436/405/405 437/407/407 300/408/408
f 300/408/408 437/407/407 438/382/382 299/381/381
f 334/396/396 335/409/409 439/410/410 432/397/397
f 432/397/397 439/410/410 440/411/411 433/399/399
f 433/399/399 440/411/411 441/412/412 434/401/401
f 434/401/401 441/412/412 442/413/413 435/403/403
f 435/403/403 442/413/413 443/414/414 436/405/405
f 436/405/405 443/414/414 444/415/415 437/407/407
f 437/407/407 444/415/415 445/385/385 438/382/382
f 335/409/409 336/416/416 446/417/417 439/410/410
f 439/410/410 446/417/417 447/418/418 440/411/411
f 440/411/411 447/418/418 448/419/419 441/412/412
f 441/412/412 448/419/419 449/420/420 442/413/413
f 442/413/413 449/420/420 450/421/421 443/414/414
f 443/414/414 450/421/421 451/422/422 444/415/415
f 444/415/415 451/422/422 452/387/387 445/385/385
f 336/416/416 337/423/423 453/424/424 446/417/417
f 446/417/417 453/424/424 454/425/425 447/418/418
f 447/418/418 454/425/425 455/426/426 448/419/419
f 448/419/419 455/426/426 456/427/427 449/420/420
f 449/420/420 456/427/427 457/428/428 450/421/421
f 450/421/421 457/428/428 458/429/429 451/422/422
f 451/422/422 458/429/429 459/389/389 452/387/387
f 337/423/423 338/430/430 460/431/431 453/424/424
f 453/424/424 460/431/431 461/432/432 454/425/425
f 454/425/425 461/432/432 462/433/433 455/426/426
f 455/426/426 462/433/433 463/434/434 456/427/427
f 456/427/427 463/434/434 464/435/435 457/428/428
f 457/428/428 464/435/435 465/436/436 458/429/429
f 458/429/429 465/436/436 466/391/391 459/389/389
f 338/430/430 339/437/437 467/438/438 460/431/431
f 460/431/431 467/438/438 468/439/439 461/432/432
f 461/432/432 468/439/439 469/440/440 462/433/433
f 462/433/433 469/440/440 470/441/441 463/434/434
f 463/434/434 470/441/441 471/442/442 464/435/435
f 464/435/435 471/442/442 472/443/443 465/436/436
f 465/436/436 472/443/443 473/393/393 466/391/391
f 339/437/437 340/444/444 474/445/445 467/438/438
f 467/438/438 474/445/445 475/446/446 468/439/439
f 468/439/439 475/446/446 476/447/447 469/440/440
f 469/440/440 476/447/447 477/448/448 470/441/441
f 470/441/441 477/448/448 478/449/449 471/442/442
f 471/442/442 478/449/449 479/450/450 472/443/443
f 472/443/443 479/450/450 480/298/298 473/393/393
f 340/444/444 295/318/318 362/321/321 474/445/445
f 474/445/445 362/321/321 363/323/323 475/446/446
f 475/446/446 363/323/323 364/325/325 476/447/447
f 476/447/447 364/325/325 365/327/327 477/448/448
f 477/448/448 365/327/327 366/329/329 478/449/449
f 478/449/449 366/329/329 367/331/331 479/450/450
f 479/450/450 367/331/331 368/299/299 480/298/298
f 327/451/451 487/452/452 326/453/453 292/454/454
f 487/452/452 494/455/455 325/456/456 326/453/453
f 494/455/455 501/457/457 324/458/458 325/456/456
f 501/457/457 508/459/459 323/460/460 324/458/458
f 508/459/459 515/461/461 322/462/462 323/460/460
f 515/461/461 522/463/463 321/464/464 322/462/462
f 522/463/463 529/294/294 320/297/297 321/464/464
f 294/384/384 375/383/383 481/465/465 333/466/466
f 333/466/466 481/465/465 482/467/467 332/468/468
f 332/468/468 482/467/467 483/469/469 331/470/470
f 331/470/470 483/469/469 484/471/471 330/472/472
f 330/472/472 484/471/471 485/473/473 329/474/474
f 329/474/474 485/473/473 486/475/475 328/476/476
f 328/476/476 486/475/475 487/452/452 327/451/451
f 375/383/383 374/386/386 488/477/477 481/465/465
f 481/465/465 488/477/477 489/478/478 482/467/467
f 482/467/467 489/478/478 490/479/479 483/469/469
f 483/469/469 490/479/479 491/480/480 484/471/471
f 484/471/471 491/480/480 492/481/481 485/473/473
f 485/473/473 492/481/481 493/482/482 486/475/475
f 486/475/475 493/482/482 494/455/455 487/452/452
f 374/386/386 373/388/388 495/483/483 488/477/477
f 488/477/477 495/483/483 496/484/484 489/478/478
f 489/478/478 496/484/484 497/485/485 490/479/479
f 490/479/479 497/485/485 498/486/486 491/480/480
f 491/480/480 498/486/486 499/487/487 492/481/481
f 492/481/481 499/487/487 500/488/488 493/482/482
f 493/482/482 500/488/488 501/457/457 494/455/455
f 373/388/388 372/390/390 502/489/489 495/483/483
f 495/483/483 502/489/489 503/490/490 496/484/484
f 496/484/484 503/490/490 504/491/491 497/485/485
f 497/485/485 504/491/491 505/492/492 498/486/486
f 498/486/486 505/492/492 506/493/493 499/487/487
f 499/487/487 506/493/493 507/494/494 500/488/488
f 500/488/488 507/494/494 508/459/459 501/457/457
f 372/390/390 371/392/392 509/495/495 502/489/489
f 502/489/489 509/495/495 510/496/496 503/490/490
f 503/490/490 510/496/496 511/497/497 504/491/491
f 504/491/491 511/497/497 512/498/498 505/492/492
f 505/492/492 512/498/498 513/499/499 506/493/493
f 506/493/493 513/499/499 514/500/500 507/494/494
f 507/494/494 514/500/500 515/461/461 508/459/459
f 371/392/392 370/394/394 516/501/501 509/495/495
f 509/495/495 516/501/501 517/502/502 510/496/496
f 510/496/496 517/502/502 518/503/503 511/497/497
f 511/497/497 518/503/503 519/504/504 512/498/498
f 512/498/498 519/504/504 520/505/505 513/499/499
f 513/499/499 520/505/505 521/506/506 514/500/500
f 514/500/500 521/506/506 522/463/463 515/461/461
f 370/394/394 369/301/301 523/507/507 516/501/501
f 516/501/501 523/507/507 524/508/508 517/502/502
f 517/502/502 524/508/508 525/509/509 518/503/503
f 518/503/503 525/509/509 526/510/510 519/504/504
f 519/504/504 526/510/510 527/511/511 520/505/505
f 520/505/505 527/511/511 528/512/512 521/506/506
f 521/506/506 528/512/512 529/294/294 522/463/463
f 369/301/301 298/300/300 355/513/513 523/507/507
f 523/507/507 355/513/513 356/514/514 524/508/508
f 524/508/508 356/514/514 357/515/515 525/509/509
f 525/509/509 357/515/515 358/516/516 526/510/510
f 526/510/510 358/516/516 359/517/517 527/511/511
f 527/511/511 359/517/517 360/518/518 528/512/512
f 528/512/512 360/518/518 361/295/295 529/294/294
f 361/295/295 536/519/519 354/520/520 297/296/296
f 536/519/519 543/521/521 353/522/522 354/520/520
f 543/521/521 550/523/523 352/524/524 353/522/522
f 550/523/523 557/525/525 351/526/526 352/524/524
f 557/525/525 564/527/527 350/528/528 351/526/526
f 564/527/527 571/529/529 349/530/530 350/528/528
f 571/529/529 578/290/290 348/293/293 349/530/530
f 298/300/300 382/307/307 530/531/531 355/513/513
f 355/513/513 530/531/531 531/532/532 356/514/514
f 356/514/514 531/532/532 532/533/533 357/515/515
f 357/515/515 532/533/533 533/534/534 358/516/516
f 358/516/516 533/534/534 534/535/535 359/517/517
f 359/517/517 534/535/535 535/536/536 360/518/518
f 360/518/518 535/536/536 536/519/519 361/295/295
f 382/307/307 381/309/309 537/537/537 530/531/531
f 530/531/531 537/537/537 538/538/538 531/532/532
f 531/532/532 538/538/538 539/539/539 532/533/533
f 532/533/533 539/539/539 540/540/540 533/534/534
f 533/534/534 540/540/540 541/541/541 534/535/535
f 534/535/535 541/541/541 542/542/542 535/536/536
f 535/536/536 542/542/542 543/521/521 536/519/519
f 381/309/309 380/311/311 544/543/543 537/537/537
f 537/537/537 544/543/543 545/544/544 538/538/538
f 538/538/538 545/544/544 546/545/545 539/539/539
f 539/539/539 546/545/545 547/546/546 540/540/540
f 540/540/540 547/546/546 548/547/547 541/541/541
f 541/541/541 548/547/547 549/548/548 542/542/542
f 542/542/542 549/548/548 550/523/523 543/521/521
f 380/311/311 379/313/313 551/549/549 544/543/543
f 544/543/543 551/549/549 552/550/550 545/544/544
f 545/544/544 552/550/550 553/551/551 546/545/545
f 546/545/545 553/551/551 554/552/552 547/546/546
f 547/546/546 554/552/552 555/553/553 548/547/547
f 548/547/547 555/553/553 556/554/554 549/548/548
f 549/548/548 556/554/554 557/525/525 550/523/523
f 379/313/313 378/315/315 558/555/555 551/549/549
f 551/549/549 558/555/555 559/556/556 552/550/550
f 552/550/550 559/556/556 560/557/557 553/551/551
f 553/551/551 560/557/557 561/558/558 554/552/552
f 554/552/552 561/558/558 562/559/559 555/553/553
f 555/553/553 562/559/559 563/560/560 556/554/554
f 556/554/554 563/560/560 564/527/527 557/525/525
f 378/315/315 377/317/317 565/561/561 558/555/555
f 558/555/555 565/561/561 566/562/562 559/556/556
f 559/556/556 566/562/562 567/563/563 560/557/557
f 560/557/557 567/563/563 568/564/564 561/558/558
f 561/558/558 568/564/564 569/565/565 562/559/559
f 562/559/559 569/565/565 570/566/566 563/560/560
f 563/560/560 570/566/566 571/529/529 564/527/527
f 377/317/317 376/305/305 572/567/567 565/561/561
f 565/561/561 572/567/567 573/568/568 566/562/562
f 566/562/562 573/568/568 574/569/569 567/563/563
f 567/563/563 574/569/569 575/570/570 568/564/564
f 568/564/564 575/570/570 576/571/571 569/565/565
f 569/565/565 576/571/571 577/572/572 570/566/566
f 570/566/566 577/572/572 578/290/290 571/529/529
f 376/305/305 296/304/304 313/573/573 572/567/567
f 572/567/567 313/573/573 314/574/574 573/568/568
f 573/568/568 314/574/574 315/575/575 574/569/569
f 574/569/569 315/575/575 316/576/576 575/570/570
f 575/570/570 316/576/576 317/577/577 576/571/571
f 576/571/571 317/577/577 318/578/578 577/572/572
f 577/572/572 318/578/578 319/291/291 578/290/290
o Plane.002
v -1.795185 1.083842 1.427427
v -1.136397 1.570193 0.015939
v -0.869677 -0.021892 2.191381
v -0.194652 0.490280 0.796800
v -1.411647 0.584173 1.599935
v -1.504189 1.136573 0.845129
v -0.678534 0.830377 0.519812
v -0.585992 0.277977 1.274618
v -0.949367 0.859499 1.159542
v -1.452025 0.653771 1.570809
v -1.494293 0.722404 1.549331
v -1.539386 0.789530 1.531115
v -1.586963 0.855386 1.513863
v -1.637054 0.919364 1.495930
v -1.689130 0.981958 1.477092
v -1.745045 1.039549 1.454675
v -1.468378 1.175580 0.771060
v -1.431927 1.226870 0.689614
v -1.394844 1.285125 0.595861
v -1.353444 1.350239 0.490280
v -1.303917 1.421956 0.375912
v -1.248380 1.490684 0.252939
v -1.188285 1.548752 0.126166
v -0.620825 0.788339 0.566983
v -0.559258 0.750396 0.608556
v -0.495657 0.712701 0.646042
v -0.431090 0.673864 0.680984
v -0.366702 0.632624 0.713804
v -0.302551 0.589231 0.745215
v -0.241291 0.540139 0.773197
v -0.612819 0.253255 1.358041
v -0.634871 0.224864 1.454480
v -0.658035 0.188746 1.562726
v -0.684253 0.147773 1.684114
v -0.714489 0.106733 1.818567
v -0.754076 0.063370 1.958149
v -0.805309 0.019395 2.094150
v -0.940471 0.069520 2.147405
v -1.026169 0.164276 2.065357
v -1.108030 0.252678 1.973627
v -1.182982 0.332728 1.880619
v -1.247811 0.407465 1.795104
v -1.305743 0.473658 1.718811
v -1.360303 0.530461 1.652557
v -1.755452 1.101669 1.369793
v -1.710831 1.111494 1.300092
v -1.669988 1.115950 1.227313
v -1.631108 1.118893 1.153804
v -1.594803 1.120322 1.079118
v -1.561234 1.121981 1.003345
v -1.531125 1.125926 0.925651
v -1.053123 1.498627 0.072910
v -0.976287 1.389778 0.145731
v -0.910377 1.276011 0.220853
v -0.854715 1.165284 0.293776
v -0.805068 1.066405 0.363483
v -0.761055 0.978076 0.425283
v -0.720895 0.898374 0.476543
v -0.230884 0.478019 0.858079
v -0.280850 0.459695 0.922214
v -0.333768 0.436038 0.982422
v -0.386945 0.410357 1.041043
v -0.440240 0.381910 1.098040
v -0.492318 0.350819 1.154541
v -0.541726 0.316184 1.212141
v -0.903910 0.746396 1.165080
v -0.855646 0.650318 1.176026
v -0.802201 0.577858 1.195856
v -0.753305 0.512840 1.214279
v -0.709628 0.451278 1.229938
v -0.668514 0.392504 1.244490
v -0.627205 0.333966 1.259231
v -1.449188 1.102510 0.874873
v -1.392083 1.069091 0.906061
v -1.334841 1.035965 0.937405
v -1.274724 1.000546 0.970182
v -1.210517 0.959878 1.004547
v -1.139236 0.915780 1.042947
v -1.050597 0.883910 1.095934
v -1.035751 0.795289 1.217026
v -1.110604 0.744869 1.276482
v -1.169326 0.714008 1.340507
v -1.222148 0.686712 1.399009
v -1.271817 0.659767 1.451446
v -1.319159 0.633798 1.500851
v -1.366357 0.608082 1.550465
v -0.710035 0.828394 0.583639
v -0.741438 0.827798 0.649700
v -0.772652 0.827476 0.715897
v -0.805881 0.826675 0.785452
v -0.843391 0.823729 0.859896
v -0.884279 0.821229 0.942491
v -0.918756 0.835017 1.043987
v -1.409100 1.142208 0.802695
v -1.347734 1.108364 0.833880
v -1.286868 1.073414 0.863305
v -1.221895 1.037716 0.894573
v -1.153351 0.995625 0.926442
v -1.081746 0.943734 0.958242
v -1.002262 0.889653 0.996915
v -1.368857 1.190972 0.722291
v -1.302932 1.154064 0.753434
v -1.235449 1.119059 0.783780
v -1.166751 1.078732 0.812242
v -1.095718 1.030327 0.839819
v -1.021394 0.972396 0.870477
v -0.951325 0.895367 0.906855
v -1.327085 1.246378 0.630413
v -1.254337 1.207838 0.664027
v -1.183039 1.166109 0.692751
v -1.110685 1.119126 0.718972
v -1.036395 1.062443 0.747650
v -0.966186 0.982290 0.788782
v -0.901764 0.902324 0.827314
v -1.279824 1.309441 0.528031
v -1.203417 1.262963 0.561383
v -1.127845 1.213981 0.589937
v -1.052079 1.156147 0.619648
v -0.980714 1.070926 0.667762
v -0.916364 0.985876 0.713587
v -0.859545 0.903337 0.751803
v -1.228112 1.373040 0.413347
v -1.147873 1.318638 0.447579
v -1.069064 1.257066 0.481552
v -0.995560 1.164922 0.537815
v -0.930160 1.072328 0.593114
v -0.872996 0.984643 0.640969
v -0.822579 0.901232 0.680370
v -1.170595 1.434145 0.290377
v -1.087691 1.367236 0.330583
v -1.011334 1.268003 0.393781
v -0.943521 1.166580 0.458981
v -0.884724 1.070766 0.518396
v -0.834492 0.980343 0.568864
v -0.787166 0.900476 0.613010
v -1.107638 1.484957 0.169154
v -1.028457 1.381433 0.234374
v -0.957093 1.272532 0.306563
v -0.895386 1.166871 0.376558
v -0.843305 1.066967 0.439798
v -0.796236 0.978614 0.496671
v -0.753187 0.898961 0.544258
v -1.704299 1.058046 1.397406
v -1.649145 1.002052 1.421661
v -1.595092 0.943273 1.443898
v -1.544366 0.880538 1.463631
v -1.495978 0.815663 1.482504
v -1.450188 0.748728 1.501654
v -1.407461 0.679172 1.522893
v -1.660530 1.070012 1.328800
v -1.610180 1.023228 1.360385
v -1.556257 0.967189 1.385867
v -1.503185 0.907587 1.409247
v -1.453458 0.843670 1.430518
v -1.406410 0.776776 1.451509
v -1.362203 0.706465 1.473776
v -1.617844 1.079083 1.258324
v -1.567817 1.036195 1.291576
v -1.520155 0.989836 1.324910
v -1.466653 0.932783 1.351861
v -1.413898 0.871436 1.376931
v -1.364696 0.804731 1.400279
v -1.317872 0.733950 1.424234
v -1.578482 1.084184 1.185367
v -1.526369 1.045979 1.220148
v -1.478555 1.003827 1.254784
v -1.430543 0.956507 1.289531
v -1.376342 0.897285 1.318107
v -1.322777 0.832984 1.345288
v -1.272648 0.761436 1.370804
v -1.541525 1.087541 1.111008
v -1.488368 1.052049 1.145786
v -1.437887 1.014630 1.181269
v -1.388765 0.971443 1.216777
v -1.337132 0.921666 1.252581
v -1.280621 0.858895 1.282710
v -1.224232 0.790214 1.311980
v -1.507398 1.090220 1.035035
v -1.453293 1.056625 1.069120
v -1.401051 1.021739 1.103758
v -1.347979 0.983418 1.139734
v -1.293746 0.937238 1.175661
v -1.235215 0.883563 1.212199
v -1.174070 0.816253 1.243754
v -1.476907 1.093708 0.956467
v -1.421601 1.061021 0.989308
v -1.367115 1.027885 1.022598
v -1.311138 0.991183 1.056876
v -1.251027 0.950157 1.093431
v -1.188035 0.899613 1.129850
v -1.115043 0.849290 1.172383
v -1.311039 0.556865 1.602515
v -1.253218 0.500703 1.665482
v -1.191314 0.435941 1.737802
v -1.121480 0.364267 1.819526
v -1.045275 0.281663 1.904617
v -0.962356 0.191137 1.988837
v -0.875569 0.099707 2.061975
v -1.259711 0.582939 1.551827
v -1.197766 0.526318 1.611193
v -1.129752 0.464174 1.680177
v -1.057208 0.390222 1.753906
v -0.978301 0.306441 1.830656
v -0.895160 0.217996 1.900917
v -0.820218 0.138425 1.932834
v -1.208722 0.606952 1.500684
v -1.140442 0.551949 1.558685
v -1.069208 0.486637 1.621189
v -0.993286 0.410777 1.687444
v -0.913518 0.328593 1.750229
v -0.841762 0.255805 1.776858
v -0.774256 0.181154 1.797832
v -1.154085 0.632949 1.447651
v -1.082244 0.574297 1.501507
v -1.007841 0.505235 1.557800
v -0.930380 0.429708 1.612261
v -0.861000 0.361718 1.635322
v -0.797312 0.293839 1.651504
v -0.737043 0.221698 1.668053
v -1.096781 0.657950 1.387846
v -1.022551 0.593583 1.436591
v -0.946086 0.523377 1.484236
v -0.877869 0.457035 1.506590
v -0.816329 0.392856 1.521552
v -0.760139 0.327102 1.534546
v -0.707533 0.256530 1.547187
v -1.037598 0.680210 1.318325
v -0.961221 0.613211 1.361270
v -0.893019 0.545545 1.385554
v -0.831857 0.481441 1.402852
v -0.777989 0.417533 1.415874
v -0.729327 0.352596 1.426623
v -0.680596 0.288345 1.439863
v -0.972029 0.709192 1.243499
v -0.907177 0.631843 1.266937
v -0.845194 0.564648 1.288718
v -0.791735 0.498570 1.304881
v -0.744434 0.434769 1.317749
v -0.699142 0.375051 1.330957
v -0.655125 0.313618 1.344077
v -0.856763 0.753507 1.070618
v -0.799921 0.677499 1.096335
v -0.745832 0.612798 1.123485
v -0.699999 0.549068 1.145174
v -0.658460 0.489406 1.164418
v -0.619778 0.431135 1.181252
v -0.580739 0.372580 1.197156
v -0.813886 0.760859 0.982431
v -0.747088 0.702540 1.019872
v -0.693421 0.641131 1.051347
v -0.647080 0.582401 1.079056
v -0.606837 0.523678 1.101674
v -0.568828 0.466157 1.121493
v -0.530404 0.407624 1.139249
v -0.772627 0.772742 0.904936
v -0.706545 0.719474 0.944298
v -0.644858 0.664935 0.979817
v -0.597454 0.608433 1.011217
v -0.555882 0.553238 1.038864
v -0.517506 0.496570 1.061743
v -0.478625 0.438376 1.081656
v -0.738488 0.778815 0.831245
v -0.672282 0.732834 0.873502
v -0.609878 0.682590 0.909887
v -0.551244 0.630417 0.943078
v -0.507108 0.576933 0.973789
v -0.466597 0.523167 1.000821
v -0.426438 0.465952 1.023155
v -0.707702 0.783340 0.762783
v -0.643192 0.740685 0.805153
v -0.579871 0.696433 0.843201
v -0.519010 0.647978 0.876713
v -0.461533 0.597244 0.907801
v -0.417620 0.544923 0.937232
v -0.374723 0.490696 0.963059
v -0.679176 0.785691 0.696784
v -0.615711 0.746006 0.739103
v -0.552416 0.704949 0.777011
v -0.489782 0.661558 0.811721
v -0.429181 0.613929 0.842941
v -0.371503 0.563861 0.872332
v -0.324984 0.510984 0.899927
v -0.650185 0.787116 0.630730
v -0.587614 0.749117 0.672630
v -0.524172 0.710253 0.710160
v -0.460554 0.669598 0.744891
v -0.397476 0.626507 0.777486
v -0.336369 0.578944 0.807067
v -0.277472 0.528904 0.835220
vn -0.4911 -0.7306 -0.4745
vn -0.5028 -0.7519 -0.4264
vn -0.5407 -0.7091 -0.4526
vn -0.5126 -0.6932 -0.5067
vn -0.7121 -0.5982 -0.3674
vn -0.6106 -0.5735 -0.5462
vn -0.6203 -0.5824 -0.5254
vn -0.7147 -0.5975 -0.3636
vn -0.2104 -0.8010 -0.5604
vn -0.2184 -0.9089 -0.3552
vn -0.4656 -0.7404 -0.4848
vn -0.2632 -0.6416 -0.7205
vn -0.7094 -0.6142 -0.3456
vn -0.7125 -0.6107 -0.3456
vn -0.5926 -0.7478 -0.2994
vn -0.5787 -0.7635 -0.2865
vn -0.4258 -0.8646 -0.2669
vn -0.6185 -0.7606 -0.1975
vn -0.5561 -0.7424 -0.3736
vn -0.5762 -0.7637 -0.2911
vn -0.6224 -0.6715 -0.4021
vn -0.5537 -0.7615 -0.3371
vn -0.6715 -0.6405 -0.3727
vn -0.5687 -0.7627 -0.3081
vn -0.6985 -0.6223 -0.3533
vn -0.5762 -0.7647 -0.2885
vn -0.7078 -0.6149 -0.3479
vn -0.5797 -0.7640 -0.2834
vn -0.2873 -0.8610 -0.4196
vn -0.1713 -0.8114 -0.5588
vn -0.1749 -0.8124 -0.5562
vn -0.2961 -0.8683 -0.3979
vn -0.1777 -0.8114 -0.5568
vn -0.2939 -0.8699 -0.3960
vn -0.1903 -0.8108 -0.5535
vn -0.2994 -0.8673 -0.3976
vn -0.2273 -0.8052 -0.5477
vn -0.3143 -0.8570 -0.4084
vn -0.2899 -0.7948 -0.5331
vn -0.3394 -0.8409 -0.4215
vn -0.3495 -0.8190 -0.4550
vn -0.3004 -0.8660 -0.3998
vn -0.1638 -0.8063 -0.5683
vn -0.1666 -0.8057 -0.5684
vn -0.1814 -0.8046 -0.5654
vn -0.2171 -0.8008 -0.5582
vn -0.2815 -0.7907 -0.5436
vn -0.3669 -0.7713 -0.5201
vn -0.4643 -0.7481 -0.4742
vn -0.1662 -0.8069 -0.5668
vn -0.1790 -0.8050 -0.5656
vn -0.2160 -0.8007 -0.5587
vn -0.2791 -0.7920 -0.5431
vn -0.3651 -0.7725 -0.5197
vn -0.4657 -0.7398 -0.4856
vn -0.5588 -0.7001 -0.4445
vn -0.1848 -0.8046 -0.5644
vn -0.2123 -0.8018 -0.5586
vn -0.2763 -0.7928 -0.5433
vn -0.3620 -0.7740 -0.5194
vn -0.4655 -0.7408 -0.4843
vn -0.5602 -0.7001 -0.4428
vn -0.6310 -0.6611 -0.4059
vn -0.2453 -0.7965 -0.5526
vn -0.2727 -0.7931 -0.5447
vn -0.3592 -0.7751 -0.5199
vn -0.4654 -0.7417 -0.4831
vn -0.5627 -0.6996 -0.4404
vn -0.6327 -0.6608 -0.4037
vn -0.6809 -0.6288 -0.3755
vn -0.3127 -0.7900 -0.5274
vn -0.3580 -0.7768 -0.5181
vn -0.4653 -0.7422 -0.4823
vn -0.5651 -0.6987 -0.4387
vn -0.6348 -0.6598 -0.4020
vn -0.6818 -0.6280 -0.3752
vn -0.7070 -0.6097 -0.3583
vn -0.4016 -0.8066 -0.4338
vn -0.4608 -0.7657 -0.4488
vn -0.5657 -0.6998 -0.4362
vn -0.6379 -0.6576 -0.4008
vn -0.6844 -0.6267 -0.3726
vn -0.7087 -0.6085 -0.3569
vn -0.7176 -0.6013 -0.3513
vn -0.4475 -0.8145 -0.3691
vn -0.5075 -0.7673 -0.3921
vn -0.6037 -0.6821 -0.4127
vn -0.6596 -0.6429 -0.3894
vn -0.7045 -0.6118 -0.3596
vn -0.7175 -0.6025 -0.3495
vn -0.7194 -0.6003 -0.3494
vn -0.4650 -0.5323 -0.7074
vn -0.4645 -0.5278 -0.7111
vn -0.3280 -0.6783 -0.6575
vn -0.3150 -0.6956 -0.6457
vn -0.4637 -0.5310 -0.7092
vn -0.3263 -0.6768 -0.6599
vn -0.4662 -0.5473 -0.6951
vn -0.3311 -0.6781 -0.6561
vn -0.4698 -0.5753 -0.6696
vn -0.3428 -0.6868 -0.6409
vn -0.4668 -0.6206 -0.6301
vn -0.3635 -0.6971 -0.6179
vn -0.3887 -0.6924 -0.6079
vn -0.3316 -0.6799 -0.6541
vn -0.3870 -0.7661 -0.5132
vn -0.4163 -0.7840 -0.4605
vn -0.4397 -0.7496 -0.4947
vn -0.4261 -0.7253 -0.5407
vn -0.4694 -0.6828 -0.5599
vn -0.4693 -0.6544 -0.5929
vn -0.4749 -0.6257 -0.6189
vn -0.4748 -0.5996 -0.6442
vn -0.4753 -0.5773 -0.6640
vn -0.4745 -0.5572 -0.6815
vn -0.4746 -0.5421 -0.6935
vn -0.4739 -0.5292 -0.7038
vn -0.4737 -0.5212 -0.7099
vn -0.4730 -0.5155 -0.7145
vn -0.4421 -0.8163 -0.3717
vn -0.4508 -0.7939 -0.4080
vn -0.4647 -0.7407 -0.4851
vn -0.4728 -0.6802 -0.5603
vn -0.4761 -0.6231 -0.6205
vn -0.4764 -0.5739 -0.6661
vn -0.4751 -0.5390 -0.6955
vn -0.4331 -0.8485 -0.3042
vn -0.4402 -0.8326 -0.3362
vn -0.4537 -0.7939 -0.4049
vn -0.4661 -0.7402 -0.4846
vn -0.4743 -0.6786 -0.5609
vn -0.4775 -0.6201 -0.6225
vn -0.4778 -0.5697 -0.6687
vn -0.4220 -0.8705 -0.2534
vn -0.4279 -0.8602 -0.2773
vn -0.4409 -0.8335 -0.3330
vn -0.4550 -0.7941 -0.4030
vn -0.4675 -0.7397 -0.4840
vn -0.4761 -0.6762 -0.5622
vn -0.4791 -0.6154 -0.6258
vn -0.4147 -0.8828 -0.2206
vn -0.4185 -0.8771 -0.2356
vn -0.4282 -0.8613 -0.2734
vn -0.4416 -0.8346 -0.3294
vn -0.4562 -0.7949 -0.4000
vn -0.4690 -0.7391 -0.4834
vn -0.4766 -0.6733 -0.5652
vn -0.4105 -0.8886 -0.2047
vn -0.4126 -0.8861 -0.2114
vn -0.4183 -0.8781 -0.2321
vn -0.4287 -0.8627 -0.2684
vn -0.4421 -0.8365 -0.3238
vn -0.4559 -0.7969 -0.3964
vn -0.4473 -0.7470 -0.4918
vn -0.4057 -0.8862 -0.2239
vn -0.4042 -0.8882 -0.2187
vn -0.4041 -0.8873 -0.2223
vn -0.4106 -0.8793 -0.2414
vn -0.4214 -0.8643 -0.2747
vn -0.4299 -0.8407 -0.3294
vn -0.3652 -0.8329 -0.4159
vn -0.4186 -0.7053 -0.5721
vn -0.4695 -0.7137 -0.5198
vn -0.5244 -0.6661 -0.5304
vn -0.4747 -0.6521 -0.5911
vn -0.5667 -0.6936 -0.4447
vn -0.6057 -0.6703 -0.4288
vn -0.6382 -0.6555 -0.4037
vn -0.6596 -0.6427 -0.3897
vn -0.6847 -0.6247 -0.3754
vn -0.7048 -0.6101 -0.3619
vn -0.7090 -0.6071 -0.3589
vn -0.7181 -0.5993 -0.3539
vn -0.7177 -0.6006 -0.3523
vn -0.7197 -0.5987 -0.3516
vn -0.1776 -0.7965 -0.5780
vn -0.1735 -0.7982 -0.5769
vn -0.1667 -0.8049 -0.5694
vn -0.1641 -0.8047 -0.5705
vn -0.1792 -0.8035 -0.5676
vn -0.1667 -0.8037 -0.5712
vn -0.2127 -0.7998 -0.5614
vn -0.1851 -0.8029 -0.5667
vn -0.2730 -0.7909 -0.5476
vn -0.2454 -0.7963 -0.5529
vn -0.3590 -0.7706 -0.5265
vn -0.3146 -0.7782 -0.5435
vn -0.1801 -0.7970 -0.5765
vn -0.1816 -0.8035 -0.5669
vn -0.2161 -0.8000 -0.5598
vn -0.2768 -0.7899 -0.5472
vn -0.3597 -0.7719 -0.5242
vn -0.4659 -0.7386 -0.4873
vn -0.1929 -0.7952 -0.5748
vn -0.2173 -0.7997 -0.5598
vn -0.2794 -0.7898 -0.5461
vn -0.3624 -0.7715 -0.5229
vn -0.4658 -0.7391 -0.4865
vn -0.5656 -0.6956 -0.4430
vn -0.2295 -0.7923 -0.5654
vn -0.2816 -0.7902 -0.5443
vn -0.3652 -0.7716 -0.5208
vn -0.4657 -0.7400 -0.4853
vn -0.5631 -0.6971 -0.4438
vn -0.6353 -0.6570 -0.4059
vn -0.2920 -0.7825 -0.5499
vn -0.3668 -0.7719 -0.5193
vn -0.4655 -0.7410 -0.4840
vn -0.5604 -0.6992 -0.4439
vn -0.6331 -0.6586 -0.4067
vn -0.6820 -0.6272 -0.3762
vn -0.3655 -0.7232 -0.5860
vn -0.4668 -0.7326 -0.4953
vn -0.5587 -0.7007 -0.4437
vn -0.6311 -0.6606 -0.4066
vn -0.6811 -0.6276 -0.3770
vn -0.7072 -0.6086 -0.3599
vn -0.4754 -0.5685 -0.6714
vn -0.5721 -0.6466 -0.5046
vn -0.6244 -0.6592 -0.4189
vn -0.6736 -0.6276 -0.3904
vn -0.7011 -0.6068 -0.3746
vn -0.7102 -0.6004 -0.3676
vn -0.6633 -0.4932 -0.5629
vn -0.6074 -0.5776 -0.5454
vn -0.5778 -0.6177 -0.5335
vn -0.5972 -0.5925 -0.5407
vn -0.6079 -0.5755 -0.5471
vn -0.6121 -0.5708 -0.5473
vn -0.4821 -0.5213 -0.7041
vn -0.4822 -0.5259 -0.7007
vn -0.4726 -0.5216 -0.7103
vn -0.4725 -0.5157 -0.7147
vn -0.4740 -0.5423 -0.6937
vn -0.4734 -0.5294 -0.7041
vn -0.4759 -0.5770 -0.6637
vn -0.4755 -0.5568 -0.6811
vn -0.4765 -0.6251 -0.6183
vn -0.4770 -0.5988 -0.6434
vn -0.4762 -0.6802 -0.5572
vn -0.4802 -0.6504 -0.5886
vn -0.6861 -0.6246 -0.3730
vn -0.5551 -0.6307 -0.5423
vn -0.4848 -0.6139 -0.6230
vn -0.4812 -0.5711 -0.6650
vn -0.4826 -0.5412 -0.6886
vn -0.4833 -0.5237 -0.7015
vn -0.5316 -0.7711 -0.3504
vn -0.4836 -0.7335 -0.4775
vn -0.4701 -0.6757 -0.5678
vn -0.4725 -0.6179 -0.6285
vn -0.4731 -0.5714 -0.6706
vn -0.4733 -0.5397 -0.6962
vn -0.4479 -0.8340 -0.3223
vn -0.4494 -0.7993 -0.3990
vn -0.4621 -0.7417 -0.4861
vn -0.4702 -0.6784 -0.5646
vn -0.4740 -0.6214 -0.6239
vn -0.4747 -0.5745 -0.6668
vn -0.4328 -0.8600 -0.2702
vn -0.4354 -0.8390 -0.3264
vn -0.4503 -0.7971 -0.4024
vn -0.4636 -0.7411 -0.4855
vn -0.4717 -0.6795 -0.5619
vn -0.4753 -0.6234 -0.6209
vn -0.4270 -0.8732 -0.2349
vn -0.4240 -0.8644 -0.2702
vn -0.4380 -0.8359 -0.3308
vn -0.4524 -0.7951 -0.4040
vn -0.4651 -0.7406 -0.4850
vn -0.4731 -0.6800 -0.5601
vn -0.4236 -0.8801 -0.2147
vn -0.4165 -0.8788 -0.2329
vn -0.4265 -0.8620 -0.2740
vn -0.4400 -0.8338 -0.3334
vn -0.4541 -0.7937 -0.4048
vn -0.4665 -0.7401 -0.4844
vn -0.4218 -0.8816 -0.2118
vn -0.4115 -0.8865 -0.2118
vn -0.4179 -0.8773 -0.2359
vn -0.4285 -0.8600 -0.2771
vn -0.4418 -0.8320 -0.3355
vn -0.4576 -0.7914 -0.4053
vn -0.4229 -0.8798 -0.2171
vn -0.4100 -0.8888 -0.2049
vn -0.4141 -0.8830 -0.2208
vn -0.4230 -0.8701 -0.2530
vn -0.4353 -0.8476 -0.3033
vn -0.4530 -0.8122 -0.3674
vt 0.937500 0.937500
vt 1.000000 0.937500
vt 1.000000 1.000000
vt 0.937500 1.000000
vt 0.437500 0.937500
vt 0.500000 0.937500
vt 0.500000 1.000000
vt 0.437500 1.000000
vt 0.437500 0.437500
vt 0.500000 0.437500
vt 0.500000 0.500000
vt 0.437500 0.500000
vt 0.937500 0.437500
vt 1.000000 0.437500
vt 1.000000 0.500000
vt 0.937500 0.500000
vt 0.562500 0.437500
vt 0.562500 0.500000
vt 0.625000 0.437500
vt 0.625000 0.500000
vt 0.687500 0.437500
vt 0.687500 0.500000
vt 0.750000 0.437500
vt 0.750000 0.500000
vt 0.812500 0.437500
vt 0.812500 0.500000
vt 0.875000 0.437500
vt 0.875000 0.500000
vt 0.500000 0.000000
vt 0.562500 0.000000
vt 0.562500 0.062500
vt 0.500000 0.062500
vt 0.562500 0.125000
vt 0.500000 0.125000
vt 0.562500 0.187500
vt 0.500000 0.187500
vt 0.562500 0.250000
vt 0.500000 0.250000
vt 0.562500 0.312500
vt 0.500000 0.312500
vt 0.562500 0.375000
vt 0.500000 0.375000
vt 0.625000 0.000000
vt 0.625000 0.062500
vt 0.625000 0.125000
vt 0.625000 0.187500
vt 0.625000 0.250000
vt 0.625000 0.312500
vt 0.625000 0.375000
vt 0.687500 0.000000
vt 0.687500 0.062500
vt 0.687500 0.125000
vt 0.687500 0.187500
vt 0.687500 0.250000
vt 0.687500 0.312500
vt 0.687500 0.375000
vt 0.750000 0.000000
vt 0.750000 0.062500
vt 0.750000 0.125000
vt 0.750000 0.187500
vt 0.750000 0.250000
vt 0.750000 0.312500
vt 0.750000 0.375000
vt 0.812500 0.000000
vt 0.812500 0.062500
vt 0.812500 0.125000
vt 0.812500 0.187500
vt 0.812500 0.250000
vt 0.812500 0.312500
vt 0.812500 0.375000
vt 0.875000 0.000000
vt 0.875000 0.062500
vt 0.875000 0.125000
vt 0.875000 0.187500
vt 0.875000 0.250000
vt 0.875000 0.312500
vt 0.875000 0.375000
vt 0.937500 0.000000
vt 0.937500 0.062500
vt 0.937500 0.125000
vt 0.937500 0.187500
vt 0.937500 0.250000
vt 0.937500 0.312500
vt 0.937500 0.375000
vt 1.000000 0.000000
vt 1.000000 0.062500
vt 1.000000 0.125000
vt 1.000000 0.187500
vt 1.000000 0.250000
vt 1.000000 0.312500
vt 1.000000 0.375000
vt 0.000000 0.437500
vt 0.062500 0.437500
vt 0.062500 0.500000
vt 0.000000 0.500000
vt 0.125000 0.437500
vt 0.125000 0.500000
vt 0.187500 0.437500
vt 0.187500 0.500000
vt 0.250000 0.437500
vt 0.250000 0.500000
vt 0.312500 0.437500
vt 0.312500 0.500000
vt 0.375000 0.437500
vt 0.375000 0.500000
vt 0.000000 0.000000
vt 0.062500 0.000000
vt 0.062500 0.062500
vt 0.000000 0.062500
vt 0.062500 0.125000
vt 0.000000 0.125000
vt 0.062500 0.187500
vt 0.000000 0.187500
vt 0.062500 0.250000
vt 0.000000 0.250000
vt 0.062500 0.312500
vt 0.000000 0.312500
vt 0.062500 0.375000
vt 0.000000 0.375000
vt 0.125000 0.000000
vt 0.125000 0.062500
vt 0.125000 0.125000
vt 0.125000 0.187500
vt 0.125000 0.250000
vt 0.125000 0.312500
vt 0.125000 0.375000
vt 0.187500 0.000000
vt 0.187500 0.062500
vt 0.187500 0.125000
vt 0.187500 0.187500
vt 0.187500 0.250000
vt 0.187500 0.312500
vt 0.187500 0.375000
vt 0.250000 0.000000
vt 0.250000 0.062500
vt 0.250000 0.125000
vt 0.250000 0.187500
vt 0.250000 0.250000
vt 0.250000 0.312500
vt 0.250000 0.375000
vt 0.312500 0.000000
vt 0.312500 0.062500
vt 0.312500 0.125000
vt 0.312500 0.187500
vt 0.312500 0.250000
vt 0.312500 0.312500
vt 0.312500 0.375000
vt 0.375000 0.000000
vt 0.375000 0.062500
vt 0.375000 0.125000
vt 0.375000 0.187500
vt 0.375000 0.250000
vt 0.375000 0.312500
vt 0.375000 0.375000
vt 0.437500 0.000000
vt 0.437500 0.062500
vt 0.437500 0.125000
vt 0.437500 0.187500
vt 0.437500 0.250000
vt 0.437500 0.312500
vt 0.437500 0.375000
vt 0.000000 0.937500
vt 0.062500 0.937500
vt 0.062500 1.000000
vt 0.000000 1.000000
vt 0.125000 0.937500
vt 0.125000 1.000000
vt 0.187500 0.937500
vt 0.187500 1.000000
vt 0.250000 0.937500
vt 0.250000 1.000000
vt 0.312500 0.937500
vt 0.312500 1.000000
vt 0.375000 0.937500
vt 0.375000 1.000000
vt 0.062500 0.562500
vt 0.000000 0.562500
vt 0.062500 0.625000
vt 0.000000 0.625000
vt 0.062500 0.687500
vt 0.000000 0.687500
vt 0.062500 0.750000
vt 0.000000 0.750000
vt 0.062500 0.812500
vt 0.000000 0.812500
vt 0.062500 0.875000
vt 0.000000 0.875000
vt 0.125000 0.562500
vt 0.125000 0.625000
vt 0.125000 0.687500
vt 0.125000 0.750000
vt 0.125000 0.812500
vt 0.125000 0.875000
vt 0.187500 0.562500
vt 0.187500 0.625000
vt 0.187500 0.687500
vt 0.187500 0.750000
vt 0.187500 0.812500
vt 0.187500 0.875000
vt 0.250000 0.562500
vt 0.250000 0.625000
vt 0.250000 0.687500
vt 0.250000 0.750000
vt 0.250000 0.812500
vt 0.250000 0.875000
vt 0.312500 0.562500
vt 0.312500 0.625000
vt 0.312500 0.687500
vt 0.312500 0.750000
vt 0.312500 0.812500
vt 0.312500 0.875000
vt 0.375000 0.562500
vt 0.375000 0.625000
vt 0.375000 0.687500
vt 0.375000 0.750000
vt 0.375000 0.812500
vt 0.375000 0.875000
vt 0.437500 0.562500
vt 0.437500 0.625000
vt 0.437500 0.687500
vt 0.437500 0.750000
vt 0.437500 0.812500
vt 0.437500 0.875000
vt 0.500000 0.562500
vt 0.500000 0.625000
vt 0.500000 0.687500
vt 0.500000 0.750000
vt 0.500000 0.812500
vt 0.500000 0.875000
vt 0.562500 0.937500
vt 0.562500 1.000000
vt 0.625000 0.937500
vt 0.625000 1.000000
vt 0.687500 0.937500
vt 0.687500 1.000000
vt 0.750000 0.937500
vt 0.750000 1.000000
vt 0.812500 0.937500
vt 0.812500 1.000000
vt 0.875000 0.937500
vt 0.875000 1.000000
vt 0.562500 0.562500
vt 0.562500 0.625000
vt 0.562500 0.687500
vt 0.562500 0.750000
vt 0.562500 0.812500
vt 0.562500 0.875000
vt 0.625000 0.562500
vt 0.625000 0.625000
vt 0.625000 0.687500
vt 0.625000 0.750000
vt 0.625000 0.812500
vt 0.625000 0.875000
vt 0.687500 0.562500
vt 0.687500 0.625000
vt 0.687500 0.687500
vt 0.687500 0.750000
vt 0.687500 0.812500
vt 0.687500 0.875000
vt 0.750000 0.562500
vt 0.750000 0.625000
vt 0.750000 0.687500
vt 0.750000 0.750000
vt 0.750000 0.812500
vt 0.750000 0.875000
vt 0.812500 0.562500
vt 0.812500 0.625000
vt 0.812500 0.687500
vt 0.812500 0.750000
vt 0.812500 0.812500
vt 0.812500 0.875000
vt 0.875000 0.562500
vt 0.875000 0.625000
vt 0.875000 0.687500
vt 0.875000 0.750000
vt 0.875000 0.812500
vt 0.875000 0.875000
vt 0.937500 0.562500
vt 0.937500 0.625000
vt 0.937500 0.687500
vt 0.937500 0.750000
vt 0.937500 0.812500
vt 0.937500 0.875000
vt 1.000000 0.562500
vt 1.000000 0.625000
vt 1.000000 0.687500
vt 1.000000 0.750000
vt 1.000000 0.812500
vt 1.000000 0.875000
s 1
usemtl Poliigon_MetalSteelBrushed_7174_2K
f 867/579/579 608/580/580 582/581/581 637/582/582
f 818/583/583 650/584/584 586/585/585 609/586/586
f 769/587/587 657/588/588 587/589/589 658/590/590
f 720/591/591 636/592/592 585/593/593 665/594/594
f 657/588/588 678/595/595 671/596/596 587/589/589
f 678/595/595 685/597/597 670/598/598 671/596/596
f 685/597/597 692/599/599 669/600/600 670/598/598
f 692/599/599 699/601/601 668/602/602 669/600/600
f 699/601/601 706/603/603 667/604/604 668/602/602
f 706/603/603 713/605/605 666/606/606 667/604/604
f 713/605/605 720/591/591 665/594/594 666/606/606
f 584/607/607 595/608/608 672/609/609 651/610/610
f 651/610/610 672/609/609 673/611/611 652/612/612
f 652/612/612 673/611/611 674/613/613 653/614/614
f 653/614/614 674/613/613 675/615/615 654/616/616
f 654/616/616 675/615/615 676/617/617 655/618/618
f 655/618/618 676/617/617 677/619/619 656/620/620
f 656/620/620 677/619/619 678/595/595 657/588/588
f 595/608/608 596/621/621 679/622/622 672/609/609
f 672/609/609 679/622/622 680/623/623 673/611/611
f 673/611/611 680/623/623 681/624/624 674/613/613
f 674/613/613 681/624/624 682/625/625 675/615/615
f 675/615/615 682/625/625 683/626/626 676/617/617
f 676/617/617 683/626/626 684/627/627 677/619/619
f 677/619/619 684/627/627 685/597/597 678/595/595
f 596/621/621 597/628/628 686/629/629 679/622/622
f 679/622/622 686/629/629 687/630/630 680/623/623
f 680/623/623 687/630/630 688/631/631 681/624/624
f 681/624/624 688/631/631 689/632/632 682/625/625
f 682/625/625 689/632/632 690/633/633 683/626/626
f 683/626/626 690/633/633 691/634/634 684/627/627
f 684/627/627 691/634/634 692/599/599 685/597/597
f 597/628/628 598/635/635 693/636/636 686/629/629
f 686/629/629 693/636/636 694/637/637 687/630/630
f 687/630/630 694/637/637 695/638/638 688/631/631
f 688/631/631 695/638/638 696/639/639 689/632/632
f 689/632/632 696/639/639 697/640/640 690/633/633
f 690/633/633 697/640/640 698/641/641 691/634/634
f 691/634/634 698/641/641 699/601/601 692/599/599
f 598/635/635 599/642/642 700/643/643 693/636/636
f 693/636/636 700/643/643 701/644/644 694/637/637
f 694/637/637 701/644/644 702/645/645 695/638/638
f 695/638/638 702/645/645 703/646/646 696/639/639
f 696/639/639 703/646/646 704/647/647 697/640/640
f 697/640/640 704/647/647 705/648/648 698/641/641
f 698/641/641 705/648/648 706/603/603 699/601/601
f 599/642/642 600/649/649 707/650/650 700/643/643
f 700/643/643 707/650/650 708/651/651 701/644/644
f 701/644/644 708/651/651 709/652/652 702/645/645
f 702/645/645 709/652/652 710/653/653 703/646/646
f 703/646/646 710/653/653 711/654/654 704/647/647
f 704/647/647 711/654/654 712/655/655 705/648/648
f 705/648/648 712/655/655 713/605/605 706/603/603
f 600/649/649 601/656/656 714/657/657 707/650/650
f 707/650/650 714/657/657 715/658/658 708/651/651
f 708/651/651 715/658/658 716/659/659 709/652/652
f 709/652/652 716/659/659 717/660/660 710/653/653
f 710/653/653 717/660/660 718/661/661 711/654/654
f 711/654/654 718/661/661 719/662/662 712/655/655
f 712/655/655 719/662/662 720/591/591 713/605/605
f 601/656/656 580/663/663 630/664/664 714/657/657
f 714/657/657 630/664/664 631/665/665 715/658/658
f 715/658/658 631/665/665 632/666/666 716/659/659
f 716/659/659 632/666/666 633/667/667 717/660/660
f 717/660/660 633/667/667 634/668/668 718/661/661
f 718/661/661 634/668/668 635/669/669 719/662/662
f 719/662/662 635/669/669 636/592/592 720/591/591
f 588/670/670 727/671/671 664/672/672 583/673/673
f 727/671/671 734/674/674 663/675/675 664/672/672
f 734/674/674 741/676/676 662/677/677 663/675/675
f 741/676/676 748/678/678 661/679/679 662/677/677
f 748/678/678 755/680/680 660/681/681 661/679/679
f 755/680/680 762/682/682 659/683/683 660/681/681
f 762/682/682 769/587/587 658/590/590 659/683/683
f 579/684/684 623/685/685 721/686/686 594/687/687
f 594/687/687 721/686/686 722/688/688 593/689/689
f 593/689/689 722/688/688 723/690/690 592/691/691
f 592/691/691 723/690/690 724/692/692 591/693/693
f 591/693/693 724/692/692 725/694/694 590/695/695
f 590/695/695 725/694/694 726/696/696 589/697/697
f 589/697/697 726/696/696 727/671/671 588/670/670
f 623/685/685 624/698/698 728/699/699 721/686/686
f 721/686/686 728/699/699 729/700/700 722/688/688
f 722/688/688 729/700/700 730/701/701 723/690/690
f 723/690/690 730/701/701 731/702/702 724/692/692
f 724/692/692 731/702/702 732/703/703 725/694/694
f 725/694/694 732/703/703 733/704/704 726/696/696
f 726/696/696 733/704/704 734/674/674 727/671/671
f 624/698/698 625/705/705 735/706/706 728/699/699
f 728/699/699 735/706/706 736/707/707 729/700/700
f 729/700/700 736/707/707 737/708/708 730/701/701
f 730/701/701 737/708/708 738/709/709 731/702/702
f 731/702/702 738/709/709 739/710/710 732/703/703
f 732/703/703 739/710/710 740/711/711 733/704/704
f 733/704/704 740/711/711 741/676/676 734/674/674
f 625/705/705 626/712/712 742/713/713 735/706/706
f 735/706/706 742/713/713 743/714/714 736/707/707
f 736/707/707 743/714/714 744/715/715 737/708/708
f 737/708/708 744/715/715 745/716/716 738/709/709
f 738/709/709 745/716/716 746/717/717 739/710/710
f 739/710/710 746/717/717 747/718/718 740/711/711
f 740/711/711 747/718/718 748/678/678 741/676/676
f 626/712/712 627/719/719 749/720/720 742/713/713
f 742/713/713 749/720/720 750/721/721 743/714/714
f 743/714/714 750/721/721 751/722/722 744/715/715
f 744/715/715 751/722/722 752/723/723 745/716/716
f 745/716/716 752/723/723 753/724/724 746/717/717
f 746/717/717 753/724/724 754/725/725 747/718/718
f 747/718/718 754/725/725 755/680/680 748/678/678
f 627/719/719 628/726/726 756/727/727 749/720/720
f 749/720/720 756/727/727 757/728/728 750/721/721
f 750/721/721 757/728/728 758/729/729 751/722/722
f 751/722/722 758/729/729 759/730/730 752/723/723
f 752/723/723 759/730/730 760/731/731 753/724/724
f 753/724/724 760/731/731 761/732/732 754/725/725
f 754/725/725 761/732/732 762/682/682 755/680/680
f 628/726/726 629/733/733 763/734/734 756/727/727
f 756/727/727 763/734/734 764/735/735 757/728/728
f 757/728/728 764/735/735 765/736/736 758/729/729
f 758/729/729 765/736/736 766/737/737 759/730/730
f 759/730/730 766/737/737 767/738/738 760/731/731
f 760/731/731 767/738/738 768/739/739 761/732/732
f 761/732/732 768/739/739 769/587/587 762/682/682
f 629/733/733 584/607/607 651/610/610 763/734/734
f 763/734/734 651/610/610 652/612/612 764/735/735
f 764/735/735 652/612/612 653/614/614 765/736/736
f 765/736/736 653/614/614 654/616/616 766/737/737
f 766/737/737 654/616/616 655/618/618 767/738/738
f 767/738/738 655/618/618 656/620/620 768/739/739
f 768/739/739 656/620/620 657/588/588 769/587/587
f 616/740/740 776/741/741 615/742/742 581/743/743
f 776/741/741 783/744/744 614/745/745 615/742/742
f 783/744/744 790/746/746 613/747/747 614/745/745
f 790/746/746 797/748/748 612/749/749 613/747/747
f 797/748/748 804/750/750 611/751/751 612/749/749
f 804/750/750 811/752/752 610/753/753 611/751/751
f 811/752/752 818/583/583 609/586/586 610/753/753
f 583/673/673 664/672/672 770/754/754 622/755/755
f 622/755/755 770/754/754 771/756/756 621/757/757
f 621/757/757 771/756/756 772/758/758 620/759/759
f 620/759/759 772/758/758 773/760/760 619/761/761
f 619/761/761 773/760/760 774/762/762 618/763/763
f 618/763/763 774/762/762 775/764/764 617/765/765
f 617/765/765 775/764/764 776/741/741 616/740/740
f 664/672/672 663/675/675 777/766/766 770/754/754
f 770/754/754 777/766/766 778/767/767 771/756/756
f 771/756/756 778/767/767 779/768/768 772/758/758
f 772/758/758 779/768/768 780/769/769 773/760/760
f 773/760/760 780/769/769 781/770/770 774/762/762
f 774/762/762 781/770/770 782/771/771 775/764/764
f 775/764/764 782/771/771 783/744/744 776/741/741
f 663/675/675 662/677/677 784/772/772 777/766/766
f 777/766/766 784/772/772 785/773/773 778/767/767
f 778/767/767 785/773/773 786/774/774 779/768/768
f 779/768/768 786/774/774 787/775/775 780/769/769
f 780/769/769 787/775/775 788/776/776 781/770/770
f 781/770/770 788/776/776 789/777/777 782/771/771
f 782/771/771 789/777/777 790/746/746 783/744/744
f 662/677/677 661/679/679 791/778/778 784/772/772
f 784/772/772 791/778/778 792/779/779 785/773/773
f 785/773/773 792/779/779 793/780/780 786/774/774
f 786/774/774 793/780/780 794/781/781 787/775/775
f 787/775/775 794/781/781 795/782/782 788/776/776
f 788/776/776 795/782/782 796/783/783 789/777/777
f 789/777/777 796/783/783 797/748/748 790/746/746
f 661/679/679 660/681/681 798/784/784 791/778/778
f 791/778/778 798/784/784 799/785/785 792/779/779
f 792/779/779 799/785/785 800/786/786 793/780/780
f 793/780/780 800/786/786 801/787/787 794/781/781
f 794/781/781 801/787/787 802/788/788 795/782/782
f 795/782/782 802/788/788 803/789/789 796/783/783
f 796/783/783 803/789/789 804/750/750 797/748/748
f 660/681/681 659/683/683 805/790/790 798/784/784
f 798/784/784 805/790/790 806/791/791 799/785/785
f 799/785/785 806/791/791 807/792/792 800/786/786
f 800/786/786 807/792/792 808/793/793 801/787/787
f 801/787/787 808/793/793 809/794/794 802/788/788
f 802/788/788 809/794/794 810/795/795 803/789/789
f 803/789/789 810/795/795 811/752/752 804/750/750
f 659/683/683 658/590/590 812/796/796 805/790/790
f 805/790/790 812/796/796 813/797/797 806/791/791
f 806/791/791 813/797/797 814/798/798 807/792/792
f 807/792/792 814/798/798 815/799/799 808/793/793
f 808/793/793 815/799/799 816/800/800 809/794/794
f 809/794/794 816/800/800 817/801/801 810/795/795
f 810/795/795 817/801/801 818/583/583 811/752/752
f 658/590/590 587/589/589 644/802/802 812/796/796
f 812/796/796 644/802/802 645/803/803 813/797/797
f 813/797/797 645/803/803 646/804/804 814/798/798
f 814/798/798 646/804/804 647/805/805 815/799/799
f 815/799/799 647/805/805 648/806/806 816/800/800
f 816/800/800 648/806/806 649/807/807 817/801/801
f 817/801/801 649/807/807 650/584/584 818/583/583
f 650/584/584 825/808/808 643/809/809 586/585/585
f 825/808/808 832/810/810 642/811/811 643/809/809
f 832/810/810 839/812/812 641/813/813 642/811/811
f 839/812/812 846/814/814 640/815/815 641/813/813
f 846/814/814 853/816/816 639/817/817 640/815/815
f 853/816/816 860/818/818 638/819/819 639/817/817
f 860/818/818 867/579/579 637/582/582 638/819/819
f 587/589/589 671/596/596 819/820/820 644/802/802
f 644/802/802 819/820/820 820/821/821 645/803/803
f 645/803/803 820/821/821 821/822/822 646/804/804
f 646/804/804 821/822/822 822/823/823 647/805/805
f 647/805/805 822/823/823 823/824/824 648/806/806
f 648/806/806 823/824/824 824/825/825 649/807/807
f 649/807/807 824/825/825 825/808/808 650/584/584
f 671/596/596 670/598/598 826/826/826 819/820/820
f 819/820/820 826/826/826 827/827/827 820/821/821
f 820/821/821 827/827/827 828/828/828 821/822/822
f 821/822/822 828/828/828 829/829/829 822/823/823
f 822/823/823 829/829/829 830/830/830 823/824/824
f 823/824/824 830/830/830 831/831/831 824/825/825
f 824/825/825 831/831/831 832/810/810 825/808/808
f 670/598/598 669/600/600 833/832/832 826/826/826
f 826/826/826 833/832/832 834/833/833 827/827/827
f 827/827/827 834/833/833 835/834/834 828/828/828
f 828/828/828 835/834/834 836/835/835 829/829/829
f 829/829/829 836/835/835 837/836/836 830/830/830
f 830/830/830 837/836/836 838/837/837 831/831/831
f 831/831/831 838/837/837 839/812/812 832/810/810
f 669/600/600 668/602/602 840/838/838 833/832/832
f 833/832/832 840/838/838 841/839/839 834/833/833
f 834/833/833 841/839/839 842/840/840 835/834/834
f 835/834/834 842/840/840 843/841/841 836/835/835
f 836/835/835 843/841/841 844/842/842 837/836/836
f 837/836/836 844/842/842 845/843/843 838/837/837
f 838/837/837 845/843/843 846/814/814 839/812/812
f 668/602/602 667/604/604 847/844/844 840/838/838
f 840/838/838 847/844/844 848/845/845 841/839/839
f 841/839/839 848/845/845 849/846/846 842/840/840
f 842/840/840 849/846/846 850/847/847 843/841/841
f 843/841/841 850/847/847 851/848/848 844/842/842
f 844/842/842 851/848/848 852/849/849 845/843/843
f 845/843/843 852/849/849 853/816/816 846/814/814
f 667/604/604 666/606/606 854/850/850 847/844/844
f 847/844/844 854/850/850 855/851/851 848/845/845
f 848/845/845 855/851/851 856/852/852 849/846/846
f 849/846/846 856/852/852 857/853/853 850/847/847
f 850/847/847 857/853/853 858/854/854 851/848/848
f 851/848/848 858/854/854 859/855/855 852/849/849
f 852/849/849 859/855/855 860/818/818 853/816/816
f 666/606/606 665/594/594 861/856/856 854/850/850
f 854/850/850 861/856/856 862/857/857 855/851/851
f 855/851/851 862/857/857 863/858/858 856/852/852
f 856/852/852 863/858/858 864/859/859 857/853/853
f 857/853/853 864/859/859 865/860/860 858/854/854
f 858/854/854 865/860/860 866/861/861 859/855/855
f 859/855/855 866/861/861 867/579/579 860/818/818
f 665/594/594 585/593/593 602/862/862 861/856/856
f 861/856/856 602/862/862 603/863/863 862/857/857
f 862/857/857 603/863/863 604/864/864 863/858/858
f 863/858/858 604/864/864 605/865/865 864/859/859
f 864/859/859 605/865/865 606/866/866 865/860/860
f 865/860/860 606/866/866 607/867/867 866/861/861
f 866/861/861 607/867/867 608/580/580 867/579/579
o Plane.003
v -1.969453 1.511974 1.449076
v -1.178020 1.573342 0.023347
v -1.234144 0.525104 2.520639
v -0.424303 0.613633 1.106724
v -1.662040 1.028735 1.762935
v -1.642567 1.392439 0.896459
v -0.845481 0.929018 0.719852
v -0.864955 0.565315 1.586328
v -1.145233 1.139001 1.311045
v -1.691659 1.093402 1.715359
v -1.723691 1.159164 1.675262
v -1.758891 1.224558 1.638441
v -1.796765 1.289227 1.602640
v -1.837327 1.352197 1.566401
v -1.879981 1.413834 1.529437
v -1.926872 1.470212 1.489833
v -1.598106 1.408537 0.818649
v -1.551058 1.434665 0.730918
v -1.501829 1.464518 0.629707
v -1.446810 1.497704 0.515809
v -1.382425 1.534280 0.392549
v -1.311990 1.565266 0.262129
v -1.238177 1.584560 0.130851
v -0.796213 0.893342 0.780039
v -0.742301 0.859862 0.834178
v -0.686117 0.825428 0.884465
v -0.628982 0.789180 0.932629
v -0.572208 0.750127 0.979271
v -0.515865 0.708687 1.025021
v -0.462915 0.661250 1.068514
v -0.899230 0.564243 1.670675
v -0.929953 0.562202 1.768882
v -0.963400 0.555634 1.880222
v -1.001208 0.547843 2.005166
v -1.043721 0.543535 2.142462
v -1.096072 0.539232 2.284489
v -1.159838 0.534761 2.422215
v -1.290323 0.610625 2.451126
v -1.358749 0.691951 2.342689
v -1.423645 0.764420 2.226641
v -1.482679 0.827768 2.111844
v -1.532768 0.886662 2.006375
v -1.577611 0.938746 1.912381
v -1.620848 0.983787 1.830561
v -1.924682 1.511112 1.392392
v -1.875415 1.499121 1.326251
v -1.830397 1.481630 1.258043
v -1.787475 1.462721 1.189312
v -1.747230 1.442353 1.119572
v -1.709605 1.422248 1.048499
v -1.675014 1.404272 0.974751
v -1.107692 1.508697 0.101940
v -1.049313 1.412547 0.203929
v -1.002502 1.313395 0.308371
v -0.965338 1.217779 0.409132
v -0.932461 1.133491 0.503555
v -0.903400 1.058121 0.587419
v -0.876488 0.988993 0.658763
v -0.465105 0.620349 1.165955
v -0.520431 0.623400 1.228207
v -0.579139 0.620693 1.287630
v -0.638271 0.615685 1.345957
v -0.697779 0.607633 1.403334
v -0.756387 0.596779 1.460940
v -0.812858 0.582472 1.520646
v -1.114772 1.026179 1.346157
v -1.079683 0.930768 1.382840
v -1.036971 0.859695 1.423144
v -0.997749 0.795969 1.459998
v -0.963110 0.735492 1.492944
v -0.930597 0.677724 1.523964
v -0.897871 0.620207 1.555130
v -1.594018 1.360611 0.937690
v -1.543383 1.329516 0.980349
v -1.492584 1.298727 1.023104
v -1.439306 1.265751 1.068013
v -1.382725 1.227637 1.116008
v -1.319793 1.186398 1.169289
v -1.238927 1.158527 1.235350
v -1.242051 1.100178 1.374358
v -1.325818 1.073869 1.437375
v -1.391393 1.065754 1.501672
v -1.450370 1.059120 1.560283
v -1.505846 1.051036 1.613196
v -1.558728 1.042916 1.663137
v -1.611447 1.035076 1.713234
v -0.880441 0.945742 0.779586
v -0.915252 0.964325 0.841177
v -0.949849 0.983183 0.902852
v -0.986686 1.002600 0.967727
v -1.028303 1.021578 1.037480
v -1.073658 1.043297 1.114754
v -1.111648 1.084528 1.207149
v -1.545338 1.377357 0.861911
v -1.490536 1.345385 0.905018
v -1.436272 1.311981 0.946632
v -1.378136 1.277843 0.990545
v -1.317303 1.237289 1.036806
v -1.254668 1.186922 1.085503
v -1.184884 1.135214 1.142023
v -1.494910 1.400879 0.776086
v -1.435976 1.365440 0.820235
v -1.375216 1.331477 0.863303
v -1.313820 1.291796 0.905868
v -1.251081 1.243853 0.949622
v -1.186452 1.187088 0.998825
v -1.128760 1.113720 1.057607
v -1.441499 1.427914 0.677736
v -1.376148 1.390739 0.725223
v -1.312369 1.349484 0.768579
v -1.248067 1.302446 0.810802
v -1.183206 1.246418 0.857796
v -1.126031 1.171150 0.921916
v -1.074422 1.096079 0.982991
v -1.381108 1.459238 0.567898
v -1.313120 1.413939 0.617257
v -1.246012 1.365174 0.662469
v -1.179891 1.308120 0.710850
v -1.122593 1.229496 0.783001
v -1.072097 1.151260 0.852310
v -1.028325 1.074465 0.913039
v -1.315565 1.487665 0.446377
v -1.244829 1.434509 0.498727
v -1.176400 1.374527 0.552353
v -1.118304 1.290925 0.634173
v -1.068239 1.207548 0.714489
v -1.025305 1.128040 0.785775
v -0.988050 1.051387 0.847321
v -1.244131 1.511079 0.317876
v -1.172661 1.446980 0.379111
v -1.113015 1.357873 0.469521
v -1.062217 1.268066 0.561665
v -1.019325 1.183285 0.646163
v -0.983746 1.102516 0.720036
v -0.949365 1.030751 0.785113
v -1.168703 1.524377 0.193883
v -1.106912 1.431300 0.287472
v -1.053924 1.335549 0.388406
v -1.009973 1.243462 0.485667
v -0.974458 1.156379 0.574256
v -0.942102 1.079480 0.653602
v -0.912121 1.009208 0.721612
v -1.881032 1.469972 1.433433
v -1.834796 1.415656 1.474391
v -1.789890 1.358292 1.513939
v -1.748640 1.296880 1.551691
v -1.709929 1.233455 1.588906
v -1.674066 1.168391 1.626647
v -1.641682 1.101632 1.666761
v -1.832400 1.460401 1.367792
v -1.790163 1.417243 1.413343
v -1.745218 1.363311 1.455398
v -1.701450 1.305533 1.496162
v -1.661424 1.243455 1.535594
v -1.624411 1.178731 1.575215
v -1.590713 1.111326 1.616622
v -1.785102 1.447711 1.300910
v -1.742785 1.408745 1.347157
v -1.703254 1.366708 1.394084
v -1.658935 1.312192 1.437761
v -1.615794 1.253166 1.480539
v -1.576753 1.188950 1.522581
v -1.540615 1.121205 1.565950
v -1.741461 1.430962 1.232258
v -1.696572 1.396650 1.279086
v -1.656430 1.358968 1.326323
v -1.616750 1.316301 1.374870
v -1.572102 1.260002 1.420679
v -1.528647 1.198539 1.466248
v -1.489419 1.130063 1.511582
v -1.700344 1.412461 1.162448
v -1.654078 1.380653 1.208737
v -1.610746 1.347447 1.255929
v -1.569488 1.308828 1.304357
v -1.526589 1.263645 1.354794
v -1.480185 1.204037 1.403116
v -1.434600 1.138533 1.451951
v -1.662027 1.393232 1.090993
v -1.614546 1.362986 1.136252
v -1.569103 1.331829 1.182190
v -1.523344 1.297585 1.230283
v -1.477423 1.255619 1.280229
v -1.428225 1.206092 1.332846
v -1.377882 1.141934 1.383977
v -1.627068 1.374565 1.016534
v -1.578214 1.344767 1.060478
v -1.530253 1.314734 1.104894
v -1.481319 1.281330 1.151209
v -1.428962 1.243841 1.201069
v -1.374943 1.196819 1.253221
v -1.311327 1.150368 1.312083
v -1.565973 0.991963 1.780061
v -1.519243 0.946402 1.858819
v -1.470069 0.894317 1.948960
v -1.414427 0.836930 2.050466
v -1.354039 0.769096 2.158276
v -1.287950 0.692674 2.267618
v -1.217536 0.612319 2.366741
v -1.509059 0.999442 1.729184
v -1.458105 0.952128 1.804897
v -1.402364 0.901107 1.891709
v -1.343886 0.839321 1.986210
v -1.280511 0.768072 2.086426
v -1.213174 0.690313 2.181772
v -1.150730 0.612896 2.237215
v -1.452716 1.004859 1.678309
v -1.395208 0.958088 1.752853
v -1.336321 0.902115 1.834377
v -1.274327 0.836340 1.922348
v -1.209130 0.763215 2.008726
v -1.148697 0.691436 2.057220
v -1.092397 0.616979 2.100305
v -1.392405 1.011342 1.625449
v -1.331602 0.959674 1.697108
v -1.269708 0.898256 1.773732
v -1.205499 0.829828 1.850318
v -1.146619 0.762091 1.894053
v -1.092983 0.693448 1.930618
v -1.043292 0.621155 1.968235
v -1.329207 1.014961 1.566472
v -1.266477 0.956298 1.634685
v -1.202209 0.891494 1.703357
v -1.144234 0.825306 1.745931
v -1.092192 0.760180 1.780286
v -1.045541 0.693652 1.812649
v -1.003028 0.622783 1.845480
v -1.263958 1.013416 1.498859
v -1.199114 0.950599 1.562230
v -1.141427 0.883594 1.606978
v -1.089880 0.819138 1.643550
v -1.045296 0.754652 1.675325
v -1.005875 0.689204 1.704698
v -0.966436 0.625003 1.736336
v -1.191246 1.016398 1.425088
v -1.138050 0.940214 1.470962
v -1.086325 0.873751 1.512658
v -1.042594 0.807964 1.547943
v -1.004493 0.744265 1.578998
v -0.967887 0.684808 1.609278
v -0.932755 0.623815 1.639762
v -1.061984 1.005401 1.256837
v -1.016680 0.931933 1.303947
v -0.972754 0.870019 1.349622
v -0.936584 0.808648 1.389093
v -0.904020 0.751092 1.424903
v -0.873978 0.694620 1.457818
v -0.843566 0.637612 1.489926
v -1.013741 0.986818 1.173191
v -0.956988 0.932117 1.228436
v -0.913304 0.874456 1.277514
v -0.876331 0.819286 1.321717
v -0.845118 0.763582 1.360475
v -0.815812 0.708617 1.396057
v -0.786109 0.652139 1.429906
v -0.967116 0.975327 1.098739
v -0.910542 0.926037 1.154628
v -0.858269 0.875088 1.206717
v -0.820166 0.822831 1.254075
v -0.787467 0.771582 1.297010
v -0.757859 0.718127 1.335394
v -0.727779 0.662439 1.371295
v -0.928485 0.959915 1.028720
v -0.871028 0.918333 1.085752
v -0.817552 0.871657 1.137754
v -0.767878 0.822772 1.186788
v -0.732592 0.773622 1.232515
v -0.700732 0.723721 1.274437
v -0.669395 0.669414 1.312567
v -0.893658 0.944621 0.963846
v -0.837468 0.906461 1.020085
v -0.782419 0.865862 1.072400
v -0.730088 0.820398 1.121077
v -0.681263 0.772529 1.167645
v -0.645982 0.724221 1.211844
v -0.611749 0.673328 1.252903
v -0.861479 0.928061 0.901674
v -0.805947 0.892871 0.957094
v -0.750513 0.855325 1.008538
v -0.695853 0.814839 1.057361
v -0.643549 0.769655 1.103604
v -0.594347 0.722003 1.148390
v -0.556454 0.672436 1.191154
v -0.828953 0.910545 0.839699
v -0.774071 0.876979 0.894252
v -0.718194 0.841445 0.944837
v -0.662216 0.803496 0.993134
v -0.606961 0.762747 1.039875
v -0.554059 0.717181 1.084555
v -0.503577 0.669128 1.128236
vn -0.5524 -0.7641 -0.3331
vn -0.5694 -0.7720 -0.2826
vn -0.6000 -0.7327 -0.3210
vn -0.5673 -0.7333 -0.3747
vn -0.7606 -0.5867 -0.2781
vn -0.6470 -0.6165 -0.4487
vn -0.6590 -0.6190 -0.4273
vn -0.7632 -0.5848 -0.2748
vn -0.2786 -0.8833 -0.3770
vn -0.3114 -0.9377 -0.1539
vn -0.5279 -0.7788 -0.3388
vn -0.3020 -0.7617 -0.5733
vn -0.7611 -0.5972 -0.2530
vn -0.7637 -0.5935 -0.2541
vn -0.6648 -0.7279 -0.1678
vn -0.6537 -0.7416 -0.1506
vn -0.5161 -0.8512 -0.0957
vn -0.6976 -0.7132 -0.0683
vn -0.6239 -0.7444 -0.2380
vn -0.6510 -0.7431 -0.1548
vn -0.6790 -0.6755 -0.2874
vn -0.6259 -0.7543 -0.1980
vn -0.7253 -0.6332 -0.2701
vn -0.6425 -0.7470 -0.1709
vn -0.7509 -0.6081 -0.2577
vn -0.6513 -0.7434 -0.1521
vn -0.7594 -0.5986 -0.2550
vn -0.6549 -0.7411 -0.1476
vn -0.3701 -0.8993 -0.2331
vn -0.2412 -0.8972 -0.3698
vn -0.2451 -0.8972 -0.3674
vn -0.3809 -0.9002 -0.2111
vn -0.2477 -0.8961 -0.3684
vn -0.3791 -0.9015 -0.2087
vn -0.2603 -0.8933 -0.3664
vn -0.3840 -0.8988 -0.2113
vn -0.2966 -0.8824 -0.3651
vn -0.3969 -0.8898 -0.2253
vn -0.3581 -0.8621 -0.3586
vn -0.4191 -0.8746 -0.2438
vn -0.4244 -0.8604 -0.2822
vn -0.3847 -0.8979 -0.2138
vn -0.2327 -0.8954 -0.3796
vn -0.2353 -0.8945 -0.3801
vn -0.2501 -0.8911 -0.3786
vn -0.2853 -0.8818 -0.3755
vn -0.3487 -0.8615 -0.3690
vn -0.4320 -0.8279 -0.3577
vn -0.5281 -0.7839 -0.3266
vn -0.2352 -0.8954 -0.3782
vn -0.2477 -0.8918 -0.3786
vn -0.2842 -0.8820 -0.3759
vn -0.3464 -0.8629 -0.3680
vn -0.4304 -0.8291 -0.3569
vn -0.5278 -0.7784 -0.3397
vn -0.6174 -0.7201 -0.3167
vn -0.2535 -0.8905 -0.3779
vn -0.2807 -0.8834 -0.3752
vn -0.3438 -0.8640 -0.3678
vn -0.4276 -0.8309 -0.3561
vn -0.5279 -0.7791 -0.3382
vn -0.6188 -0.7195 -0.3152
vn -0.6861 -0.6654 -0.2943
vn -0.3131 -0.8733 -0.3734
vn -0.3401 -0.8651 -0.3688
vn -0.4249 -0.8323 -0.3560
vn -0.5279 -0.7797 -0.3368
vn -0.6213 -0.7183 -0.3131
vn -0.6878 -0.6644 -0.2923
vn -0.7331 -0.6215 -0.2763
vn -0.3803 -0.8536 -0.3560
vn -0.4240 -0.8337 -0.3538
vn -0.5279 -0.7800 -0.3359
vn -0.6237 -0.7167 -0.3120
vn -0.6899 -0.6628 -0.2911
vn -0.7339 -0.6205 -0.2763
vn -0.7575 -0.5961 -0.2662
vn -0.4756 -0.8376 -0.2688
vn -0.5283 -0.7952 -0.2977
vn -0.6245 -0.7171 -0.3093
vn -0.6927 -0.6601 -0.2906
vn -0.7364 -0.6185 -0.2743
vn -0.7591 -0.5945 -0.2652
vn -0.7673 -0.5852 -0.2622
vn -0.5257 -0.8248 -0.2081
vn -0.5778 -0.7781 -0.2462
vn -0.6613 -0.6903 -0.2937
vn -0.7130 -0.6407 -0.2848
vn -0.7552 -0.5988 -0.2667
vn -0.7675 -0.5859 -0.2602
vn -0.7691 -0.5835 -0.2608
vn -0.4888 -0.6310 -0.6024
vn -0.4876 -0.6276 -0.6069
vn -0.3742 -0.7751 -0.5091
vn -0.3642 -0.7904 -0.4926
vn -0.4873 -0.6303 -0.6044
vn -0.3722 -0.7744 -0.5116
vn -0.4926 -0.6424 -0.5871
vn -0.3774 -0.7742 -0.5081
vn -0.5010 -0.6630 -0.5562
vn -0.3909 -0.7777 -0.4923
vn -0.5059 -0.6976 -0.5073
vn -0.4140 -0.7799 -0.4694
vn -0.4389 -0.7702 -0.4628
vn -0.3782 -0.7754 -0.5057
vn -0.4517 -0.8190 -0.3539
vn -0.4859 -0.8205 -0.3011
vn -0.5029 -0.7929 -0.3441
vn -0.4838 -0.7819 -0.3932
vn -0.5202 -0.7407 -0.4252
vn -0.5147 -0.7212 -0.4636
vn -0.5152 -0.6990 -0.4959
vn -0.5104 -0.6799 -0.5265
vn -0.5071 -0.6629 -0.5508
vn -0.5028 -0.6478 -0.5723
vn -0.5004 -0.6361 -0.5874
vn -0.4974 -0.6262 -0.6004
vn -0.4959 -0.6200 -0.6081
vn -0.4942 -0.6156 -0.6138
vn -0.5204 -0.8277 -0.2098
vn -0.5241 -0.8139 -0.2508
vn -0.5270 -0.7793 -0.3390
vn -0.5232 -0.7378 -0.4264
vn -0.5160 -0.6968 -0.4982
vn -0.5076 -0.6601 -0.5537
vn -0.5003 -0.6336 -0.5901
vn -0.5192 -0.8437 -0.1362
vn -0.5225 -0.8352 -0.1714
vn -0.5272 -0.8127 -0.2481
vn -0.5284 -0.7786 -0.3387
vn -0.5245 -0.7363 -0.4275
vn -0.5169 -0.6941 -0.5009
vn -0.5083 -0.6565 -0.5574
vn -0.5138 -0.8541 -0.0809
vn -0.5170 -0.8492 -0.1070
vn -0.5234 -0.8353 -0.1682
vn -0.5286 -0.8124 -0.2462
vn -0.5297 -0.7777 -0.3384
vn -0.5259 -0.7341 -0.4295
vn -0.5178 -0.6903 -0.5054
vn -0.5099 -0.8590 -0.0457
vn -0.5122 -0.8567 -0.0619
vn -0.5177 -0.8493 -0.1029
vn -0.5245 -0.8354 -0.1645
vn -0.5301 -0.8123 -0.2433
vn -0.5312 -0.7769 -0.3380
vn -0.5259 -0.7320 -0.4331
vn -0.5074 -0.8612 -0.0286
vn -0.5087 -0.8602 -0.0358
vn -0.5123 -0.8568 -0.0582
vn -0.5186 -0.8494 -0.0978
vn -0.5256 -0.8358 -0.1587
vn -0.5302 -0.8134 -0.2393
vn -0.5102 -0.7889 -0.3426
vn -0.5013 -0.8640 -0.0473
vn -0.5003 -0.8648 -0.0417
vn -0.4999 -0.8649 -0.0454
vn -0.5043 -0.8610 -0.0663
vn -0.5112 -0.8532 -0.1030
vn -0.5137 -0.8425 -0.1621
vn -0.4439 -0.8627 -0.2425
vn -0.4721 -0.7709 -0.4276
vn -0.5264 -0.7610 -0.3792
vn -0.5743 -0.7115 -0.4050
vn -0.5199 -0.7179 -0.4629
vn -0.6243 -0.7131 -0.3191
vn -0.6608 -0.6825 -0.3122
vn -0.6926 -0.6587 -0.2940
vn -0.7130 -0.6406 -0.2851
vn -0.7363 -0.6171 -0.2775
vn -0.7552 -0.5976 -0.2694
vn -0.7591 -0.5935 -0.2675
vn -0.7674 -0.5838 -0.2653
vn -0.7673 -0.5848 -0.2634
vn -0.7690 -0.5825 -0.2632
vn -0.2446 -0.8867 -0.3924
vn -0.2408 -0.8885 -0.3906
vn -0.2353 -0.8940 -0.3812
vn -0.2326 -0.8944 -0.3821
vn -0.2476 -0.8909 -0.3809
vn -0.2351 -0.8933 -0.3832
vn -0.2806 -0.8821 -0.3784
vn -0.2534 -0.8894 -0.3806
vn -0.3400 -0.8636 -0.3722
vn -0.3131 -0.8731 -0.3737
vn -0.4238 -0.8296 -0.3635
vn -0.3799 -0.8459 -0.3745
vn -0.2472 -0.8866 -0.3910
vn -0.2500 -0.8904 -0.3804
vn -0.2841 -0.8815 -0.3771
vn -0.3437 -0.8622 -0.3723
vn -0.4248 -0.8302 -0.3609
vn -0.5278 -0.7776 -0.3417
vn -0.2598 -0.8830 -0.3909
vn -0.2853 -0.8811 -0.3773
vn -0.3463 -0.8615 -0.3714
vn -0.4275 -0.8292 -0.3600
vn -0.5278 -0.7780 -0.3408
vn -0.6236 -0.7146 -0.3169
vn -0.2961 -0.8739 -0.3854
vn -0.3486 -0.8612 -0.3698
vn -0.4304 -0.8285 -0.3582
vn -0.5279 -0.7786 -0.3394
vn -0.6212 -0.7166 -0.3171
vn -0.6898 -0.6609 -0.2956
vn -0.3576 -0.8540 -0.3779
vn -0.4321 -0.8282 -0.3568
vn -0.5279 -0.7792 -0.3379
vn -0.6188 -0.7190 -0.3165
vn -0.6878 -0.6630 -0.2958
vn -0.7339 -0.6200 -0.2775
vn -0.4210 -0.7973 -0.4326
vn -0.5276 -0.7737 -0.3509
vn -0.6174 -0.7205 -0.3158
vn -0.6860 -0.6651 -0.2950
vn -0.7331 -0.6207 -0.2781
vn -0.7574 -0.5954 -0.2680
vn -0.5056 -0.6563 -0.5600
vn -0.6205 -0.6813 -0.3884
vn -0.6786 -0.6674 -0.3068
vn -0.7249 -0.6247 -0.2904
vn -0.7503 -0.5978 -0.2822
vn -0.7589 -0.5890 -0.2776
vn -0.6882 -0.5371 -0.4877
vn -0.6445 -0.6206 -0.4467
vn -0.6208 -0.6597 -0.4235
vn -0.6365 -0.6349 -0.4379
vn -0.6446 -0.6189 -0.4489
vn -0.6481 -0.6140 -0.4505
vn -0.5046 -0.6177 -0.6032
vn -0.5054 -0.6213 -0.5988
vn -0.4949 -0.6206 -0.6083
vn -0.4938 -0.6159 -0.6139
vn -0.4998 -0.6364 -0.5876
vn -0.4969 -0.6265 -0.6005
vn -0.5076 -0.6626 -0.5507
vn -0.5037 -0.6472 -0.5721
vn -0.5167 -0.6981 -0.4956
vn -0.5126 -0.6786 -0.5260
vn -0.5268 -0.7368 -0.4237
vn -0.5252 -0.7151 -0.4613
vn -0.7378 -0.6163 -0.2753
vn -0.5996 -0.6768 -0.4272
vn -0.5233 -0.6875 -0.5035
vn -0.5121 -0.6566 -0.5538
vn -0.5084 -0.6332 -0.5836
vn -0.5061 -0.6194 -0.6002
vn -0.6045 -0.7693 -0.2069
vn -0.5453 -0.7685 -0.3348
vn -0.5196 -0.7357 -0.4345
vn -0.5113 -0.6940 -0.5068
vn -0.5038 -0.6591 -0.5584
vn -0.4986 -0.6346 -0.5905
vn -0.5311 -0.8324 -0.1582
vn -0.5240 -0.8170 -0.2407
vn -0.5245 -0.7808 -0.3395
vn -0.5202 -0.7374 -0.4308
vn -0.5135 -0.6961 -0.5017
vn -0.5059 -0.6611 -0.5541
vn -0.5223 -0.8468 -0.1005
vn -0.5191 -0.8396 -0.1601
vn -0.5244 -0.8156 -0.2446
vn -0.5260 -0.7799 -0.3392
vn -0.5220 -0.7378 -0.4280
vn -0.5152 -0.6972 -0.4984
vn -0.5201 -0.8518 -0.0628
vn -0.5141 -0.8520 -0.0988
vn -0.5211 -0.8374 -0.1652
vn -0.5261 -0.8138 -0.2468
vn -0.5274 -0.7791 -0.3389
vn -0.5236 -0.7377 -0.4263
vn -0.5187 -0.8540 -0.0413
vn -0.5105 -0.8579 -0.0586
vn -0.5161 -0.8503 -0.1033
vn -0.5227 -0.8358 -0.1684
vn -0.5276 -0.8125 -0.2480
vn -0.5287 -0.7783 -0.3386
vn -0.5173 -0.8550 -0.0380
vn -0.5077 -0.8608 -0.0360
vn -0.5116 -0.8570 -0.0620
vn -0.5176 -0.8489 -0.1068
vn -0.5240 -0.8343 -0.1710
vn -0.5308 -0.8100 -0.2493
vn -0.5179 -0.8543 -0.0437
vn -0.5069 -0.8615 -0.0287
vn -0.5094 -0.8593 -0.0458
vn -0.5148 -0.8535 -0.0807
vn -0.5214 -0.8425 -0.1357
vn -0.5310 -0.8216 -0.2075
vt 0.937500 0.937500
vt 1.000000 0.937500
vt 1.000000 1.000000
vt 0.937500 1.000000
vt 0.437500 0.937500
vt 0.500000 0.937500
vt 0.500000 1.000000
vt 0.437500 1.000000
vt 0.437500 0.437500
vt 0.500000 0.437500
vt 0.500000 0.500000
vt 0.437500 0.500000
vt 0.937500 0.437500
vt 1.000000 0.437500
vt 1.000000 0.500000
vt 0.937500 0.500000
vt 0.562500 0.437500
vt 0.562500 0.500000
vt 0.625000 0.437500
vt 0.625000 0.500000
vt 0.687500 0.437500
vt 0.687500 0.500000
vt 0.750000 0.437500
vt 0.750000 0.500000
vt 0.812500 0.437500
vt 0.812500 0.500000
vt 0.875000 0.437500
vt 0.875000 0.500000
vt 0.500000 0.000000
vt 0.562500 0.000000
vt 0.562500 0.062500
vt 0.500000 0.062500
vt 0.562500 0.125000
vt 0.500000 0.125000
vt 0.562500 0.187500
vt 0.500000 0.187500
vt 0.562500 0.250000
vt 0.500000 0.250000
vt 0.562500 0.312500
vt 0.500000 0.312500
vt 0.562500 0.375000
vt 0.500000 0.375000
vt 0.625000 0.000000
vt 0.625000 0.062500
vt 0.625000 0.125000
vt 0.625000 0.187500
vt 0.625000 0.250000
vt 0.625000 0.312500
vt 0.625000 0.375000
vt 0.687500 0.000000
vt 0.687500 0.062500
vt 0.687500 0.125000
vt 0.687500 0.187500
vt 0.687500 0.250000
vt 0.687500 0.312500
vt 0.687500 0.375000
vt 0.750000 0.000000
vt 0.750000 0.062500
vt 0.750000 0.125000
vt 0.750000 0.187500
vt 0.750000 0.250000
vt 0.750000 0.312500
vt 0.750000 0.375000
vt 0.812500 0.000000
vt 0.812500 0.062500
vt 0.812500 0.125000
vt 0.812500 0.187500
vt 0.812500 0.250000
vt 0.812500 0.312500
vt 0.812500 0.375000
vt 0.875000 0.000000
vt 0.875000 0.062500
vt 0.875000 0.125000
vt 0.875000 0.187500
vt 0.875000 0.250000
vt 0.875000 0.312500
vt 0.875000 0.375000
vt 0.937500 0.000000
vt 0.937500 0.062500
vt 0.937500 0.125000
vt 0.937500 0.187500
vt 0.937500 0.250000
vt 0.937500 0.312500
vt 0.937500 0.375000
vt 1.000000 0.000000
vt 1.000000 0.062500
vt 1.000000 0.125000
vt 1.000000 0.187500
vt 1.000000 0.250000
vt 1.000000 0.312500
vt 1.000000 0.375000
vt 0.000000 0.437500
vt 0.062500 0.437500
vt 0.062500 0.500000
vt 0.000000 0.500000
vt 0.125000 0.437500
vt 0.125000 0.500000
vt 0.187500 0.437500
vt 0.187500 0.500000
vt 0.250000 0.437500
vt 0.250000 0.500000
vt 0.312500 0.437500
vt 0.312500 0.500000
vt 0.375000 0.437500
vt 0.375000 0.500000
vt 0.000000 0.000000
vt 0.062500 0.000000
vt 0.062500 0.062500
vt 0.000000 0.062500
vt 0.062500 0.125000
vt 0.000000 0.125000
vt 0.062500 0.187500
vt 0.000000 0.187500
vt 0.062500 0.250000
vt 0.000000 0.250000
vt 0.062500 0.312500
vt 0.000000 0.312500
vt 0.062500 0.375000
vt 0.000000 0.375000
vt 0.125000 0.000000
vt 0.125000 0.062500
vt 0.125000 0.125000
vt 0.125000 0.187500
vt 0.125000 0.250000
vt 0.125000 0.312500
vt 0.125000 0.375000
vt 0.187500 0.000000
vt 0.187500 0.062500
vt 0.187500 0.125000
vt 0.187500 0.187500
vt 0.187500 0.250000
vt 0.187500 0.312500
vt 0.187500 0.375000
vt 0.250000 0.000000
vt 0.250000 0.062500
vt 0.250000 0.125000
vt 0.250000 0.187500
vt 0.250000 0.250000
vt 0.250000 0.312500
vt 0.250000 0.375000
vt 0.312500 0.000000
vt 0.312500 0.062500
vt 0.312500 0.125000
vt 0.312500 0.187500
vt 0.312500 0.250000
vt 0.312500 0.312500
vt 0.312500 0.375000
vt 0.375000 0.000000
vt 0.375000 0.062500
vt 0.375000 0.125000
vt 0.375000 0.187500
vt 0.375000 0.250000
vt 0.375000 0.312500
vt 0.375000 0.375000
vt 0.437500 0.000000
vt 0.437500 0.062500
vt 0.437500 0.125000
vt 0.437500 0.187500
vt 0.437500 0.250000
vt 0.437500 0.312500
vt 0.437500 0.375000
vt 0.000000 0.937500
vt 0.062500 0.937500
vt 0.062500 1.000000
vt 0.000000 1.000000
vt 0.125000 0.937500
vt 0.125000 1.000000
vt 0.187500 0.937500
vt 0.187500 1.000000
vt 0.250000 0.937500
vt 0.250000 1.000000
vt 0.312500 0.937500
vt 0.312500 1.000000
vt 0.375000 0.937500
vt 0.375000 1.000000
vt 0.062500 0.562500
vt 0.000000 0.562500
vt 0.062500 0.625000
vt 0.000000 0.625000
vt 0.062500 0.687500
vt 0.000000 0.687500
vt 0.062500 0.750000
vt 0.000000 0.750000
vt 0.062500 0.812500
vt 0.000000 0.812500
vt 0.062500 0.875000
vt 0.000000 0.875000
vt 0.125000 0.562500
vt 0.125000 0.625000
vt 0.125000 0.687500
vt 0.125000 0.750000
vt 0.125000 0.812500
vt 0.125000 0.875000
vt 0.187500 0.562500
vt 0.187500 0.625000
vt 0.187500 0.687500
vt 0.187500 0.750000
vt 0.187500 0.812500
vt 0.187500 0.875000
vt 0.250000 0.562500
vt 0.250000 0.625000
vt 0.250000 0.687500
vt 0.250000 0.750000
vt 0.250000 0.812500
vt 0.250000 0.875000
vt 0.312500 0.562500
vt 0.312500 0.625000
vt 0.312500 0.687500
vt 0.312500 0.750000
vt 0.312500 0.812500
vt 0.312500 0.875000
vt 0.375000 0.562500
vt 0.375000 0.625000
vt 0.375000 0.687500
vt 0.375000 0.750000
vt 0.375000 0.812500
vt 0.375000 0.875000
vt 0.437500 0.562500
vt 0.437500 0.625000
vt 0.437500 0.687500
vt 0.437500 0.750000
vt 0.437500 0.812500
vt 0.437500 0.875000
vt 0.500000 0.562500
vt 0.500000 0.625000
vt 0.500000 0.687500
vt 0.500000 0.750000
vt 0.500000 0.812500
vt 0.500000 0.875000
vt 0.562500 0.937500
vt 0.562500 1.000000
vt 0.625000 0.937500
vt 0.625000 1.000000
vt 0.687500 0.937500
vt 0.687500 1.000000
vt 0.750000 0.937500
vt 0.750000 1.000000
vt 0.812500 0.937500
vt 0.812500 1.000000
vt 0.875000 0.937500
vt 0.875000 1.000000
vt 0.562500 0.562500
vt 0.562500 0.625000
vt 0.562500 0.687500
vt 0.562500 0.750000
vt 0.562500 0.812500
vt 0.562500 0.875000
vt 0.625000 0.562500
vt 0.625000 0.625000
vt 0.625000 0.687500
vt 0.625000 0.750000
vt 0.625000 0.812500
vt 0.625000 0.875000
vt 0.687500 0.562500
vt 0.687500 0.625000
vt 0.687500 0.687500
vt 0.687500 0.750000
vt 0.687500 0.812500
vt 0.687500 0.875000
vt 0.750000 0.562500
vt 0.750000 0.625000
vt 0.750000 0.687500
vt 0.750000 0.750000
vt 0.750000 0.812500
vt 0.750000 0.875000
vt 0.812500 0.562500
vt 0.812500 0.625000
vt 0.812500 0.687500
vt 0.812500 0.750000
vt 0.812500 0.812500
vt 0.812500 0.875000
vt 0.875000 0.562500
vt 0.875000 0.625000
vt 0.875000 0.687500
vt 0.875000 0.750000
vt 0.875000 0.812500
vt 0.875000 0.875000
vt 0.937500 0.562500
vt 0.937500 0.625000
vt 0.937500 0.687500
vt 0.937500 0.750000
vt 0.937500 0.812500
vt 0.937500 0.875000
vt 1.000000 0.562500
vt 1.000000 0.625000
vt 1.000000 0.687500
vt 1.000000 0.750000
vt 1.000000 0.812500
vt 1.000000 0.875000
s 1
usemtl Poliigon_MetalSteelBrushed_7174_2K
f 1156/868/868 897/869/869 871/870/870 926/871/871
f 1107/872/872 939/873/873 875/874/874 898/875/875
f 1058/876/876 946/877/877 876/878/878 947/879/879
f 1009/880/880 925/881/881 874/882/882 954/883/883
f 946/877/877 967/884/884 960/885/885 876/878/878
f 967/884/884 974/886/886 959/887/887 960/885/885
f 974/886/886 981/888/888 958/889/889 959/887/887
f 981/888/888 988/890/890 957/891/891 958/889/889
f 988/890/890 995/892/892 956/893/893 957/891/891
f 995/892/892 1002/894/894 955/895/895 956/893/893
f 1002/894/894 1009/880/880 954/883/883 955/895/895
f 873/896/896 884/897/897 961/898/898 940/899/899
f 940/899/899 961/898/898 962/900/900 941/901/901
f 941/901/901 962/900/900 963/902/902 942/903/903
f 942/903/903 963/902/902 964/904/904 943/905/905
f 943/905/905 964/904/904 965/906/906 944/907/907
f 944/907/907 965/906/906 966/908/908 945/909/909
f 945/909/909 966/908/908 967/884/884 946/877/877
f 884/897/897 885/910/910 968/911/911 961/898/898
f 961/898/898 968/911/911 969/912/912 962/900/900
f 962/900/900 969/912/912 970/913/913 963/902/902
f 963/902/902 970/913/913 971/914/914 964/904/904
f 964/904/904 971/914/914 972/915/915 965/906/906
f 965/906/906 972/915/915 973/916/916 966/908/908
f 966/908/908 973/916/916 974/886/886 967/884/884
f 885/910/910 886/917/917 975/918/918 968/911/911
f 968/911/911 975/918/918 976/919/919 969/912/912
f 969/912/912 976/919/919 977/920/920 970/913/913
f 970/913/913 977/920/920 978/921/921 971/914/914
f 971/914/914 978/921/921 979/922/922 972/915/915
f 972/915/915 979/922/922 980/923/923 973/916/916
f 973/916/916 980/923/923 981/888/888 974/886/886
f 886/917/917 887/924/924 982/925/925 975/918/918
f 975/918/918 982/925/925 983/926/926 976/919/919
f 976/919/919 983/926/926 984/927/927 977/920/920
f 977/920/920 984/927/927 985/928/928 978/921/921
f 978/921/921 985/928/928 986/929/929 979/922/922
f 979/922/922 986/929/929 987/930/930 980/923/923
f 980/923/923 987/930/930 988/890/890 981/888/888
f 887/924/924 888/931/931 989/932/932 982/925/925
f 982/925/925 989/932/932 990/933/933 983/926/926
f 983/926/926 990/933/933 991/934/934 984/927/927
f 984/927/927 991/934/934 992/935/935 985/928/928
f 985/928/928 992/935/935 993/936/936 986/929/929
f 986/929/929 993/936/936 994/937/937 987/930/930
f 987/930/930 994/937/937 995/892/892 988/890/890
f 888/931/931 889/938/938 996/939/939 989/932/932
f 989/932/932 996/939/939 997/940/940 990/933/933
f 990/933/933 997/940/940 998/941/941 991/934/934
f 991/934/934 998/941/941 999/942/942 992/935/935
f 992/935/935 999/942/942 1000/943/943 993/936/936
f 993/936/936 1000/943/943 1001/944/944 994/937/937
f 994/937/937 1001/944/944 1002/894/894 995/892/892
f 889/938/938 890/945/945 1003/946/946 996/939/939
f 996/939/939 1003/946/946 1004/947/947 997/940/940
f 997/940/940 1004/947/947 1005/948/948 998/941/941
f 998/941/941 1005/948/948 1006/949/949 999/942/942
f 999/942/942 1006/949/949 1007/950/950 1000/943/943
f 1000/943/943 1007/950/950 1008/951/951 1001/944/944
f 1001/944/944 1008/951/951 1009/880/880 1002/894/894
f 890/945/945 869/952/952 919/953/953 1003/946/946
f 1003/946/946 919/953/953 920/954/954 1004/947/947
f 1004/947/947 920/954/954 921/955/955 1005/948/948
f 1005/948/948 921/955/955 922/956/956 1006/949/949
f 1006/949/949 922/956/956 923/957/957 1007/950/950
f 1007/950/950 923/957/957 924/958/958 1008/951/951
f 1008/951/951 924/958/958 925/881/881 1009/880/880
f 877/959/959 1016/960/960 953/961/961 872/962/962
f 1016/960/960 1023/963/963 952/964/964 953/961/961
f 1023/963/963 1030/965/965 951/966/966 952/964/964
f 1030/965/965 1037/967/967 950/968/968 951/966/966
f 1037/967/967 1044/969/969 949/970/970 950/968/968
f 1044/969/969 1051/971/971 948/972/972 949/970/970
f 1051/971/971 1058/876/876 947/879/879 948/972/972
f 868/973/973 912/974/974 1010/975/975 883/976/976
f 883/976/976 1010/975/975 1011/977/977 882/978/978
f 882/978/978 1011/977/977 1012/979/979 881/980/980
f 881/980/980 1012/979/979 1013/981/981 880/982/982
f 880/982/982 1013/981/981 1014/983/983 879/984/984
f 879/984/984 1014/983/983 1015/985/985 878/986/986
f 878/986/986 1015/985/985 1016/960/960 877/959/959
f 912/974/974 913/987/987 1017/988/988 1010/975/975
f 1010/975/975 1017/988/988 1018/989/989 1011/977/977
f 1011/977/977 1018/989/989 1019/990/990 1012/979/979
f 1012/979/979 1019/990/990 1020/991/991 1013/981/981
f 1013/981/981 1020/991/991 1021/992/992 1014/983/983
f 1014/983/983 1021/992/992 1022/993/993 1015/985/985
f 1015/985/985 1022/993/993 1023/963/963 1016/960/960
f 913/987/987 914/994/994 1024/995/995 1017/988/988
f 1017/988/988 1024/995/995 1025/996/996 1018/989/989
f 1018/989/989 1025/996/996 1026/997/997 1019/990/990
f 1019/990/990 1026/997/997 1027/998/998 1020/991/991
f 1020/991/991 1027/998/998 1028/999/999 1021/992/992
f 1021/992/992 1028/999/999 1029/1000/1000 1022/993/993
f 1022/993/993 1029/1000/1000 1030/965/965 1023/963/963
f 914/994/994 915/1001/1001 1031/1002/1002 1024/995/995
f 1024/995/995 1031/1002/1002 1032/1003/1003 1025/996/996
f 1025/996/996 1032/1003/1003 1033/1004/1004 1026/997/997
f 1026/997/997 1033/1004/1004 1034/1005/1005 1027/998/998
f 1027/998/998 1034/1005/1005 1035/1006/1006 1028/999/999
f 1028/999/999 1035/1006/1006 1036/1007/1007 1029/1000/1000
f 1029/1000/1000 1036/1007/1007 1037/967/967 1030/965/965
f 915/1001/1001 916/1008/1008 1038/1009/1009 1031/1002/1002
f 1031/1002/1002 1038/1009/1009 1039/1010/1010 1032/1003/1003
f 1032/1003/1003 1039/1010/1010 1040/1011/1011 1033/1004/1004
f 1033/1004/1004 1040/1011/1011 1041/1012/1012 1034/1005/1005
f 1034/1005/1005 1041/1012/1012 1042/1013/1013 1035/1006/1006
f 1035/1006/1006 1042/1013/1013 1043/1014/1014 1036/1007/1007
f 1036/1007/1007 1043/1014/1014 1044/969/969 1037/967/967
f 916/1008/1008 917/1015/1015 1045/1016/1016 1038/1009/1009
f 1038/1009/1009 1045/1016/1016 1046/1017/1017 1039/1010/1010
f 1039/1010/1010 1046/1017/1017 1047/1018/1018 1040/1011/1011
f 1040/1011/1011 1047/1018/1018 1048/1019/1019 1041/1012/1012
f 1041/1012/1012 1048/1019/1019 1049/1020/1020 1042/1013/1013
f 1042/1013/1013 1049/1020/1020 1050/1021/1021 1043/1014/1014
f 1043/1014/1014 1050/1021/1021 1051/971/971 1044/969/969
f 917/1015/1015 918/1022/1022 1052/1023/1023 1045/1016/1016
f 1045/1016/1016 1052/1023/1023 1053/1024/1024 1046/1017/1017
f 1046/1017/1017 1053/1024/1024 1054/1025/1025 1047/1018/1018
f 1047/1018/1018 1054/1025/1025 1055/1026/1026 1048/1019/1019
f 1048/1019/1019 1055/1026/1026 1056/1027/1027 1049/1020/1020
f 1049/1020/1020 1056/1027/1027 1057/1028/1028 1050/1021/1021
f 1050/1021/1021 1057/1028/1028 1058/876/876 1051/971/971
f 918/1022/1022 873/896/896 940/899/899 1052/1023/1023
f 1052/1023/1023 940/899/899 941/901/901 1053/1024/1024
f 1053/1024/1024 941/901/901 942/903/903 1054/1025/1025
f 1054/1025/1025 942/903/903 943/905/905 1055/1026/1026
f 1055/1026/1026 943/905/905 944/907/907 1056/1027/1027
f 1056/1027/1027 944/907/907 945/909/909 1057/1028/1028
f 1057/1028/1028 945/909/909 946/877/877 1058/876/876
f 905/1029/1029 1065/1030/1030 904/1031/1031 870/1032/1032
f 1065/1030/1030 1072/1033/1033 903/1034/1034 904/1031/1031
f 1072/1033/1033 1079/1035/1035 902/1036/1036 903/1034/1034
f 1079/1035/1035 1086/1037/1037 901/1038/1038 902/1036/1036
f 1086/1037/1037 1093/1039/1039 900/1040/1040 901/1038/1038
f 1093/1039/1039 1100/1041/1041 899/1042/1042 900/1040/1040
f 1100/1041/1041 1107/872/872 898/875/875 899/1042/1042
f 872/962/962 953/961/961 1059/1043/1043 911/1044/1044
f 911/1044/1044 1059/1043/1043 1060/1045/1045 910/1046/1046
f 910/1046/1046 1060/1045/1045 1061/1047/1047 909/1048/1048
f 909/1048/1048 1061/1047/1047 1062/1049/1049 908/1050/1050
f 908/1050/1050 1062/1049/1049 1063/1051/1051 907/1052/1052
f 907/1052/1052 1063/1051/1051 1064/1053/1053 906/1054/1054
f 906/1054/1054 1064/1053/1053 1065/1030/1030 905/1029/1029
f 953/961/961 952/964/964 1066/1055/1055 1059/1043/1043
f 1059/1043/1043 1066/1055/1055 1067/1056/1056 1060/1045/1045
f 1060/1045/1045 1067/1056/1056 1068/1057/1057 1061/1047/1047
f 1061/1047/1047 1068/1057/1057 1069/1058/1058 1062/1049/1049
f 1062/1049/1049 1069/1058/1058 1070/1059/1059 1063/1051/1051
f 1063/1051/1051 1070/1059/1059 1071/1060/1060 1064/1053/1053
f 1064/1053/1053 1071/1060/1060 1072/1033/1033 1065/1030/1030
f 952/964/964 951/966/966 1073/1061/1061 1066/1055/1055
f 1066/1055/1055 1073/1061/1061 1074/1062/1062 1067/1056/1056
f 1067/1056/1056 1074/1062/1062 1075/1063/1063 1068/1057/1057
f 1068/1057/1057 1075/1063/1063 1076/1064/1064 1069/1058/1058
f 1069/1058/1058 1076/1064/1064 1077/1065/1065 1070/1059/1059
f 1070/1059/1059 1077/1065/1065 1078/1066/1066 1071/1060/1060
f 1071/1060/1060 1078/1066/1066 1079/1035/1035 1072/1033/1033
f 951/966/966 950/968/968 1080/1067/1067 1073/1061/1061
f 1073/1061/1061 1080/1067/1067 1081/1068/1068 1074/1062/1062
f 1074/1062/1062 1081/1068/1068 1082/1069/1069 1075/1063/1063
f 1075/1063/1063 1082/1069/1069 1083/1070/1070 1076/1064/1064
f 1076/1064/1064 1083/1070/1070 1084/1071/1071 1077/1065/1065
f 1077/1065/1065 1084/1071/1071 1085/1072/1072 1078/1066/1066
f 1078/1066/1066 1085/1072/1072 1086/1037/1037 1079/1035/1035
f 950/968/968 949/970/970 1087/1073/1073 1080/1067/1067
f 1080/1067/1067 1087/1073/1073 1088/1074/1074 1081/1068/1068
f 1081/1068/1068 1088/1074/1074 1089/1075/1075 1082/1069/1069
f 1082/1069/1069 1089/1075/1075 1090/1076/1076 1083/1070/1070
f 1083/1070/1070 1090/1076/1076 1091/1077/1077 1084/1071/1071
f 1084/1071/1071 1091/1077/1077 1092/1078/1078 1085/1072/1072
f 1085/1072/1072 1092/1078/1078 1093/1039/1039 1086/1037/1037
f 949/970/970 948/972/972 1094/1079/1079 1087/1073/1073
f 1087/1073/1073 1094/1079/1079 1095/1080/1080 1088/1074/1074
f 1088/1074/1074 1095/1080/1080 1096/1081/1081 1089/1075/1075
f 1089/1075/1075 1096/1081/1081 1097/1082/1082 1090/1076/1076
f 1090/1076/1076 1097/1082/1082 1098/1083/1083 1091/1077/1077
f 1091/1077/1077 1098/1083/1083 1099/1084/1084 1092/1078/1078
f 1092/1078/1078 1099/1084/1084 1100/1041/1041 1093/1039/1039
f 948/972/972 947/879/879 1101/1085/1085 1094/1079/1079
f 1094/1079/1079 1101/1085/1085 1102/1086/1086 1095/1080/1080
f 1095/1080/1080 1102/1086/1086 1103/1087/1087 1096/1081/1081
f 1096/1081/1081 1103/1087/1087 1104/1088/1088 1097/1082/1082
f 1097/1082/1082 1104/1088/1088 1105/1089/1089 1098/1083/1083
f 1098/1083/1083 1105/1089/1089 1106/1090/1090 1099/1084/1084
f 1099/1084/1084 1106/1090/1090 1107/872/872 1100/1041/1041
f 947/879/879 876/878/878 933/1091/1091 1101/1085/1085
f 1101/1085/1085 933/1091/1091 934/1092/1092 1102/1086/1086
f 1102/1086/1086 934/1092/1092 935/1093/1093 1103/1087/1087
f 1103/1087/1087 935/1093/1093 936/1094/1094 1104/1088/1088
f 1104/1088/1088 936/1094/1094 937/1095/1095 1105/1089/1089
f 1105/1089/1089 937/1095/1095 938/1096/1096 1106/1090/1090
f 1106/1090/1090 938/1096/1096 939/873/873 1107/872/872
f 939/873/873 1114/1097/1097 932/1098/1098 875/874/874
f 1114/1097/1097 1121/1099/1099 931/1100/1100 932/1098/1098
f 1121/1099/1099 1128/1101/1101 930/1102/1102 931/1100/1100
f 1128/1101/1101 1135/1103/1103 929/1104/1104 930/1102/1102
f 1135/1103/1103 1142/1105/1105 928/1106/1106 929/1104/1104
f 1142/1105/1105 1149/1107/1107 927/1108/1108 928/1106/1106
f 1149/1107/1107 1156/868/868 926/871/871 927/1108/1108
f 876/878/878 960/885/885 1108/1109/1109 933/1091/1091
f 933/1091/1091 1108/1109/1109 1109/1110/1110 934/1092/1092
f 934/1092/1092 1109/1110/1110 1110/1111/1111 935/1093/1093
f 935/1093/1093 1110/1111/1111 1111/1112/1112 936/1094/1094
f 936/1094/1094 1111/1112/1112 1112/1113/1113 937/1095/1095
f 937/1095/1095 1112/1113/1113 1113/1114/1114 938/1096/1096
f 938/1096/1096 1113/1114/1114 1114/1097/1097 939/873/873
f 960/885/885 959/887/887 1115/1115/1115 1108/1109/1109
f 1108/1109/1109 1115/1115/1115 1116/1116/1116 1109/1110/1110
f 1109/1110/1110 1116/1116/1116 1117/1117/1117 1110/1111/1111
f 1110/1111/1111 1117/1117/1117 1118/1118/1118 1111/1112/1112
f 1111/1112/1112 1118/1118/1118 1119/1119/1119 1112/1113/1113
f 1112/1113/1113 1119/1119/1119 1120/1120/1120 1113/1114/1114
f 1113/1114/1114 1120/1120/1120 1121/1099/1099 1114/1097/1097
f 959/887/887 958/889/889 1122/1121/1121 1115/1115/1115
f 1115/1115/1115 1122/1121/1121 1123/1122/1122 1116/1116/1116
f 1116/1116/1116 1123/1122/1122 1124/1123/1123 1117/1117/1117
f 1117/1117/1117 1124/1123/1123 1125/1124/1124 1118/1118/1118
f 1118/1118/1118 1125/1124/1124 1126/1125/1125 1119/1119/1119
f 1119/1119/1119 1126/1125/1125 1127/1126/1126 1120/1120/1120
f 1120/1120/1120 1127/1126/1126 1128/1101/1101 1121/1099/1099
f 958/889/889 957/891/891 1129/1127/1127 1122/1121/1121
f 1122/1121/1121 1129/1127/1127 1130/1128/1128 1123/1122/1122
f 1123/1122/1122 1130/1128/1128 1131/1129/1129 1124/1123/1123
f 1124/1123/1123 1131/1129/1129 1132/1130/1130 1125/1124/1124
f 1125/1124/1124 1132/1130/1130 1133/1131/1131 1126/1125/1125
f 1126/1125/1125 1133/1131/1131 1134/1132/1132 1127/1126/1126
f 1127/1126/1126 1134/1132/1132 1135/1103/1103 1128/1101/1101
f 957/891/891 956/893/893 1136/1133/1133 1129/1127/1127
f 1129/1127/1127 1136/1133/1133 1137/1134/1134 1130/1128/1128
f 1130/1128/1128 1137/1134/1134 1138/1135/1135 1131/1129/1129
f 1131/1129/1129 1138/1135/1135 1139/1136/1136 1132/1130/1130
f 1132/1130/1130 1139/1136/1136 1140/1137/1137 1133/1131/1131
f 1133/1131/1131 1140/1137/1137 1141/1138/1138 1134/1132/1132
f 1134/1132/1132 1141/1138/1138 1142/1105/1105 1135/1103/1103
f 956/893/893 955/895/895 1143/1139/1139 1136/1133/1133
f 1136/1133/1133 1143/1139/1139 1144/1140/1140 1137/1134/1134
f 1137/1134/1134 1144/1140/1140 1145/1141/1141 1138/1135/1135
f 1138/1135/1135 1145/1141/1141 1146/1142/1142 1139/1136/1136
f 1139/1136/1136 1146/1142/1142 1147/1143/1143 1140/1137/1137
f 1140/1137/1137 1147/1143/1143 1148/1144/1144 1141/1138/1138
f 1141/1138/1138 1148/1144/1144 1149/1107/1107 1142/1105/1105
f 955/895/895 954/883/883 1150/1145/1145 1143/1139/1139
f 1143/1139/1139 1150/1145/1145 1151/1146/1146 1144/1140/1140
f 1144/1140/1140 1151/1146/1146 1152/1147/1147 1145/1141/1141
f 1145/1141/1141 1152/1147/1147 1153/1148/1148 1146/1142/1142
f 1146/1142/1142 1153/1148/1148 1154/1149/1149 1147/1143/1143
f 1147/1143/1143 1154/1149/1149 1155/1150/1150 1148/1144/1144
f 1148/1144/1144 1155/1150/1150 1156/868/868 1149/1107/1107
f 954/883/883 874/882/882 891/1151/1151 1150/1145/1145
f 1150/1145/1145 891/1151/1151 892/1152/1152 1151/1146/1146
f 1151/1146/1146 892/1152/1152 893/1153/1153 1152/1147/1147
f 1152/1147/1147 893/1153/1153 894/1154/1154 1153/1148/1148
f 1153/1148/1148 894/1154/1154 895/1155/1155 1154/1149/1149
f 1154/1149/1149 895/1155/1155 896/1156/1156 1155/1150/1150
f 1155/1150/1150 896/1156/1156 897/869/869 1156/868/868
